[257月2026 13:11:39.517] [main/INFO] [cpw.mods.modlauncher.Launcher/MODLAUNCHER]: ModLauncher running: args [--launchTarget, forgeclientdev, --version, 21.1.236, --assetIndex, 17, --assetsDir, /Users/wangziyang/.gradle/caches/neoformruntime/assets, --gameDir, ., --fml.fmlVersion, 4.0.43, --fml.mcVersion, 1.21.1, --fml.neoForgeVersion, 21.1.236, --fml.neoFormVersion, 20240808.144430]
[257月2026 13:11:39.518] [main/INFO] [cpw.mods.modlauncher.Launcher/MODLAUNCHER]: JVM identified as Eclipse Adoptium OpenJDK 64-Bit Server VM 21.0.10+7-LTS
[257月2026 13:11:39.519] [main/INFO] [cpw.mods.modlauncher.Launcher/MODLAUNCHER]: ModLauncher 11.0.5+main.901c6ea8 starting: java version 21.0.10 by Eclipse Adoptium; OS Mac OS X arch aarch64 version 26.3.1
[257月2026 13:11:39.527] [main/DEBUG] [cpw.mods.modlauncher.LaunchServiceHandler/MODLAUNCHER]: Found launch services [minecraft,forgeclient,forgedatauserdev,testharness,forgeserverdev,forgeserveruserdev,forgejunitdev,forgeclientdev,forgeclientuserdev,forgeserver,forgejunituserdev,forgedatadev]
[257月2026 13:11:39.537] [main/DEBUG] [cpw.mods.modlauncher.LaunchPluginHandler/MODLAUNCHER]: Found launch plugins: [mixin,slf4jfixer,runtime_enum_extender,accesstransformer,runtimedistcleaner]
[257月2026 13:11:39.541] [main/DEBUG] [cpw.mods.modlauncher.TransformationServicesHandler/MODLAUNCHER]: Discovering transformation services
[257月2026 13:11:39.543] [main/DEBUG] [net.neoforged.fml.loading.FMLPaths/CORE]: Path GAMEDIR is /Users/wangziyang/Downloads/Neoday_re/endofday_re/run
[257月2026 13:11:39.543] [main/DEBUG] [net.neoforged.fml.loading.FMLPaths/CORE]: Path MODSDIR is /Users/wangziyang/Downloads/Neoday_re/endofday_re/run/mods
[257月2026 13:11:39.543] [main/DEBUG] [net.neoforged.fml.loading.FMLPaths/CORE]: Path CONFIGDIR is /Users/wangziyang/Downloads/Neoday_re/endofday_re/run/config
[257月2026 13:11:39.543] [main/DEBUG] [net.neoforged.fml.loading.FMLPaths/CORE]: Path FMLCONFIG is /Users/wangziyang/Downloads/Neoday_re/endofday_re/run/config/fml.toml
[257月2026 13:11:39.564] [main/DEBUG] [net.neoforged.fml.loading.targets.CommonLaunchHandler/CORE]: Got mod coordinates Neoday_re%%/Users/wangziyang/Downloads/Neoday_re/endofday_re/build/classes/java/main:Neoday_re%%/Users/wangziyang/Downloads/Neoday_re/endofday_re/build/resources/main from env
[257月2026 13:11:39.564] [main/DEBUG] [net.neoforged.fml.loading.targets.CommonLaunchHandler/CORE]: Found supplied mod coordinates [{Neoday_re=[/Users/wangziyang/Downloads/Neoday_re/endofday_re/build/classes/java/main, /Users/wangziyang/Downloads/Neoday_re/endofday_re/build/resources/main]}]
[257月2026 13:11:39.565] [main/DEBUG] [cpw.mods.modlauncher.TransformationServicesHandler/MODLAUNCHER]: Found additional transformation services from discovery services: [/Users/wangziyang/Downloads/Neoday_re/endofday_re/run/mods/sodium-neoforge-0.8.12+mc1.21.1.jar]
[257月2026 13:11:39.569] [main/DEBUG] [net.neoforged.fml.loading.ImmediateWindowHandler/]: Invoking bootstrap method sodium
[257月2026 13:11:39.571] [main/INFO] [Sodium-GraphicsAdapterProbe/]: Searching for graphics cards...
[257月2026 13:11:39.572] [main/INFO] [net.neoforged.fml.loading.ImmediateWindowHandler/]: Loading ImmediateWindowProvider fmlearlywindow
[257月2026 13:11:39.737] [main/INFO] [EARLYDISPLAY/]: Trying GL version 4.6
[257月2026 13:11:39.799] [main/INFO] [EARLYDISPLAY/]: Trying GL version 4.5
[257月2026 13:11:39.809] [main/INFO] [EARLYDISPLAY/]: Trying GL version 4.4
[257月2026 13:11:39.818] [main/INFO] [EARLYDISPLAY/]: Trying GL version 4.3
[257月2026 13:11:39.826] [main/INFO] [EARLYDISPLAY/]: Trying GL version 4.2
[257月2026 13:11:39.833] [main/INFO] [EARLYDISPLAY/]: Trying GL version 4.1
[257月2026 13:11:39.859] [main/INFO] [EARLYDISPLAY/]: Requested GL version 4.1 got version 4.1
[257月2026 13:11:39.879] [main/DEBUG] [EARLYDISPLAY/]: Suppressing GLFW icon error: [0x1000C]Cocoa: Regular windows do not have icons on macOS
[257月2026 13:11:39.951] [main/DEBUG] [cpw.mods.modlauncher.TransformationServicesHandler/MODLAUNCHER]: Found transformer services : [mixin,fml]
[257月2026 13:11:39.951] [main/DEBUG] [cpw.mods.modlauncher.TransformationServicesHandler/MODLAUNCHER]: Transformation services loading
[257月2026 13:11:39.951] [main/DEBUG] [cpw.mods.modlauncher.TransformationServiceDecorator/MODLAUNCHER]: Loading service mixin
[257月2026 13:11:39.951] [main/DEBUG] [cpw.mods.modlauncher.TransformationServiceDecorator/MODLAUNCHER]: Loaded service mixin
[257月2026 13:11:39.951] [main/DEBUG] [cpw.mods.modlauncher.TransformationServiceDecorator/MODLAUNCHER]: Loading service fml
[257月2026 13:11:39.952] [main/DEBUG] [net.neoforged.fml.loading.FMLLoader/CORE]: FML 4.0.43 loading
[257月2026 13:11:39.952] [main/DEBUG] [net.neoforged.fml.loading.FMLLoader/CORE]: FML found ModLauncher version : 11.0.5+main.901c6ea8
[257月2026 13:11:39.952] [main/DEBUG] [net.neoforged.fml.loading.FMLLoader/CORE]: FML found AccessTransformer version : 10.0.1+139da711
[257月2026 13:11:39.952] [main/DEBUG] [net.neoforged.fml.loading.FMLLoader/CORE]: FML found EventBus version : null
[257月2026 13:11:39.952] [main/DEBUG] [net.neoforged.fml.loading.FMLLoader/CORE]: Found Runtime Dist Cleaner
[257月2026 13:11:39.952] [main/DEBUG] [cpw.mods.modlauncher.TransformationServiceDecorator/MODLAUNCHER]: Loaded service fml
[257月2026 13:11:39.953] [main/DEBUG] [cpw.mods.modlauncher.TransformationServicesHandler/MODLAUNCHER]: Configuring option handling for services
[257月2026 13:11:39.960] [main/DEBUG] [net.neoforged.fml.loading.FMLServiceProvider/CORE]: Received command line version data  : VersionInfo[neoForgeVersion=21.1.236, fmlVersion=4.0.43, mcVersion=1.21.1, neoFormVersion=20240808.144430]
[257月2026 13:11:39.961] [main/DEBUG] [cpw.mods.modlauncher.TransformationServicesHandler/MODLAUNCHER]: Transformation services initializing
[257月2026 13:11:39.961] [main/DEBUG] [cpw.mods.modlauncher.TransformationServiceDecorator/MODLAUNCHER]: Initializing transformation service mixin
[257月2026 13:11:39.968] [main/DEBUG] [mixin/]: MixinService [ModLauncher] was successfully booted in cpw.mods.cl.ModuleClassLoader@66d1af89
[257月2026 13:11:39.974] [main/INFO] [mixin/]: SpongePowered MIXIN Subsystem Version=0.8.7 Source=union:/Users/wangziyang/.gradle/caches/modules-2/files-2.1/net.fabricmc/sponge-mixin/0.15.2+mixin.0.8.7/2af2f021d8e02a0220dc27a7a72b4666d66d44ca/sponge-mixin-0.15.2+mixin.0.8.7.jar%23132!/ Service=ModLauncher Env=CLIENT
[257月2026 13:11:40.007] [main/DEBUG] [mixin/]: Initialising Mixin Platform Manager
[257月2026 13:11:40.007] [main/DEBUG] [mixin/]: Adding mixin platform agents for container ModLauncher Root Container(ModLauncher:4f56a0a2)
[257月2026 13:11:40.007] [main/DEBUG] [mixin/]: Instancing new MixinPlatformAgentMinecraftForge for ModLauncher Root Container(ModLauncher:4f56a0a2)
[257月2026 13:11:40.008] [main/DEBUG] [mixin/]: MixinPlatformAgentMinecraftForge rejected container ModLauncher Root Container(ModLauncher:4f56a0a2)
[257月2026 13:11:40.008] [main/DEBUG] [mixin/]: Instancing new MixinPlatformAgentDefault for ModLauncher Root Container(ModLauncher:4f56a0a2)
[257月2026 13:11:40.008] [main/DEBUG] [mixin/]: MixinPlatformAgentDefault accepted container ModLauncher Root Container(ModLauncher:4f56a0a2)
[257月2026 13:11:40.009] [main/DEBUG] [cpw.mods.modlauncher.TransformationServiceDecorator/MODLAUNCHER]: Initialized transformation service mixin
[257月2026 13:11:40.009] [main/DEBUG] [cpw.mods.modlauncher.TransformationServiceDecorator/MODLAUNCHER]: Initializing transformation service fml
[257月2026 13:11:40.009] [main/DEBUG] [net.neoforged.fml.loading.FMLServiceProvider/CORE]: Setting up basic FML game directories
[257月2026 13:11:40.009] [main/DEBUG] [net.neoforged.fml.loading.FMLPaths/CORE]: Path GAMEDIR is /Users/wangziyang/Downloads/Neoday_re/endofday_re/run
[257月2026 13:11:40.009] [main/DEBUG] [net.neoforged.fml.loading.FMLPaths/CORE]: Path MODSDIR is /Users/wangziyang/Downloads/Neoday_re/endofday_re/run/mods
[257月2026 13:11:40.009] [main/DEBUG] [net.neoforged.fml.loading.FMLPaths/CORE]: Path CONFIGDIR is /Users/wangziyang/Downloads/Neoday_re/endofday_re/run/config
[257月2026 13:11:40.009] [main/DEBUG] [net.neoforged.fml.loading.FMLPaths/CORE]: Path FMLCONFIG is /Users/wangziyang/Downloads/Neoday_re/endofday_re/run/config/fml.toml
[257月2026 13:11:40.009] [main/DEBUG] [net.neoforged.fml.loading.FMLServiceProvider/CORE]: Loading configuration
[257月2026 13:11:40.011] [main/DEBUG] [net.neoforged.fml.loading.FMLServiceProvider/CORE]: Preparing launch handler
[257月2026 13:11:40.012] [main/DEBUG] [net.neoforged.fml.loading.FMLLoader/CORE]: Using forgeclientdev as launch service
[257月2026 13:11:40.014] [main/DEBUG] [cpw.mods.modlauncher.TransformationServiceDecorator/MODLAUNCHER]: Initialized transformation service fml
[257月2026 13:11:40.014] [main/DEBUG] [cpw.mods.modlauncher.TransformationServicesHandler/MODLAUNCHER]: Transformation services begin scanning
[257月2026 13:11:40.014] [main/DEBUG] [cpw.mods.modlauncher.TransformationServiceDecorator/MODLAUNCHER]: Beginning scan trigger - transformation service mixin
[257月2026 13:11:40.015] [main/DEBUG] [cpw.mods.modlauncher.TransformationServiceDecorator/MODLAUNCHER]: End scan trigger - transformation service mixin
[257月2026 13:11:40.015] [main/DEBUG] [cpw.mods.modlauncher.TransformationServiceDecorator/MODLAUNCHER]: Beginning scan trigger - transformation service fml
[257月2026 13:11:40.015] [main/DEBUG] [net.neoforged.fml.loading.FMLServiceProvider/CORE]: Initiating mod scan
[257月2026 13:11:40.015] [main/DEBUG] [net.neoforged.fml.loading.targets.CommonLaunchHandler/CORE]: Got mod coordinates Neoday_re%%/Users/wangziyang/Downloads/Neoday_re/endofday_re/build/classes/java/main:Neoday_re%%/Users/wangziyang/Downloads/Neoday_re/endofday_re/build/resources/main from env
[257月2026 13:11:40.015] [main/DEBUG] [net.neoforged.fml.loading.targets.CommonLaunchHandler/CORE]: Found supplied mod coordinates [{Neoday_re=[/Users/wangziyang/Downloads/Neoday_re/endofday_re/build/classes/java/main, /Users/wangziyang/Downloads/Neoday_re/endofday_re/build/resources/main]}]
[257月2026 13:11:40.016] [main/DEBUG] [net.neoforged.fml.loading.targets.CommonDevLaunchHandler/]: Launching with NeoForge from /Users/wangziyang/Downloads/Neoday_re/endofday_re/build/moddev/artifacts/neoforge-21.1.236.jar
[257月2026 13:11:40.024] [main/DEBUG] [net.neoforged.fml.util.ServiceLoaderUtil/CORE]: Found 5 implementations of IModFileCandidateLocator:
[257月2026 13:11:40.024] [main/DEBUG] [net.neoforged.fml.util.ServiceLoaderUtil/CORE]: 	       0 - [built-in] net.neoforged.fml.loading.moddiscovery.locators.NeoForgeDevProvider from loader-4.0.43.jar
[257月2026 13:11:40.025] [main/DEBUG] [net.neoforged.fml.util.ServiceLoaderUtil/CORE]: 	       0 - net.caffeinemc.mods.sodium.service.SodiumServiceModLocator from sodium-neoforge-0.8.12+mc1.21.1.jar
[257月2026 13:11:40.025] [main/DEBUG] [net.neoforged.fml.util.ServiceLoaderUtil/CORE]: 	       0 - net.neoforged.fml.loading.moddiscovery.locators.ModsFolderLocator from loader-4.0.43.jar
[257月2026 13:11:40.025] [main/DEBUG] [net.neoforged.fml.util.ServiceLoaderUtil/CORE]: 	       0 - net.neoforged.fml.loading.moddiscovery.locators.MavenDirectoryLocator from loader-4.0.43.jar
[257月2026 13:11:40.025] [main/DEBUG] [net.neoforged.fml.util.ServiceLoaderUtil/CORE]: 	   -1000 - [built-in] net.neoforged.fml.loading.moddiscovery.locators.UserdevLocator from loader-4.0.43.jar
[257月2026 13:11:40.026] [main/DEBUG] [net.neoforged.fml.util.ServiceLoaderUtil/CORE]: Found 2 implementations of IModFileReader:
[257月2026 13:11:40.026] [main/DEBUG] [net.neoforged.fml.util.ServiceLoaderUtil/CORE]: 	       0 - net.neoforged.fml.loading.moddiscovery.readers.JarModsDotTomlModFileReader from loader-4.0.43.jar
[257月2026 13:11:40.026] [main/DEBUG] [net.neoforged.fml.util.ServiceLoaderUtil/CORE]: 	   -1000 - net.neoforged.fml.loading.moddiscovery.readers.NestedLibraryModReader from loader-4.0.43.jar
[257月2026 13:11:40.026] [main/DEBUG] [net.neoforged.fml.util.ServiceLoaderUtil/CORE]: Found 1 implementations of IDependencyLocator:
[257月2026 13:11:40.026] [main/DEBUG] [net.neoforged.fml.util.ServiceLoaderUtil/CORE]: 	       0 - net.neoforged.fml.loading.moddiscovery.locators.JarInJarDependencyLocator from loader-4.0.43.jar
[257月2026 13:11:40.050] [main/DEBUG] [net.neoforged.fml.loading.moddiscovery.ModFileInfo/LOADING]: Found valid mod file neoforge-21.1.236.jar with {minecraft} mods - versions {1.21.1}
[257月2026 13:11:40.054] [main/DEBUG] [net.neoforged.fml.loading.moddiscovery.ModFileParser/LOADING]: Considering mod file candidate /Users/wangziyang/Downloads/Neoday_re/endofday_re/build/moddev/artifacts/neoforge-21.1.236.jar
[257月2026 13:11:40.062] [main/DEBUG] [net.neoforged.fml.loading.moddiscovery.ModFileInfo/LOADING]: Found valid mod file neoforge-21.1.236.jar with {neoforge} mods - versions {21.1.236}
[257月2026 13:11:40.078] [main/DEBUG] [net.neoforged.fml.loading.moddiscovery.ModFileParser/LOADING]: Considering mod file candidate 
[257月2026 13:11:40.081] [main/DEBUG] [net.neoforged.fml.loading.moddiscovery.ModFileInfo/LOADING]: Found valid mod file net.caffeinemc.sodium-neoforge-0.8.12+mc1.21.1-mod.jar with {sodium} mods - versions {0.8.12+mc1.21.1}
[257月2026 13:11:40.081] [pool-2-thread-1/INFO] [EARLYDISPLAY/]: GL info: Apple M4 GL version 4.1 Metal - 90.5, Apple
[257月2026 13:11:40.082] [main/DEBUG] [net.neoforged.fml.loading.moddiscovery.ModFileParser/LOADING]: Considering mod file candidate 
[257月2026 13:11:40.086] [main/DEBUG] [net.neoforged.fml.loading.moddiscovery.ModFileInfo/LOADING]: Found valid mod file fabric-rendering-data-attachment-v1-0.3.48+73761d2e19.jar with {fabric_rendering_data_attachment_v1} mods - versions {0.3.48+73761d2e19}
[257月2026 13:11:40.087] [main/DEBUG] [net.neoforged.fml.loading.moddiscovery.ModFileParser/LOADING]: Considering mod file candidate 
[257月2026 13:11:40.089] [main/DEBUG] [net.neoforged.fml.loading.moddiscovery.ModFileInfo/LOADING]: Found valid mod file fabric-renderer-api-v1-3.4.1+9125b6dc19.jar with {fabric_renderer_api_v1} mods - versions {3.4.1+9125b6dc19}
[257月2026 13:11:40.089] [main/DEBUG] [net.neoforged.fml.loading.moddiscovery.ModFileParser/LOADING]: Considering mod file candidate 
[257月2026 13:11:40.090] [main/DEBUG] [net.neoforged.fml.loading.moddiscovery.ModFileInfo/LOADING]: Found valid mod file fabric-block-view-api-v2-1.0.10+9afaaf8c19.jar with {fabric_block_view_api_v2} mods - versions {1.0.10+9afaaf8c19}
[257月2026 13:11:40.091] [main/DEBUG] [net.neoforged.fml.loading.moddiscovery.ModFileParser/LOADING]: Considering mod file candidate 
[257月2026 13:11:40.092] [main/DEBUG] [net.neoforged.fml.loading.moddiscovery.ModFileInfo/LOADING]: Found valid mod file fabric-api-base-0.4.42+d1308ded19.jar with {fabric_api_base} mods - versions {0.4.42+d1308ded19}
[257月2026 13:11:40.094] [main/DEBUG] [net.neoforged.fml.loading.moddiscovery.ModFileParser/LOADING]: Considering mod file candidate /Users/wangziyang/Downloads/Neoday_re/endofday_re/run/mods/[JEI物品管理器] jei-1.21.1-neoforge-19.27.0.340.jar
[257月2026 13:11:40.096] [main/DEBUG] [net.neoforged.fml.loading.moddiscovery.ModFileInfo/LOADING]: Found valid mod file [JEI物品管理器] jei-1.21.1-neoforge-19.27.0.340.jar with {jei} mods - versions {19.27.0.340}
[257月2026 13:11:40.097] [main/DEBUG] [net.neoforged.fml.loading.moddiscovery.ModFileParser/LOADING]: Considering mod file candidate /Users/wangziyang/Downloads/Neoday_re/endofday_re/run/mods/[玉 🔍] Jade-1.21.1-NeoForge-15.10.5.jar
[257月2026 13:11:40.098] [main/DEBUG] [net.neoforged.fml.loading.moddiscovery.ModFileInfo/LOADING]: Found valid mod file [玉 🔍] Jade-1.21.1-NeoForge-15.10.5.jar with {jade} mods - versions {15.10.5+neoforge}
[257月2026 13:11:40.098] [main/DEBUG] [net.neoforged.fml.loading.moddiscovery.ModFileParser/LOADING]: Considering mod file candidate /Users/wangziyang/Downloads/Neoday_re/endofday_re/run/mods/AvaritiaNeo-1.21-1.3.1.jar
[257月2026 13:11:40.100] [main/DEBUG] [net.neoforged.fml.loading.moddiscovery.ModFileInfo/LOADING]: Found valid mod file AvaritiaNeo-1.21-1.3.1.jar with {avaritia} mods - versions {1.3.1}
[257月2026 13:11:40.101] [main/DEBUG] [net.neoforged.fml.loading.moddiscovery.ModFileParser/LOADING]: Considering mod file candidate /Users/wangziyang/Downloads/Neoday_re/endofday_re/run/mods/iris-neoforge-1.8.14-beta.1+mc1.21.1.jar
[257月2026 13:11:40.102] [main/DEBUG] [net.neoforged.fml.loading.moddiscovery.ModFileInfo/LOADING]: Found valid mod file iris-neoforge-1.8.14-beta.1+mc1.21.1.jar with {iris} mods - versions {1.8.14-beta.1+mc1.21.1}
[257月2026 13:11:40.102] [main/DEBUG] [net.neoforged.fml.loading.moddiscovery.ModDiscoverer/]: Skipping /Users/wangziyang/Downloads/Neoday_re/endofday_re/run/mods/sodium-neoforge-0.8.12+mc1.21.1.jar because it was already located earlier
[257月2026 13:11:40.103] [main/DEBUG] [net.neoforged.fml.loading.moddiscovery.ModListHandler/CORE]: Found mod coordinates from lists: []
[257月2026 13:11:40.104] [main/DEBUG] [net.neoforged.fml.loading.moddiscovery.ModFileParser/LOADING]: Considering mod file candidate /Users/wangziyang/Downloads/Neoday_re/endofday_re/build/classes/java/main
[257月2026 13:11:40.105] [main/ERROR] [net.neoforged.fml.loading.moddiscovery.ModInfo/FATAL]: Invalid modId found in file /Users/wangziyang/Downloads/Neoday_re/endofday_re/build/classes/java/main - Neoday_re does not match the standard: ^[a-z][a-z0-9_]{1,63}$
[257月2026 13:11:40.110] [main/DEBUG] [net.neoforged.fml.loading.moddiscovery.ModFileParser/LOADING]: Considering mod file candidate /Users/wangziyang/Downloads/Neoday_re/endofday_re/build/moddev/artifacts/neoforge-21.1.236.jar
[257月2026 13:11:40.111] [main/DEBUG] [net.neoforged.fml.loading.moddiscovery.ModFileInfo/LOADING]: Found valid mod file neoforge-21.1.236.jar with {neoforge} mods - versions {21.1.236}
[257月2026 13:11:40.112] [main/DEBUG] [net.neoforged.fml.loading.moddiscovery.ModFileParser/LOADING]: Considering mod file candidate /Users/wangziyang/.gradle/caches/modules-2/files-2.1/curse.maven/cloth-config-348521/5729127/c3e5733ba4503b102589a026000fd5ce0212f6f2/cloth-config-348521-5729127.jar
[257月2026 13:11:40.112] [main/DEBUG] [net.neoforged.fml.loading.moddiscovery.ModFileInfo/LOADING]: Found valid mod file cloth-config-348521-5729127.jar with {cloth_config} mods - versions {15.0.140}
[257月2026 13:11:40.114] [main/DEBUG] [net.neoforged.fml.loading.moddiscovery.ModFileParser/LOADING]: Considering mod file candidate /Users/wangziyang/.gradle/caches/modules-2/files-2.1/curse.maven/tacz-1-21-1-1353462/7374584/c61425881ac0f69f45a6cef4a757408214ec699/tacz-1-21-1-1353462-7374584.jar
[257月2026 13:11:40.115] [main/DEBUG] [net.neoforged.fml.loading.moddiscovery.ModFileInfo/LOADING]: Found valid mod file tacz-1-21-1-1353462-7374584.jar with {tacz} mods - versions {1.1.7-r2}
[257月2026 13:11:40.117] [main/DEBUG] [net.neoforged.fml.loading.moddiscovery.ModDiscoverer/]: Skipping /Users/wangziyang/.gradle/caches/modules-2/files-2.1/net.neoforged.fancymodloader/earlydisplay/4.0.43/3a941fcf258b5a7dde0445377a7206a55d11630d/earlydisplay-4.0.43.jar because it was already located earlier
[257月2026 13:11:40.117] [main/DEBUG] [net.neoforged.fml.loading.moddiscovery.ModDiscoverer/]: Skipping /Users/wangziyang/.gradle/caches/modules-2/files-2.1/net.neoforged.fancymodloader/loader/4.0.43/fb10b7bf2f568a9676ad8b426b19c23badbbd98a/loader-4.0.43.jar because it was already located earlier
[257月2026 13:11:40.118] [main/DEBUG] [net.neoforged.fml.loading.moddiscovery.ModDiscoverer/]: Skipping /Users/wangziyang/.gradle/caches/modules-2/files-2.1/net.neoforged.accesstransformers/at-modlauncher/10.0.1/5aba50202aceead086bc09fbc2751c9f05cb4890/at-modlauncher-10.0.1.jar because it was already located earlier
[257月2026 13:11:40.118] [main/DEBUG] [net.neoforged.fml.loading.moddiscovery.ModDiscoverer/]: Skipping /Users/wangziyang/.gradle/caches/modules-2/files-2.1/net.neoforged/accesstransformers/10.0.1/fd83b5725f76eae9115e9355fa1c456a6a441400/accesstransformers-10.0.1.jar because it was already located earlier
[257月2026 13:11:40.118] [main/DEBUG] [net.neoforged.fml.loading.moddiscovery.ModDiscoverer/]: Skipping /Users/wangziyang/.gradle/caches/modules-2/files-2.1/net.neoforged/bus/8.0.5/5b2d33285ab5d1554e9798ad98c40d6ea3868bd5/bus-8.0.5.jar because it was already located earlier
[257月2026 13:11:40.118] [main/DEBUG] [net.neoforged.fml.loading.moddiscovery.ModDiscoverer/]: Skipping /Users/wangziyang/.gradle/caches/modules-2/files-2.1/net.neoforged/coremods/7.0.3/9147e6f638b4272b3bd5fc8f92ad37802512c6c/coremods-7.0.3.jar because it was already located earlier
[257月2026 13:11:40.118] [main/DEBUG] [net.neoforged.fml.loading.moddiscovery.ModDiscoverer/]: Skipping /Users/wangziyang/.gradle/caches/modules-2/files-2.1/cpw.mods/modlauncher/11.0.5/b8f0d49294f733fdb6173931b263553e943dc950/modlauncher-11.0.5.jar because it was already located earlier
[257月2026 13:11:40.118] [main/DEBUG] [net.neoforged.fml.loading.moddiscovery.ModDiscoverer/]: Skipping /Users/wangziyang/.gradle/caches/modules-2/files-2.1/net.neoforged/mergetool/2.0.0/52fe1949be64e3303aabaaa21e315f551db9c9f4/mergetool-2.0.0-api.jar because it was already located earlier
[257月2026 13:11:40.118] [main/DEBUG] [net.neoforged.fml.loading.moddiscovery.ModDiscoverer/]: Skipping /Users/wangziyang/.gradle/caches/modules-2/files-2.1/com.electronwill.night-config/toml/3.8.3/90b2fd6efcb4a7d5b9810cf78f9d824994d717f2/toml-3.8.3.jar because it was already located earlier
[257月2026 13:11:40.118] [main/DEBUG] [net.neoforged.fml.loading.moddiscovery.ModDiscoverer/]: Skipping /Users/wangziyang/.gradle/caches/modules-2/files-2.1/com.electronwill.night-config/core/3.8.3/b442a95f09e349927f5a945ecb594455870fcf4f/core-3.8.3.jar because it was already located earlier
[257月2026 13:11:40.118] [main/DEBUG] [net.neoforged.fml.loading.moddiscovery.ModDiscoverer/]: Skipping /Users/wangziyang/.gradle/caches/modules-2/files-2.1/net.neoforged/JarJarSelector/0.4.1/fb3cc7a58af22ad2880adb98af6d518128c47dae/JarJarSelector-0.4.1.jar because it was already located earlier
[257月2026 13:11:40.118] [main/DEBUG] [net.neoforged.fml.loading.moddiscovery.ModDiscoverer/]: Skipping /Users/wangziyang/.gradle/caches/modules-2/files-2.1/net.neoforged/JarJarMetadata/0.4.1/f8da03683dc81694556dc3e177c5e3bb77ae6fcb/JarJarMetadata-0.4.1.jar because it was already located earlier
[257月2026 13:11:40.118] [main/DEBUG] [net.neoforged.fml.loading.moddiscovery.ModDiscoverer/]: Skipping /Users/wangziyang/.gradle/caches/modules-2/files-2.1/org.apache.maven/maven-artifact/3.8.5/4433f50c07debefaed0553bd0068f4f48d449313/maven-artifact-3.8.5.jar because it was already located earlier
[257月2026 13:11:40.118] [main/DEBUG] [net.neoforged.fml.loading.moddiscovery.ModDiscoverer/]: Skipping /Users/wangziyang/.gradle/caches/modules-2/files-2.1/net.jodah/typetools/0.6.3/a01aaa6ddaea9ec07ec4f209487b7a46a526283a/typetools-0.6.3.jar because it was already located earlier
[257月2026 13:11:40.118] [main/DEBUG] [net.neoforged.fml.loading.moddiscovery.ModDiscoverer/]: Skipping /Users/wangziyang/.gradle/caches/modules-2/files-2.1/net.minecrell/terminalconsoleappender/1.3.0/b562e9bb61235c9520e26282cdee71f8f802d1fc/terminalconsoleappender-1.3.0.jar because it was already located earlier
[257月2026 13:11:40.118] [main/DEBUG] [net.neoforged.fml.loading.moddiscovery.ModDiscoverer/]: Skipping /Users/wangziyang/.gradle/caches/modules-2/files-2.1/net.fabricmc/sponge-mixin/0.15.2+mixin.0.8.7/2af2f021d8e02a0220dc27a7a72b4666d66d44ca/sponge-mixin-0.15.2+mixin.0.8.7.jar because it was already located earlier
[257月2026 13:11:40.118] [main/DEBUG] [net.neoforged.fml.loading.moddiscovery.ModDiscoverer/]: Skipping /Users/wangziyang/.gradle/caches/modules-2/files-2.1/org.openjdk.nashorn/nashorn-core/15.4/f67f5ffaa5f5130cf6fb9b133da00c7df3b532a5/nashorn-core-15.4.jar because it was already located earlier
[257月2026 13:11:40.118] [main/DEBUG] [net.neoforged.fml.loading.moddiscovery.ModDiscoverer/]: Skipping /Users/wangziyang/.gradle/caches/modules-2/files-2.1/org.apache.commons/commons-lang3/3.14.0/1ed471194b02f2c6cb734a0cd6f6f107c673afae/commons-lang3-3.14.0.jar because it was already located earlier
[257月2026 13:11:40.119] [main/DEBUG] [net.neoforged.fml.loading.moddiscovery.ModDiscoverer/]: Skipping /Users/wangziyang/.gradle/caches/modules-2/files-2.1/net.sf.jopt-simple/jopt-simple/5.0.4/4fdac2fbe92dfad86aa6e9301736f6b4342a3f5c/jopt-simple-5.0.4.jar because it was already located earlier
[257月2026 13:11:40.119] [main/DEBUG] [net.neoforged.fml.loading.moddiscovery.ModDiscoverer/]: Skipping /Users/wangziyang/.gradle/caches/modules-2/files-2.1/commons-io/commons-io/2.15.1/f11560da189ab563a5c8e351941415430e9304ea/commons-io-2.15.1.jar because it was already located earlier
[257月2026 13:11:40.119] [main/DEBUG] [net.neoforged.fml.loading.moddiscovery.ModDiscoverer/]: Skipping /Users/wangziyang/.gradle/caches/modules-2/files-2.1/com.mojang/logging/1.2.7/24cb95ffb0e3433fd6e844c04e68009e504ca1c0/logging-1.2.7.jar because it was already located earlier
[257月2026 13:11:40.119] [main/DEBUG] [net.neoforged.fml.loading.moddiscovery.ModDiscoverer/]: Skipping /Users/wangziyang/.gradle/caches/modules-2/files-2.1/org.apache.logging.log4j/log4j-slf4j2-impl/2.22.1/d7e6693c2606cb7e7335047d7bb96dec52db5665/log4j-slf4j2-impl-2.22.1.jar because it was already located earlier
[257月2026 13:11:40.119] [main/DEBUG] [net.neoforged.fml.loading.moddiscovery.ModDiscoverer/]: Skipping /Users/wangziyang/.gradle/caches/modules-2/files-2.1/org.apache.logging.log4j/log4j-core/2.22.1/7183a25510a02ad00cc6a95d3b3d2a7d3c5a8dc4/log4j-core-2.22.1.jar because it was already located earlier
[257月2026 13:11:40.119] [main/DEBUG] [net.neoforged.fml.loading.moddiscovery.ModDiscoverer/]: Skipping /Users/wangziyang/.gradle/caches/modules-2/files-2.1/org.apache.logging.log4j/log4j-api/2.22.1/bea6fede6328fabafd7e68363161a7ea6605abd1/log4j-api-2.22.1.jar because it was already located earlier
[257月2026 13:11:40.119] [main/DEBUG] [net.neoforged.fml.loading.moddiscovery.ModDiscoverer/]: Skipping /Users/wangziyang/.gradle/caches/modules-2/files-2.1/com.google.guava/guava/32.1.2-jre/5e64ec7e056456bef3a4bc4c6fdaef71e8ab6318/guava-32.1.2-jre.jar because it was already located earlier
[257月2026 13:11:40.119] [main/DEBUG] [net.neoforged.fml.loading.moddiscovery.ModDiscoverer/]: Skipping /Users/wangziyang/.gradle/caches/modules-2/files-2.1/com.google.code.gson/gson/2.10.1/b3add478d4382b78ea20b1671390a858002feb6c/gson-2.10.1.jar because it was already located earlier
[257月2026 13:11:40.119] [main/DEBUG] [net.neoforged.fml.loading.moddiscovery.ModDiscoverer/]: Skipping /Users/wangziyang/.gradle/caches/modules-2/files-2.1/org.slf4j/slf4j-api/2.0.9/7cf2726fdcfbc8610f9a71fb3ed639871f315340/slf4j-api-2.0.9.jar because it was already located earlier
[257月2026 13:11:40.119] [main/DEBUG] [net.neoforged.fml.loading.moddiscovery.ModDiscoverer/]: Skipping /Users/wangziyang/.gradle/caches/modules-2/files-2.1/org.antlr/antlr4-runtime/4.13.1/17125bae1d965624e265ef49552f6465a2bfa307/antlr4-runtime-4.13.1.jar because it was already located earlier
[257月2026 13:11:40.119] [main/DEBUG] [net.neoforged.fml.loading.moddiscovery.ModDiscoverer/]: Skipping /Users/wangziyang/.gradle/caches/modules-2/files-2.1/net.minecraftforge/srgutils/0.4.15/ca408b131759478f164e010fae0d73997e125fb5/srgutils-0.4.15.jar because it was already located earlier
[257月2026 13:11:40.119] [main/DEBUG] [net.neoforged.fml.loading.moddiscovery.ModDiscoverer/]: Skipping /Users/wangziyang/.gradle/caches/modules-2/files-2.1/org.codehaus.plexus/plexus-utils/3.3.0/cf43b5391de623b36fe066a21127baef82c64022/plexus-utils-3.3.0.jar because it was already located earlier
[257月2026 13:11:40.119] [main/DEBUG] [net.neoforged.fml.loading.moddiscovery.ModDiscoverer/]: Skipping /Users/wangziyang/.gradle/caches/modules-2/files-2.1/org.jline/jline-reader/3.20.0/8f15415b022a25b473e8e16c28ae913186ffb9c4/jline-reader-3.20.0.jar because it was already located earlier
[257月2026 13:11:40.124] [main/DEBUG] [net.neoforged.fml.loading.moddiscovery.ModDiscoverer/]: Skipping /Users/wangziyang/.gradle/caches/modules-2/files-2.1/com.machinezoo.noexception/noexception/1.7.1/b65330c98e38a1f915fa54a6e5eca496505e3f0a/noexception-1.7.1.jar because it was already located earlier
[257月2026 13:11:40.124] [main/DEBUG] [net.neoforged.fml.loading.moddiscovery.ModDiscoverer/]: Skipping /Users/wangziyang/.gradle/caches/modules-2/files-2.1/com.github.oshi/oshi-core/6.4.10/b1d8ab82d11d92fd639b56d639f8f46f739dd5fa/oshi-core-6.4.10.jar because it was already located earlier
[257月2026 13:11:40.124] [main/DEBUG] [net.neoforged.fml.loading.moddiscovery.ModDiscoverer/]: Skipping /Users/wangziyang/.gradle/caches/modules-2/files-2.1/com.google.guava/failureaccess/1.0.1/1dcf1de382a0bf95a3d8b0849546c88bac1292c9/failureaccess-1.0.1.jar because it was already located earlier
[257月2026 13:11:40.124] [main/DEBUG] [net.neoforged.fml.loading.moddiscovery.ModDiscoverer/]: Skipping /Users/wangziyang/.gradle/caches/modules-2/files-2.1/com.ibm.icu/icu4j/73.2/61ad4ef7f9131fcf6d25c34b817f90d6da06c9e9/icu4j-73.2.jar because it was already located earlier
[257月2026 13:11:40.124] [main/DEBUG] [net.neoforged.fml.loading.moddiscovery.ModDiscoverer/]: Skipping /Users/wangziyang/.gradle/caches/modules-2/files-2.1/com.mojang/authlib/6.0.54/de8bc95660e1b2fe8793fd427a7a10dcec5b3ea7/authlib-6.0.54.jar because it was already located earlier
[257月2026 13:11:40.124] [main/DEBUG] [net.neoforged.fml.loading.moddiscovery.ModDiscoverer/]: Skipping /Users/wangziyang/.gradle/caches/modules-2/files-2.1/com.mojang/blocklist/1.0.10/5c685c5ffa94c4cd39496c7184c1d122e515ecef/blocklist-1.0.10.jar because it was already located earlier
[257月2026 13:11:40.124] [main/DEBUG] [net.neoforged.fml.loading.moddiscovery.ModDiscoverer/]: Skipping /Users/wangziyang/.gradle/caches/modules-2/files-2.1/com.mojang/brigadier/1.3.10/d15b53a14cf20fdcaa98f731af5dda654452c010/brigadier-1.3.10.jar because it was already located earlier
[257月2026 13:11:40.124] [main/DEBUG] [net.neoforged.fml.loading.moddiscovery.ModDiscoverer/]: Skipping /Users/wangziyang/.gradle/caches/modules-2/files-2.1/com.mojang/datafixerupper/8.0.16/67d4de6d7f95d89bcf5862995fb854ebaec02a34/datafixerupper-8.0.16.jar because it was already located earlier
[257月2026 13:11:40.125] [main/DEBUG] [net.neoforged.fml.loading.moddiscovery.ModDiscoverer/]: Skipping /Users/wangziyang/.gradle/caches/modules-2/files-2.1/com.mojang/patchy/2.2.10/da05971b07cbb379d002cf7eaec6a2048211fefc/patchy-2.2.10.jar because it was already located earlier
[257月2026 13:11:40.125] [main/DEBUG] [net.neoforged.fml.loading.moddiscovery.ModDiscoverer/]: Skipping /Users/wangziyang/.gradle/caches/modules-2/files-2.1/com.mojang/text2speech/1.17.9/3cad216e3a7f0c19b4b394388bc9ffc446f13b14/text2speech-1.17.9.jar because it was already located earlier
[257月2026 13:11:40.125] [main/DEBUG] [net.neoforged.fml.loading.moddiscovery.ModDiscoverer/]: Skipping /Users/wangziyang/.gradle/caches/modules-2/files-2.1/commons-codec/commons-codec/1.16.0/4e3eb3d79888d76b54e28b350915b5dc3919c9de/commons-codec-1.16.0.jar because it was already located earlier
[257月2026 13:11:40.125] [main/DEBUG] [net.neoforged.fml.loading.moddiscovery.ModDiscoverer/]: Skipping /Users/wangziyang/.gradle/caches/modules-2/files-2.1/commons-logging/commons-logging/1.2/4bfc12adfe4842bf07b657f0369c4cb522955686/commons-logging-1.2.jar because it was already located earlier
[257月2026 13:11:40.125] [main/DEBUG] [net.neoforged.fml.loading.moddiscovery.ModDiscoverer/]: Skipping /Users/wangziyang/.gradle/caches/modules-2/files-2.1/io.netty/netty-buffer/4.1.97.Final/f8f3d8644afa5e6e1a40a3a6aeb9d9aa970ecb4f/netty-buffer-4.1.97.Final.jar because it was already located earlier
[257月2026 13:11:40.125] [main/DEBUG] [net.neoforged.fml.loading.moddiscovery.ModDiscoverer/]: Skipping /Users/wangziyang/.gradle/caches/modules-2/files-2.1/io.netty/netty-codec/4.1.97.Final/384ba4d75670befbedb45c4d3b497a93639c206d/netty-codec-4.1.97.Final.jar because it was already located earlier
[257月2026 13:11:40.125] [main/DEBUG] [net.neoforged.fml.loading.moddiscovery.ModDiscoverer/]: Skipping /Users/wangziyang/.gradle/caches/modules-2/files-2.1/io.netty/netty-common/4.1.97.Final/7cceacaf11df8dc63f23d0fb58e9d4640fc88404/netty-common-4.1.97.Final.jar because it was already located earlier
[257月2026 13:11:40.125] [main/DEBUG] [net.neoforged.fml.loading.moddiscovery.ModDiscoverer/]: Skipping /Users/wangziyang/.gradle/caches/modules-2/files-2.1/io.netty/netty-handler/4.1.97.Final/abb86c6906bf512bf2b797a41cd7d2e8d3cd7c36/netty-handler-4.1.97.Final.jar because it was already located earlier
[257月2026 13:11:40.125] [main/DEBUG] [net.neoforged.fml.loading.moddiscovery.ModDiscoverer/]: Skipping /Users/wangziyang/.gradle/caches/modules-2/files-2.1/io.netty/netty-resolver/4.1.97.Final/cec8348108dc76c47cf87c669d514be52c922144/netty-resolver-4.1.97.Final.jar because it was already located earlier
[257月2026 13:11:40.125] [main/DEBUG] [net.neoforged.fml.loading.moddiscovery.ModDiscoverer/]: Skipping /Users/wangziyang/.gradle/caches/modules-2/files-2.1/io.netty/netty-transport-classes-epoll/4.1.97.Final/795da37ded759e862457a82d9d92c4d39ce8ecee/netty-transport-classes-epoll-4.1.97.Final.jar because it was already located earlier
[257月2026 13:11:40.125] [main/DEBUG] [net.neoforged.fml.loading.moddiscovery.ModDiscoverer/]: Skipping /Users/wangziyang/.gradle/caches/modules-2/files-2.1/io.netty/netty-transport-native-unix-common/4.1.97.Final/d469d84265ab70095b01b40886cabdd433b6e664/netty-transport-native-unix-common-4.1.97.Final.jar because it was already located earlier
[257月2026 13:11:40.126] [main/DEBUG] [net.neoforged.fml.loading.moddiscovery.ModDiscoverer/]: Skipping /Users/wangziyang/.gradle/caches/modules-2/files-2.1/io.netty/netty-transport/4.1.97.Final/f37380d23c9bb079bc702910833b2fd532c9abd0/netty-transport-4.1.97.Final.jar because it was already located earlier
[257月2026 13:11:40.126] [main/DEBUG] [net.neoforged.fml.loading.moddiscovery.ModDiscoverer/]: Skipping /Users/wangziyang/.gradle/caches/modules-2/files-2.1/it.unimi.dsi/fastutil/8.5.12/c24946d46824bd528054bface3231d2ecb7e95e8/fastutil-8.5.12.jar because it was already located earlier
[257月2026 13:11:40.126] [main/DEBUG] [net.neoforged.fml.loading.moddiscovery.ModDiscoverer/]: Skipping /Users/wangziyang/.gradle/caches/modules-2/files-2.1/net.java.dev.jna/jna-platform/5.14.0/28934d48aed814f11e4c584da55c49fa7032b31b/jna-platform-5.14.0.jar because it was already located earlier
[257月2026 13:11:40.126] [main/DEBUG] [net.neoforged.fml.loading.moddiscovery.ModDiscoverer/]: Skipping /Users/wangziyang/.gradle/caches/modules-2/files-2.1/net.java.dev.jna/jna/5.14.0/67bf3eaea4f0718cb376a181a629e5f88fa1c9dd/jna-5.14.0.jar because it was already located earlier
[257月2026 13:11:40.126] [main/DEBUG] [net.neoforged.fml.loading.moddiscovery.ModDiscoverer/]: Skipping /Users/wangziyang/.gradle/caches/modules-2/files-2.1/org.apache.commons/commons-compress/1.26.0/659feffdd12280201c8aacb8f7be94f9a883c824/commons-compress-1.26.0.jar because it was already located earlier
[257月2026 13:11:40.126] [main/DEBUG] [net.neoforged.fml.loading.moddiscovery.ModDiscoverer/]: Skipping /Users/wangziyang/.gradle/caches/modules-2/files-2.1/org.apache.httpcomponents/httpclient/4.5.13/e5f6cae5ca7ecaac1ec2827a9e2d65ae2869cada/httpclient-4.5.13.jar because it was already located earlier
[257月2026 13:11:40.126] [main/DEBUG] [net.neoforged.fml.loading.moddiscovery.ModDiscoverer/]: Skipping /Users/wangziyang/.gradle/caches/modules-2/files-2.1/org.apache.httpcomponents/httpcore/4.4.16/51cf043c87253c9f58b539c9f7e44c8894223850/httpcore-4.4.16.jar because it was already located earlier
[257月2026 13:11:40.126] [main/DEBUG] [net.neoforged.fml.loading.moddiscovery.ModDiscoverer/]: Skipping /Users/wangziyang/.gradle/caches/modules-2/files-2.1/org.jcraft/jorbis/0.0.17/8872d22b293e8f5d7d56ff92be966e6dc28ebdc6/jorbis-0.0.17.jar because it was already located earlier
[257月2026 13:11:40.126] [main/DEBUG] [net.neoforged.fml.loading.moddiscovery.ModDiscoverer/]: Skipping /Users/wangziyang/.gradle/caches/modules-2/files-2.1/org.joml/joml/1.10.5/22566d58af70ad3d72308bab63b8339906deb649/joml-1.10.5.jar because it was already located earlier
[257月2026 13:11:40.126] [main/DEBUG] [net.neoforged.fml.loading.moddiscovery.ModDiscoverer/]: Skipping /Users/wangziyang/.gradle/caches/modules-2/files-2.1/org.lwjgl/lwjgl-freetype/3.3.3/a0db6c84a8becc8ca05f9dbfa985edc348a824c7/lwjgl-freetype-3.3.3.jar because it was already located earlier
[257月2026 13:11:40.127] [main/DEBUG] [net.neoforged.fml.loading.moddiscovery.ModDiscoverer/]: Skipping /Users/wangziyang/.gradle/caches/modules-2/files-2.1/org.lwjgl/lwjgl-freetype/3.3.3/b0a8c9baa9d1f54ac61e1ab9640c7659e7fa700c/lwjgl-freetype-3.3.3-natives-macos-arm64.jar because it was already located earlier
[257月2026 13:11:40.127] [main/DEBUG] [net.neoforged.fml.loading.moddiscovery.ModDiscoverer/]: Skipping /Users/wangziyang/.gradle/caches/modules-2/files-2.1/org.lwjgl/lwjgl-freetype/3.3.3/806d869f37ce0df388a24e17aaaf5ca0894d851b/lwjgl-freetype-3.3.3-natives-macos-patch.jar because it was already located earlier
[257月2026 13:11:40.127] [main/DEBUG] [net.neoforged.fml.loading.moddiscovery.ModDiscoverer/]: Skipping /Users/wangziyang/.gradle/caches/modules-2/files-2.1/org.lwjgl/lwjgl-glfw/3.3.3/efa1eb78c5ccd840e9f329717109b5e892d72f8e/lwjgl-glfw-3.3.3.jar because it was already located earlier
[257月2026 13:11:40.127] [main/DEBUG] [net.neoforged.fml.loading.moddiscovery.ModDiscoverer/]: Skipping /Users/wangziyang/.gradle/caches/modules-2/files-2.1/org.lwjgl/lwjgl-glfw/3.3.3/a1bf400f6bc64e6195596cb1430dafda46090751/lwjgl-glfw-3.3.3-natives-macos.jar because it was already located earlier
[257月2026 13:11:40.134] [main/DEBUG] [net.neoforged.fml.loading.moddiscovery.ModDiscoverer/]: Skipping /Users/wangziyang/.gradle/caches/modules-2/files-2.1/org.lwjgl/lwjgl-jemalloc/3.3.3/b543467b7ff3c6920539a88ee602d34098628be5/lwjgl-jemalloc-3.3.3.jar because it was already located earlier
[257月2026 13:11:40.134] [main/DEBUG] [net.neoforged.fml.loading.moddiscovery.ModDiscoverer/]: Skipping /Users/wangziyang/.gradle/caches/modules-2/files-2.1/org.lwjgl/lwjgl-jemalloc/3.3.3/2906637657a57579847238c9c72d2c4bde7083f8/lwjgl-jemalloc-3.3.3-natives-macos.jar because it was already located earlier
[257月2026 13:11:40.135] [main/DEBUG] [net.neoforged.fml.loading.moddiscovery.ModDiscoverer/]: Skipping /Users/wangziyang/.gradle/caches/modules-2/files-2.1/org.lwjgl/lwjgl-openal/3.3.3/daada81ceb5fc0c291fbfdd4433cb8d9423577f2/lwjgl-openal-3.3.3.jar because it was already located earlier
[257月2026 13:11:40.135] [main/DEBUG] [net.neoforged.fml.loading.moddiscovery.ModDiscoverer/]: Skipping /Users/wangziyang/.gradle/caches/modules-2/files-2.1/org.lwjgl/lwjgl-openal/3.3.3/8df8338bfa77f2ebabef4e58964bd04d24805cbf/lwjgl-openal-3.3.3-natives-macos.jar because it was already located earlier
[257月2026 13:11:40.135] [main/DEBUG] [net.neoforged.fml.loading.moddiscovery.ModDiscoverer/]: Skipping /Users/wangziyang/.gradle/caches/modules-2/files-2.1/org.lwjgl/lwjgl-opengl/3.3.3/2f6b0147078396a58979125a4c947664e98293a/lwjgl-opengl-3.3.3.jar because it was already located earlier
[257月2026 13:11:40.135] [main/DEBUG] [net.neoforged.fml.loading.moddiscovery.ModDiscoverer/]: Skipping /Users/wangziyang/.gradle/caches/modules-2/files-2.1/org.lwjgl/lwjgl-opengl/3.3.3/1bd45997551ae8a28469f3a2b678f4b7289e12c0/lwjgl-opengl-3.3.3-natives-macos.jar because it was already located earlier
[257月2026 13:11:40.136] [main/DEBUG] [net.neoforged.fml.loading.moddiscovery.ModDiscoverer/]: Skipping /Users/wangziyang/.gradle/caches/modules-2/files-2.1/org.lwjgl/lwjgl-stb/3.3.3/25dd6161988d7e65f71d5065c99902402ee32746/lwjgl-stb-3.3.3.jar because it was already located earlier
[257月2026 13:11:40.136] [main/DEBUG] [net.neoforged.fml.loading.moddiscovery.ModDiscoverer/]: Skipping /Users/wangziyang/.gradle/caches/modules-2/files-2.1/org.lwjgl/lwjgl-stb/3.3.3/472792c98fb2c1557c060cb9da5fca6a9773621f/lwjgl-stb-3.3.3-natives-macos.jar because it was already located earlier
[257月2026 13:11:40.138] [main/DEBUG] [net.neoforged.fml.loading.moddiscovery.ModDiscoverer/]: Skipping /Users/wangziyang/.gradle/caches/modules-2/files-2.1/org.lwjgl/lwjgl-tinyfd/3.3.3/82d755ca94b102e9ca77283b9e2dc46d1b15fbe5/lwjgl-tinyfd-3.3.3.jar because it was already located earlier
[257月2026 13:11:40.139] [main/DEBUG] [net.neoforged.fml.loading.moddiscovery.ModDiscoverer/]: Skipping /Users/wangziyang/.gradle/caches/modules-2/files-2.1/org.lwjgl/lwjgl-tinyfd/3.3.3/406feedb977372085a61eb0fee358183f4f4c67a/lwjgl-tinyfd-3.3.3-natives-macos-arm64.jar because it was already located earlier
[257月2026 13:11:40.139] [main/DEBUG] [net.neoforged.fml.loading.moddiscovery.ModDiscoverer/]: Skipping /Users/wangziyang/.gradle/caches/modules-2/files-2.1/org.lwjgl/lwjgl/3.3.3/29589b5f87ed335a6c7e7ee6a5775f81f97ecb84/lwjgl-3.3.3.jar because it was already located earlier
[257月2026 13:11:40.140] [main/DEBUG] [net.neoforged.fml.loading.moddiscovery.ModDiscoverer/]: Skipping /Users/wangziyang/.gradle/caches/modules-2/files-2.1/org.lwjgl/lwjgl/3.3.3/226246e75f6bd8d4e1895bdce8638ef87808d114/lwjgl-3.3.3-natives-macos-arm64.jar because it was already located earlier
[257月2026 13:11:40.140] [main/DEBUG] [net.neoforged.fml.loading.moddiscovery.ModDiscoverer/]: Skipping /Users/wangziyang/.gradle/caches/modules-2/files-2.1/org.lz4/lz4-java/1.8.0/4b986a99445e49ea5fbf5d149c4b63f6ed6c6780/lz4-java-1.8.0.jar because it was already located earlier
[257月2026 13:11:40.140] [main/DEBUG] [net.neoforged.fml.loading.moddiscovery.ModDiscoverer/]: Skipping /Users/wangziyang/.gradle/caches/modules-2/files-2.1/org.jline/jline-terminal/3.20.0/d0ddcc708ddf527a3454c941b7b9225cc83a15ff/jline-terminal-3.20.0.jar because it was already located earlier
[257月2026 13:11:40.140] [main/DEBUG] [net.neoforged.fml.loading.moddiscovery.ModDiscoverer/]: Skipping /Users/wangziyang/.gradle/caches/modules-2/files-2.1/ca.weblite/java-objc-bridge/1.1/1227f9e0666314f9de41477e3ec277e542ed7f7b/java-objc-bridge-1.1.jar because it was already located earlier
[257月2026 13:11:40.140] [main/DEBUG] [net.neoforged.fml.loading.moddiscovery.ModDiscoverer/]: Skipping /Users/wangziyang/.gradle/caches/modules-2/files-2.1/com.google.guava/listenablefuture/9999.0-empty-to-avoid-conflict-with-guava/b421526c5f297295adef1c886e5246c39d4ac629/listenablefuture-9999.0-empty-to-avoid-conflict-with-guava.jar because it was already located earlier
[257月2026 13:11:40.140] [main/DEBUG] [net.neoforged.fml.loading.moddiscovery.ModDiscoverer/]: Skipping /Users/wangziyang/.gradle/caches/modules-2/files-2.1/com.google.code.findbugs/jsr305/3.0.2/25ea2e8b0c338a877313bd4672d3fe056ea78f0d/jsr305-3.0.2.jar because it was already located earlier
[257月2026 13:11:40.140] [main/DEBUG] [net.neoforged.fml.loading.moddiscovery.ModDiscoverer/]: Skipping /Users/wangziyang/.gradle/caches/modules-2/files-2.1/org.checkerframework/checker-qual/3.33.0/de2b60b62da487644fc11f734e73c8b0b431238f/checker-qual-3.33.0.jar because it was already located earlier
[257月2026 13:11:40.140] [main/DEBUG] [net.neoforged.fml.loading.moddiscovery.ModDiscoverer/]: Skipping /Users/wangziyang/.gradle/caches/modules-2/files-2.1/com.google.errorprone/error_prone_annotations/2.18.0/89b684257096f548fa39a7df9fdaa409d4d4df91/error_prone_annotations-2.18.0.jar because it was already located earlier
[257月2026 13:11:40.141] [main/DEBUG] [net.neoforged.fml.loading.moddiscovery.ModDiscoverer/]: Skipping /Users/wangziyang/.gradle/caches/modules-2/files-2.1/com.google.j2objc/j2objc-annotations/2.8/c85270e307e7b822f1086b93689124b89768e273/j2objc-annotations-2.8.jar because it was already located earlier
[257月2026 13:11:40.142] [main/DEBUG] [net.neoforged.fml.loading.UniqueModListBuilder/]: Found 2 mods for first modid neoforge, selecting most recent based on version data
[257月2026 13:11:40.142] [main/DEBUG] [net.neoforged.fml.loading.UniqueModListBuilder/]: Selected file neoforge-21.1.236.jar for modid neoforge with version 21.1.236
[257月2026 13:11:40.241] [main/DEBUG] [net.neoforged.fml.loading.moddiscovery.ModFileParser/LOADING]: Considering mod file candidate 
[257月2026 13:11:40.242] [main/DEBUG] [net.neoforged.fml.loading.moddiscovery.ModFileInfo/LOADING]: Found valid mod file fabric-api-base-0.4.42+d1308ded19.jar with {fabric_api_base} mods - versions {0.4.42+d1308ded19}
[257月2026 13:11:40.243] [main/DEBUG] [net.neoforged.fml.loading.moddiscovery.ModFileParser/LOADING]: Considering mod file candidate 
[257月2026 13:11:40.244] [main/DEBUG] [net.neoforged.fml.loading.moddiscovery.ModFileInfo/LOADING]: Found valid mod file fabric-block-view-api-v2-1.0.10+9afaaf8c19.jar with {fabric_block_view_api_v2} mods - versions {1.0.10+9afaaf8c19}
[257月2026 13:11:40.245] [main/DEBUG] [net.neoforged.fml.loading.moddiscovery.ModFileParser/LOADING]: Considering mod file candidate 
[257月2026 13:11:40.246] [main/DEBUG] [net.neoforged.fml.loading.moddiscovery.ModFileInfo/LOADING]: Found valid mod file fabric-renderer-api-v1-3.4.0+acb05a3919.jar with {fabric_renderer_api_v1} mods - versions {3.4.0+acb05a3919}
[257月2026 13:11:40.246] [main/DEBUG] [net.neoforged.fml.loading.moddiscovery.ModFileParser/LOADING]: Considering mod file candidate 
[257月2026 13:11:40.247] [main/DEBUG] [net.neoforged.fml.loading.moddiscovery.ModFileInfo/LOADING]: Found valid mod file fabric-rendering-data-attachment-v1-0.3.48+73761d2e19.jar with {fabric_rendering_data_attachment_v1} mods - versions {0.3.48+73761d2e19}
[257月2026 13:11:40.316] [main/DEBUG] [net.neoforged.fml.loading.moddiscovery.ModFileParser/LOADING]: Considering mod file candidate 
[257月2026 13:11:40.316] [main/DEBUG] [net.neoforged.fml.loading.moddiscovery.ModFileInfo/LOADING]: Found valid mod file fabric-api-base-0.4.42+d1308ded19.jar with {fabric_api_base} mods - versions {0.4.42+d1308ded19}
[257月2026 13:11:40.334] [main/DEBUG] [net.neoforged.fml.loading.moddiscovery.ModFileParser/LOADING]: Considering mod file candidate 
[257月2026 13:11:40.335] [main/DEBUG] [net.neoforged.fml.loading.moddiscovery.ModFileInfo/LOADING]: Found valid mod file fabric-rendering-data-attachment-v1-0.3.48+73761d2e19.jar with {fabric_rendering_data_attachment_v1} mods - versions {0.3.48+73761d2e19}
[257月2026 13:11:40.361] [main/DEBUG] [net.neoforged.fml.loading.moddiscovery.ModFileParser/LOADING]: Considering mod file candidate 
[257月2026 13:11:40.363] [main/DEBUG] [net.neoforged.fml.loading.moddiscovery.ModFileInfo/LOADING]: Found valid mod file fabric-renderer-api-v1-3.4.0+acb05a3919.jar with {fabric_renderer_api_v1} mods - versions {3.4.0+acb05a3919}
[257月2026 13:11:40.364] [main/DEBUG] [net.neoforged.fml.loading.moddiscovery.ModFileParser/LOADING]: Considering mod file candidate 
[257月2026 13:11:40.365] [main/DEBUG] [net.neoforged.fml.loading.moddiscovery.ModFileInfo/LOADING]: Found valid mod file fabric-block-view-api-v2-1.0.10+9afaaf8c19.jar with {fabric_block_view_api_v2} mods - versions {1.0.10+9afaaf8c19}
[257月2026 13:11:40.367] [main/WARN] [net.neoforged.jarjar.selection.JarSelector/]: Attempted to select a dependency jar for JarJar which was passed in as source: fabric_rendering_data_attachment_v1. Using Mod File: 
[257月2026 13:11:40.367] [main/WARN] [net.neoforged.jarjar.selection.JarSelector/]: Attempted to select a dependency jar for JarJar which was passed in as source: fabric_renderer_api_v1. Using Mod File: 
[257月2026 13:11:40.367] [main/WARN] [net.neoforged.jarjar.selection.JarSelector/]: Attempted to select a dependency jar for JarJar which was passed in as source: fabric_api_base. Using Mod File: 
[257月2026 13:11:40.367] [main/WARN] [net.neoforged.jarjar.selection.JarSelector/]: Attempted to select a dependency jar for JarJar which was passed in as source: fabric_block_view_api_v2. Using Mod File: 
[257月2026 13:11:40.367] [main/INFO] [net.neoforged.fml.loading.moddiscovery.locators.JarInJarDependencyLocator/]: Found 8 dependencies adding them to mods collection
[257月2026 13:11:40.368] [main/INFO] [net.neoforged.fml.loading.moddiscovery.ModDiscoverer/]: 
     Mod List:
		Name Version (Mod Id)

		Avaritia 1.3.1 (avaritia)
		Cloth Config v15 API 15.0.140 (cloth_config)
		Forgified Fabric API Base 0.4.42+d1308ded19 (fabric_api_base)
		Forgified Fabric BlockView API (v2) 1.0.10+9afaaf8c19 (fabric_block_view_api_v2)
		Forgified Fabric Renderer API (v1) 3.4.1+9125b6dc19 (fabric_renderer_api_v1)
		Forgified Fabric Rendering Data Attachment (v1) 0.3.48+73761d2e19 (fabric_rendering_data_attachment_v1)
		Iris 1.8.14-beta.1+mc1.21.1 (iris)
		Jade 15.10.5+neoforge (jade)
		Just Enough Items 19.27.0.340 (jei)
		Minecraft 1.21.1 (minecraft)
		NeoForge 21.1.236 (neoforge)
		Sodium 0.8.12+mc1.21.1 (sodium)
		Timeless & Classics Guns: Zero 1.1.7-r2 (tacz)
[257月2026 13:11:40.369] [main/DEBUG] [net.neoforged.fml.loading.moddiscovery.ModFileInfo/LOADING]: Found valid mod file neoforge-21.1.236.jar with {minecraft} mods - versions {1.21.1}
[257月2026 13:11:40.370] [main/DEBUG] [net.neoforged.fml.loading.moddiscovery.ModFile/LOADING]: Loading mod file /Users/wangziyang/Downloads/Neoday_re/endofday_re/build/moddev/artifacts/neoforge-21.1.236.jar with languages [LanguageSpec[languageName=minecraft, acceptedVersions=1]]
[257月2026 13:11:40.371] [main/DEBUG] [net.neoforged.fml.loading.moddiscovery.ModFileParser/LOADING]: Considering mod file candidate /Users/wangziyang/Downloads/Neoday_re/endofday_re/run/mods/iris-neoforge-1.8.14-beta.1+mc1.21.1.jar
[257月2026 13:11:40.372] [main/DEBUG] [net.neoforged.fml.loading.moddiscovery.ModFileInfo/LOADING]: Found valid mod file iris-neoforge-1.8.14-beta.1+mc1.21.1.jar with {iris} mods - versions {1.8.14-beta.1+mc1.21.1}
[257月2026 13:11:40.372] [main/DEBUG] [net.neoforged.fml.loading.moddiscovery.ModFile/LOADING]: Loading mod file /Users/wangziyang/Downloads/Neoday_re/endofday_re/run/mods/iris-neoforge-1.8.14-beta.1+mc1.21.1.jar with languages [LanguageSpec[languageName=javafml, acceptedVersions=*]]
[257月2026 13:11:40.372] [main/DEBUG] [net.neoforged.fml.loading.moddiscovery.ModFile/LOADING]: Found mixin config MixinConfig[config=mixins.iris.json, requiredMods=[]]
[257月2026 13:11:40.372] [main/DEBUG] [net.neoforged.fml.loading.moddiscovery.ModFile/LOADING]: Found mixin config MixinConfig[config=mixins.iris.fantastic.json, requiredMods=[]]
[257月2026 13:11:40.372] [main/DEBUG] [net.neoforged.fml.loading.moddiscovery.ModFile/LOADING]: Found mixin config MixinConfig[config=mixins.iris.vertexformat.json, requiredMods=[]]
[257月2026 13:11:40.372] [main/DEBUG] [net.neoforged.fml.loading.moddiscovery.ModFile/LOADING]: Found mixin config MixinConfig[config=iris-batched-entity-rendering.mixins.json, requiredMods=[]]
[257月2026 13:11:40.373] [main/DEBUG] [net.neoforged.fml.loading.moddiscovery.ModFile/LOADING]: Found mixin config MixinConfig[config=mixins.iris.compat.sodium.json, requiredMods=[]]
[257月2026 13:11:40.373] [main/DEBUG] [net.neoforged.fml.loading.moddiscovery.ModFile/LOADING]: Found mixin config MixinConfig[config=mixins.iris.compat.dh.json, requiredMods=[]]
[257月2026 13:11:40.373] [main/DEBUG] [net.neoforged.fml.loading.moddiscovery.ModFile/LOADING]: Found mixin config MixinConfig[config=mixins.iris.forge.json, requiredMods=[]]
[257月2026 13:11:40.373] [main/DEBUG] [net.neoforged.fml.loading.moddiscovery.ModFileParser/LOADING]: Considering mod file candidate 
[257月2026 13:11:40.373] [main/DEBUG] [net.neoforged.fml.loading.moddiscovery.ModFileInfo/LOADING]: Found valid mod file fabric-renderer-api-v1-3.4.1+9125b6dc19.jar with {fabric_renderer_api_v1} mods - versions {3.4.1+9125b6dc19}
[257月2026 13:11:40.374] [main/DEBUG] [net.neoforged.fml.loading.moddiscovery.ModFile/LOADING]: Loading mod file  with languages [LanguageSpec[languageName=javafml, acceptedVersions=[1,)]]
[257月2026 13:11:40.374] [main/DEBUG] [net.neoforged.fml.loading.moddiscovery.ModFile/LOADING]: Found mixin config MixinConfig[config=fabric-renderer-api-v1.mixins.json, requiredMods=[]]
[257月2026 13:11:40.374] [main/DEBUG] [net.neoforged.fml.loading.moddiscovery.ModFile/LOADING]: Found mixin config MixinConfig[config=fabric-renderer-api-v1.debughud.mixins.json, requiredMods=[]]
[257月2026 13:11:40.374] [main/DEBUG] [net.neoforged.fml.loading.moddiscovery.ModFileParser/LOADING]: Considering mod file candidate 
[257月2026 13:11:40.374] [main/DEBUG] [net.neoforged.fml.loading.moddiscovery.ModFileInfo/LOADING]: Found valid mod file fabric-api-base-0.4.42+d1308ded19.jar with {fabric_api_base} mods - versions {0.4.42+d1308ded19}
[257月2026 13:11:40.374] [main/DEBUG] [net.neoforged.fml.loading.moddiscovery.ModFile/LOADING]: Loading mod file  with languages [LanguageSpec[languageName=javafml, acceptedVersions=[1,)]]
[257月2026 13:11:40.374] [main/DEBUG] [net.neoforged.fml.loading.moddiscovery.ModFileParser/LOADING]: Considering mod file candidate /Users/wangziyang/Downloads/Neoday_re/endofday_re/run/mods/AvaritiaNeo-1.21-1.3.1.jar
[257月2026 13:11:40.375] [main/DEBUG] [net.neoforged.fml.loading.moddiscovery.ModFileInfo/LOADING]: Found valid mod file AvaritiaNeo-1.21-1.3.1.jar with {avaritia} mods - versions {1.3.1}
[257月2026 13:11:40.375] [main/DEBUG] [net.neoforged.fml.loading.moddiscovery.ModFile/LOADING]: Loading mod file /Users/wangziyang/Downloads/Neoday_re/endofday_re/run/mods/AvaritiaNeo-1.21-1.3.1.jar with languages [LanguageSpec[languageName=javafml, acceptedVersions=[4,)]]
[257月2026 13:11:40.375] [main/DEBUG] [net.neoforged.fml.loading.moddiscovery.ModFile/LOADING]: Found mixin config MixinConfig[config=avaritia.mixins.json, requiredMods=[]]
[257月2026 13:11:40.375] [main/DEBUG] [net.neoforged.fml.loading.moddiscovery.ModFile/LOADING]: Found mixin config MixinConfig[config=avaritia.iris.mixins.json, requiredMods=[]]
[257月2026 13:11:40.376] [main/DEBUG] [net.neoforged.fml.loading.moddiscovery.ModFileParser/LOADING]: Considering mod file candidate /Users/wangziyang/Downloads/Neoday_re/endofday_re/run/mods/[玉 🔍] Jade-1.21.1-NeoForge-15.10.5.jar
[257月2026 13:11:40.376] [main/DEBUG] [net.neoforged.fml.loading.moddiscovery.ModFileInfo/LOADING]: Found valid mod file [玉 🔍] Jade-1.21.1-NeoForge-15.10.5.jar with {jade} mods - versions {15.10.5+neoforge}
[257月2026 13:11:40.376] [main/DEBUG] [net.neoforged.fml.loading.moddiscovery.ModFile/LOADING]: Loading mod file /Users/wangziyang/Downloads/Neoday_re/endofday_re/run/mods/[玉 🔍] Jade-1.21.1-NeoForge-15.10.5.jar with languages [LanguageSpec[languageName=javafml, acceptedVersions=[1,)]]
[257月2026 13:11:40.376] [main/DEBUG] [net.neoforged.fml.loading.moddiscovery.ModFile/LOADING]: Found mixin config MixinConfig[config=jade.mixins.json, requiredMods=[]]
[257月2026 13:11:40.376] [main/DEBUG] [net.neoforged.fml.loading.moddiscovery.ModFileParser/LOADING]: Considering mod file candidate /Users/wangziyang/Downloads/Neoday_re/endofday_re/run/mods/[JEI物品管理器] jei-1.21.1-neoforge-19.27.0.340.jar
[257月2026 13:11:40.377] [main/DEBUG] [net.neoforged.fml.loading.moddiscovery.ModFileInfo/LOADING]: Found valid mod file [JEI物品管理器] jei-1.21.1-neoforge-19.27.0.340.jar with {jei} mods - versions {19.27.0.340}
[257月2026 13:11:40.377] [main/DEBUG] [net.neoforged.fml.loading.moddiscovery.ModFile/LOADING]: Loading mod file /Users/wangziyang/Downloads/Neoday_re/endofday_re/run/mods/[JEI物品管理器] jei-1.21.1-neoforge-19.27.0.340.jar with languages [LanguageSpec[languageName=javafml, acceptedVersions=[4,)]]
[257月2026 13:11:40.377] [main/DEBUG] [net.neoforged.fml.loading.moddiscovery.ModFileParser/LOADING]: Considering mod file candidate 
[257月2026 13:11:40.378] [main/DEBUG] [net.neoforged.fml.loading.moddiscovery.ModFileInfo/LOADING]: Found valid mod file fabric-rendering-data-attachment-v1-0.3.48+73761d2e19.jar with {fabric_rendering_data_attachment_v1} mods - versions {0.3.48+73761d2e19}
[257月2026 13:11:40.378] [main/DEBUG] [net.neoforged.fml.loading.moddiscovery.ModFile/LOADING]: Loading mod file  with languages [LanguageSpec[languageName=javafml, acceptedVersions=[1,)]]
[257月2026 13:11:40.378] [main/DEBUG] [net.neoforged.fml.loading.moddiscovery.ModFile/LOADING]: Found mixin config MixinConfig[config=fabric-rendering-data-attachment-v1.mixins.json, requiredMods=[]]
[257月2026 13:11:40.378] [main/DEBUG] [net.neoforged.fml.loading.moddiscovery.ModFile/LOADING]: Found mixin config MixinConfig[config=fabric-rendering-data-attachment-v1.client.mixins.json, requiredMods=[]]
[257月2026 13:11:40.378] [main/DEBUG] [net.neoforged.fml.loading.moddiscovery.ModFileParser/LOADING]: Considering mod file candidate 
[257月2026 13:11:40.379] [main/DEBUG] [net.neoforged.fml.loading.moddiscovery.ModFileInfo/LOADING]: Found valid mod file net.caffeinemc.sodium-neoforge-0.8.12+mc1.21.1-mod.jar with {sodium} mods - versions {0.8.12+mc1.21.1}
[257月2026 13:11:40.379] [main/DEBUG] [net.neoforged.fml.loading.moddiscovery.ModFile/LOADING]: Loading mod file  with languages [LanguageSpec[languageName=javafml, acceptedVersions=[4,)]]
[257月2026 13:11:40.379] [main/DEBUG] [net.neoforged.fml.loading.moddiscovery.ModFile/LOADING]: Found mixin config MixinConfig[config=sodium-common.mixins.json, requiredMods=[]]
[257月2026 13:11:40.379] [main/DEBUG] [net.neoforged.fml.loading.moddiscovery.ModFile/LOADING]: Found mixin config MixinConfig[config=sodium-neoforge.mixins.json, requiredMods=[]]
[257月2026 13:11:40.379] [main/DEBUG] [net.neoforged.fml.loading.moddiscovery.ModFileParser/LOADING]: Considering mod file candidate /Users/wangziyang/.gradle/caches/modules-2/files-2.1/curse.maven/tacz-1-21-1-1353462/7374584/c61425881ac0f69f45a6cef4a757408214ec699/tacz-1-21-1-1353462-7374584.jar
[257月2026 13:11:40.379] [main/DEBUG] [net.neoforged.fml.loading.moddiscovery.ModFileInfo/LOADING]: Found valid mod file tacz-1-21-1-1353462-7374584.jar with {tacz} mods - versions {1.1.7-r2}
[257月2026 13:11:40.379] [main/DEBUG] [net.neoforged.fml.loading.moddiscovery.ModFile/LOADING]: Loading mod file /Users/wangziyang/.gradle/caches/modules-2/files-2.1/curse.maven/tacz-1-21-1-1353462/7374584/c61425881ac0f69f45a6cef4a757408214ec699/tacz-1-21-1-1353462-7374584.jar with languages [LanguageSpec[languageName=javafml, acceptedVersions=[1,)]]
[257月2026 13:11:40.380] [main/DEBUG] [net.neoforged.fml.loading.moddiscovery.ModFile/LOADING]: Found mixin config MixinConfig[config=tacz.mixins.json, requiredMods=[]]
[257月2026 13:11:40.380] [main/DEBUG] [net.neoforged.fml.loading.moddiscovery.ModFileParser/LOADING]: Considering mod file candidate /Users/wangziyang/.gradle/caches/modules-2/files-2.1/curse.maven/cloth-config-348521/5729127/c3e5733ba4503b102589a026000fd5ce0212f6f2/cloth-config-348521-5729127.jar
[257月2026 13:11:40.380] [main/DEBUG] [net.neoforged.fml.loading.moddiscovery.ModFileInfo/LOADING]: Found valid mod file cloth-config-348521-5729127.jar with {cloth_config} mods - versions {15.0.140}
[257月2026 13:11:40.380] [main/DEBUG] [net.neoforged.fml.loading.moddiscovery.ModFile/LOADING]: Loading mod file /Users/wangziyang/.gradle/caches/modules-2/files-2.1/curse.maven/cloth-config-348521/5729127/c3e5733ba4503b102589a026000fd5ce0212f6f2/cloth-config-348521-5729127.jar with languages [LanguageSpec[languageName=javafml, acceptedVersions=[1,)]]
[257月2026 13:11:40.380] [main/DEBUG] [net.neoforged.fml.loading.moddiscovery.ModFileParser/LOADING]: Considering mod file candidate /Users/wangziyang/Downloads/Neoday_re/endofday_re/build/moddev/artifacts/neoforge-21.1.236.jar
[257月2026 13:11:40.380] [main/DEBUG] [net.neoforged.fml.loading.moddiscovery.ModFileInfo/LOADING]: Found valid mod file neoforge-21.1.236.jar with {neoforge} mods - versions {21.1.236}
[257月2026 13:11:40.380] [main/DEBUG] [net.neoforged.fml.loading.moddiscovery.ModFile/LOADING]: Loading mod file /Users/wangziyang/Downloads/Neoday_re/endofday_re/build/moddev/artifacts/neoforge-21.1.236.jar with languages [LanguageSpec[languageName=javafml, acceptedVersions=[3,]]]
[257月2026 13:11:40.380] [main/DEBUG] [net.neoforged.fml.loading.moddiscovery.ModFile/LOADING]: Found mixin config MixinConfig[config=neoforge.mixins.json, requiredMods=[]]
[257月2026 13:11:40.381] [main/DEBUG] [net.neoforged.fml.loading.moddiscovery.ModFileParser/LOADING]: Considering mod file candidate 
[257月2026 13:11:40.381] [main/DEBUG] [net.neoforged.fml.loading.moddiscovery.ModFileInfo/LOADING]: Found valid mod file fabric-block-view-api-v2-1.0.10+9afaaf8c19.jar with {fabric_block_view_api_v2} mods - versions {1.0.10+9afaaf8c19}
[257月2026 13:11:40.381] [main/DEBUG] [net.neoforged.fml.loading.moddiscovery.ModFile/LOADING]: Loading mod file  with languages [LanguageSpec[languageName=javafml, acceptedVersions=[1,)]]
[257月2026 13:11:40.381] [main/DEBUG] [net.neoforged.fml.loading.moddiscovery.ModFile/LOADING]: Found mixin config MixinConfig[config=fabric-block-view-api-v2.mixins.json, requiredMods=[]]
[257月2026 13:11:40.381] [main/DEBUG] [net.neoforged.fml.loading.moddiscovery.ModFile/LOADING]: Found mixin config MixinConfig[config=fabric-block-view-api-v2.client.mixins.json, requiredMods=[]]
[257月2026 13:11:40.381] [main/DEBUG] [net.neoforged.fml.loading.moddiscovery.ModFile/LOADING]: Loading mod file  with languages []
[257月2026 13:11:40.382] [main/DEBUG] [cpw.mods.modlauncher.TransformationServiceDecorator/MODLAUNCHER]: End scan trigger - transformation service fml
[257月2026 13:11:40.399] [main/DEBUG] [net.neoforged.fml.util.ServiceLoaderUtil/CORE]: Found 3 implementations of IModLanguageLoader:
[257月2026 13:11:40.399] [main/DEBUG] [net.neoforged.fml.util.ServiceLoaderUtil/CORE]: 	net.neoforged.fml.javafmlmod.FMLJavaModLanguageProvider from loader-4.0.43.jar
[257月2026 13:11:40.399] [main/DEBUG] [net.neoforged.fml.util.ServiceLoaderUtil/CORE]: 	net.neoforged.fml.lowcodemod.LowCodeModLanguageProvider from loader-4.0.43.jar
[257月2026 13:11:40.399] [main/DEBUG] [net.neoforged.fml.util.ServiceLoaderUtil/CORE]: 	net.neoforged.fml.mclanguageprovider.MinecraftModLanguageProvider from loader-4.0.43.jar
[257月2026 13:11:40.400] [main/DEBUG] [net.neoforged.fml.loading.LanguageProviderLoader/CORE]: Found language provider javafml, version 4.0.43
[257月2026 13:11:40.400] [main/DEBUG] [net.neoforged.fml.loading.LanguageProviderLoader/CORE]: Found language provider lowcodefml, version 4.0.43
[257月2026 13:11:40.400] [main/DEBUG] [net.neoforged.fml.loading.LanguageProviderLoader/CORE]: Found language provider minecraft, version 4.0.43
[257月2026 13:11:40.403] [main/DEBUG] [net.neoforged.fml.loading.ModSorter/]: Configured system mods: [minecraft, neoforge]
[257月2026 13:11:40.403] [main/DEBUG] [net.neoforged.fml.loading.ModSorter/]: Found system mod: minecraft
[257月2026 13:11:40.403] [main/DEBUG] [net.neoforged.fml.loading.ModSorter/]: Found system mod: neoforge
[257月2026 13:11:40.404] [main/DEBUG] [net.neoforged.fml.loading.ModSorter/LOADING]: Found 21 mod requirements (19 mandatory, 2 optional)
[257月2026 13:11:40.405] [main/DEBUG] [net.neoforged.fml.loading.ModSorter/LOADING]: Found 0 mod requirements missing (0 mandatory, 0 optional)
[257月2026 13:11:40.477] [main/DEBUG] [mixin/]: Adding mixin platform agents for container net.neoforged.fml.loading.mixin.FMLMixinContainerHandle@1b15f922
[257月2026 13:11:40.477] [main/DEBUG] [mixin/]: Instancing new MixinPlatformAgentMinecraftForge for net.neoforged.fml.loading.mixin.FMLMixinContainerHandle@1b15f922
[257月2026 13:11:40.477] [main/DEBUG] [mixin/]: MixinPlatformAgentMinecraftForge rejected container net.neoforged.fml.loading.mixin.FMLMixinContainerHandle@1b15f922
[257月2026 13:11:40.477] [main/DEBUG] [mixin/]: Instancing new MixinPlatformAgentDefault for net.neoforged.fml.loading.mixin.FMLMixinContainerHandle@1b15f922
[257月2026 13:11:40.477] [main/DEBUG] [mixin/]: MixinPlatformAgentDefault accepted container net.neoforged.fml.loading.mixin.FMLMixinContainerHandle@1b15f922
[257月2026 13:11:40.477] [main/DEBUG] [mixin/]: Instancing new FMLMixinPlatformAgent for net.neoforged.fml.loading.mixin.FMLMixinContainerHandle@1b15f922
[257月2026 13:11:40.477] [main/DEBUG] [mixin/]: FMLMixinPlatformAgent accepted container net.neoforged.fml.loading.mixin.FMLMixinContainerHandle@1b15f922
[257月2026 13:11:40.483] [main/DEBUG] [cpw.mods.modlauncher.TransformationServicesHandler/MODLAUNCHER]: Transformation services loading transformers
[257月2026 13:11:40.484] [main/DEBUG] [cpw.mods.modlauncher.TransformationServiceDecorator/MODLAUNCHER]: Initializing transformers for transformation service mixin
[257月2026 13:11:40.484] [main/DEBUG] [cpw.mods.modlauncher.TransformationServiceDecorator/MODLAUNCHER]: Initialized transformers for transformation service mixin
[257月2026 13:11:40.484] [main/DEBUG] [cpw.mods.modlauncher.TransformationServiceDecorator/MODLAUNCHER]: Initializing transformers for transformation service fml
[257月2026 13:11:40.484] [main/DEBUG] [net.neoforged.fml.loading.FMLServiceProvider/LOADING]: Loading coremod transformers
[257月2026 13:11:40.484] [main/DEBUG] [net.neoforged.fml.loading.FMLServiceProvider/CORE]: Not loading coremod script-engine since no mod requested it
[257月2026 13:11:40.485] [main/DEBUG] [net.neoforged.fml.util.ServiceLoaderUtil/CORE]: Found 1 implementations of ICoreMod:
[257月2026 13:11:40.485] [main/DEBUG] [net.neoforged.fml.util.ServiceLoaderUtil/CORE]: 	net.neoforged.neoforge.coremods.NeoForgeCoreMod from neoforge-21.1.236.jar > net.neoforged.neoforge-coremods-21.1.236.jar
[257月2026 13:11:40.487] [main/DEBUG] [net.neoforged.fml.loading.FMLServiceProvider/CORE]: Adding [Target[className=net.minecraft.world.level.biome.Biome, elementName=, elementDescriptor=, targetType=cpw.mods.modlauncher.api.TargetType@56303b57]] transformer from core-mod net.neoforged.neoforge.coremods.NeoForgeCoreMod@537c8c7e in neoforge-21.1.236.jar > net.neoforged.neoforge-coremods-21.1.236.jar
[257月2026 13:11:40.488] [main/DEBUG] [net.neoforged.fml.loading.FMLServiceProvider/CORE]: Adding [Target[className=net.minecraft.world.level.levelgen.structure.Structure, elementName=, elementDescriptor=, targetType=cpw.mods.modlauncher.api.TargetType@56303b57]] transformer from core-mod net.neoforged.neoforge.coremods.NeoForgeCoreMod@537c8c7e in neoforge-21.1.236.jar > net.neoforged.neoforge-coremods-21.1.236.jar
[257月2026 13:11:40.488] [main/DEBUG] [net.neoforged.fml.loading.FMLServiceProvider/CORE]: Adding [Target[className=net.minecraft.world.level.block.FlowerPotBlock, elementName=, elementDescriptor=, targetType=cpw.mods.modlauncher.api.TargetType@56303b57]] transformer from core-mod net.neoforged.neoforge.coremods.NeoForgeCoreMod@537c8c7e in neoforge-21.1.236.jar > net.neoforged.neoforge-coremods-21.1.236.jar
[257月2026 13:11:40.488] [main/DEBUG] [net.neoforged.fml.loading.FMLServiceProvider/CORE]: Adding [Target[className=net/minecraft/world/entity/monster/Evoker$EvokerSummonSpellGoal, elementName=, elementDescriptor=, targetType=cpw.mods.modlauncher.api.TargetType@56303b57], Target[className=net/minecraft/world/level/levelgen/structure/structures/OceanMonumentPieces$OceanMonumentPiece, elementName=, elementDescriptor=, targetType=cpw.mods.modlauncher.api.TargetType@56303b57], Target[className=net/minecraft/world/entity/monster/ZombieVillager, elementName=, elementDescriptor=, targetType=cpw.mods.modlauncher.api.TargetType@56303b57], Target[className=net/minecraft/world/entity/animal/frog/Tadpole, elementName=, elementDescriptor=, targetType=cpw.mods.modlauncher.api.TargetType@56303b57], Target[className=net/minecraft/server/commands/RaidCommand, elementName=, elementDescriptor=, targetType=cpw.mods.modlauncher.api.TargetType@56303b57], Target[className=net/minecraft/world/entity/animal/horse/SkeletonTrapGoal, elementName=, elementDescriptor=, targetType=cpw.mods.modlauncher.api.TargetType@56303b57], Target[className=net/minecraft/world/entity/raid/Raid, elementName=, elementDescriptor=, targetType=cpw.mods.modlauncher.api.TargetType@56303b57], Target[className=net/minecraft/world/entity/monster/Spider, elementName=, elementDescriptor=, targetType=cpw.mods.modlauncher.api.TargetType@56303b57], Target[className=net/minecraft/world/entity/monster/Zombie, elementName=, elementDescriptor=, targetType=cpw.mods.modlauncher.api.TargetType@56303b57], Target[className=net/minecraft/world/level/NaturalSpawner, elementName=, elementDescriptor=, targetType=cpw.mods.modlauncher.api.TargetType@56303b57], Target[className=net/minecraft/world/entity/npc/CatSpawner, elementName=, elementDescriptor=, targetType=cpw.mods.modlauncher.api.TargetType@56303b57], Target[className=net/minecraft/world/level/levelgen/PhantomSpawner, elementName=, elementDescriptor=, targetType=cpw.mods.modlauncher.api.TargetType@56303b57], Target[className=net/minecraft/server/commands/SummonCommand, elementName=, elementDescriptor=, targetType=cpw.mods.modlauncher.api.TargetType@56303b57], Target[className=net/minecraft/world/level/levelgen/structure/structures/WoodlandMansionPieces$WoodlandMansionPiece, elementName=, elementDescriptor=, targetType=cpw.mods.modlauncher.api.TargetType@56303b57], Target[className=net/minecraft/world/entity/EntityType, elementName=, elementDescriptor=, targetType=cpw.mods.modlauncher.api.TargetType@56303b57], Target[className=net/minecraft/world/level/levelgen/structure/templatesystem/StructureTemplate, elementName=, elementDescriptor=, targetType=cpw.mods.modlauncher.api.TargetType@56303b57], Target[className=net/minecraft/world/entity/monster/Strider, elementName=, elementDescriptor=, targetType=cpw.mods.modlauncher.api.TargetType@56303b57], Target[className=net/minecraft/world/entity/ai/village/VillageSiege, elementName=, elementDescriptor=, targetType=cpw.mods.modlauncher.api.TargetType@56303b57], Target[className=net/minecraft/world/entity/npc/Villager, elementName=, elementDescriptor=, targetType=cpw.mods.modlauncher.api.TargetType@56303b57], Target[className=net/minecraft/world/level/levelgen/PatrolSpawner, elementName=, elementDescriptor=, targetType=cpw.mods.modlauncher.api.TargetType@56303b57], Target[className=net/minecraft/world/level/levelgen/structure/structures/SwampHutPiece, elementName=, elementDescriptor=, targetType=cpw.mods.modlauncher.api.TargetType@56303b57], Target[className=net/minecraft/world/level/levelgen/structure/structures/OceanRuinPieces$OceanRuinPiece, elementName=, elementDescriptor=, targetType=cpw.mods.modlauncher.api.TargetType@56303b57]] transformer from core-mod net.neoforged.neoforge.coremods.NeoForgeCoreMod@537c8c7e in neoforge-21.1.236.jar > net.neoforged.neoforge-coremods-21.1.236.jar
[257月2026 13:11:40.489] [main/DEBUG] [cpw.mods.modlauncher.TransformStore/MODLAUNCHER]: Adding transformer net.neoforged.neoforge.coremods.ReplaceFieldWithGetterAccess@28fd3dc1 to Target : cpw.mods.modlauncher.api.TargetType@56303b57 {Lnet/minecraft/world/level/biome/Biome;} {} {V}
[257月2026 13:11:40.489] [main/DEBUG] [cpw.mods.modlauncher.TransformStore/MODLAUNCHER]: Adding transformer net.neoforged.neoforge.coremods.ReplaceFieldWithGetterAccess@6bf13698 to Target : cpw.mods.modlauncher.api.TargetType@56303b57 {Lnet/minecraft/world/level/levelgen/structure/Structure;} {} {V}
[257月2026 13:11:40.489] [main/DEBUG] [cpw.mods.modlauncher.TransformStore/MODLAUNCHER]: Adding transformer net.neoforged.neoforge.coremods.ReplaceFieldWithGetterAccess@299270eb to Target : cpw.mods.modlauncher.api.TargetType@56303b57 {Lnet/minecraft/world/level/block/FlowerPotBlock;} {} {V}
[257月2026 13:11:40.489] [main/DEBUG] [cpw.mods.modlauncher.TransformStore/MODLAUNCHER]: Adding transformer net.neoforged.neoforge.coremods.MethodRedirector@3b90a30a to Target : cpw.mods.modlauncher.api.TargetType@56303b57 {Lnet/minecraft/world/entity/monster/Evoker$EvokerSummonSpellGoal;} {} {V}
[257月2026 13:11:40.489] [main/DEBUG] [cpw.mods.modlauncher.TransformStore/MODLAUNCHER]: Adding transformer net.neoforged.neoforge.coremods.MethodRedirector@3b90a30a to Target : cpw.mods.modlauncher.api.TargetType@56303b57 {Lnet/minecraft/world/level/levelgen/structure/structures/OceanMonumentPieces$OceanMonumentPiece;} {} {V}
[257月2026 13:11:40.489] [main/DEBUG] [cpw.mods.modlauncher.TransformStore/MODLAUNCHER]: Adding transformer net.neoforged.neoforge.coremods.MethodRedirector@3b90a30a to Target : cpw.mods.modlauncher.api.TargetType@56303b57 {Lnet/minecraft/world/entity/monster/ZombieVillager;} {} {V}
[257月2026 13:11:40.489] [main/DEBUG] [cpw.mods.modlauncher.TransformStore/MODLAUNCHER]: Adding transformer net.neoforged.neoforge.coremods.MethodRedirector@3b90a30a to Target : cpw.mods.modlauncher.api.TargetType@56303b57 {Lnet/minecraft/world/entity/animal/frog/Tadpole;} {} {V}
[257月2026 13:11:40.489] [main/DEBUG] [cpw.mods.modlauncher.TransformStore/MODLAUNCHER]: Adding transformer net.neoforged.neoforge.coremods.MethodRedirector@3b90a30a to Target : cpw.mods.modlauncher.api.TargetType@56303b57 {Lnet/minecraft/server/commands/RaidCommand;} {} {V}
[257月2026 13:11:40.489] [main/DEBUG] [cpw.mods.modlauncher.TransformStore/MODLAUNCHER]: Adding transformer net.neoforged.neoforge.coremods.MethodRedirector@3b90a30a to Target : cpw.mods.modlauncher.api.TargetType@56303b57 {Lnet/minecraft/world/entity/animal/horse/SkeletonTrapGoal;} {} {V}
[257月2026 13:11:40.489] [main/DEBUG] [cpw.mods.modlauncher.TransformStore/MODLAUNCHER]: Adding transformer net.neoforged.neoforge.coremods.MethodRedirector@3b90a30a to Target : cpw.mods.modlauncher.api.TargetType@56303b57 {Lnet/minecraft/world/entity/raid/Raid;} {} {V}
[257月2026 13:11:40.490] [main/DEBUG] [cpw.mods.modlauncher.TransformStore/MODLAUNCHER]: Adding transformer net.neoforged.neoforge.coremods.MethodRedirector@3b90a30a to Target : cpw.mods.modlauncher.api.TargetType@56303b57 {Lnet/minecraft/world/entity/monster/Spider;} {} {V}
[257月2026 13:11:40.490] [main/DEBUG] [cpw.mods.modlauncher.TransformStore/MODLAUNCHER]: Adding transformer net.neoforged.neoforge.coremods.MethodRedirector@3b90a30a to Target : cpw.mods.modlauncher.api.TargetType@56303b57 {Lnet/minecraft/world/entity/monster/Zombie;} {} {V}
[257月2026 13:11:40.490] [main/DEBUG] [cpw.mods.modlauncher.TransformStore/MODLAUNCHER]: Adding transformer net.neoforged.neoforge.coremods.MethodRedirector@3b90a30a to Target : cpw.mods.modlauncher.api.TargetType@56303b57 {Lnet/minecraft/world/level/NaturalSpawner;} {} {V}
[257月2026 13:11:40.490] [main/DEBUG] [cpw.mods.modlauncher.TransformStore/MODLAUNCHER]: Adding transformer net.neoforged.neoforge.coremods.MethodRedirector@3b90a30a to Target : cpw.mods.modlauncher.api.TargetType@56303b57 {Lnet/minecraft/world/entity/npc/CatSpawner;} {} {V}
[257月2026 13:11:40.490] [main/DEBUG] [cpw.mods.modlauncher.TransformStore/MODLAUNCHER]: Adding transformer net.neoforged.neoforge.coremods.MethodRedirector@3b90a30a to Target : cpw.mods.modlauncher.api.TargetType@56303b57 {Lnet/minecraft/world/level/levelgen/PhantomSpawner;} {} {V}
[257月2026 13:11:40.490] [main/DEBUG] [cpw.mods.modlauncher.TransformStore/MODLAUNCHER]: Adding transformer net.neoforged.neoforge.coremods.MethodRedirector@3b90a30a to Target : cpw.mods.modlauncher.api.TargetType@56303b57 {Lnet/minecraft/server/commands/SummonCommand;} {} {V}
[257月2026 13:11:40.490] [main/DEBUG] [cpw.mods.modlauncher.TransformStore/MODLAUNCHER]: Adding transformer net.neoforged.neoforge.coremods.MethodRedirector@3b90a30a to Target : cpw.mods.modlauncher.api.TargetType@56303b57 {Lnet/minecraft/world/level/levelgen/structure/structures/WoodlandMansionPieces$WoodlandMansionPiece;} {} {V}
[257月2026 13:11:40.490] [main/DEBUG] [cpw.mods.modlauncher.TransformStore/MODLAUNCHER]: Adding transformer net.neoforged.neoforge.coremods.MethodRedirector@3b90a30a to Target : cpw.mods.modlauncher.api.TargetType@56303b57 {Lnet/minecraft/world/entity/EntityType;} {} {V}
[257月2026 13:11:40.490] [main/DEBUG] [cpw.mods.modlauncher.TransformStore/MODLAUNCHER]: Adding transformer net.neoforged.neoforge.coremods.MethodRedirector@3b90a30a to Target : cpw.mods.modlauncher.api.TargetType@56303b57 {Lnet/minecraft/world/level/levelgen/structure/templatesystem/StructureTemplate;} {} {V}
[257月2026 13:11:40.490] [main/DEBUG] [cpw.mods.modlauncher.TransformStore/MODLAUNCHER]: Adding transformer net.neoforged.neoforge.coremods.MethodRedirector@3b90a30a to Target : cpw.mods.modlauncher.api.TargetType@56303b57 {Lnet/minecraft/world/entity/monster/Strider;} {} {V}
[257月2026 13:11:40.490] [main/DEBUG] [cpw.mods.modlauncher.TransformStore/MODLAUNCHER]: Adding transformer net.neoforged.neoforge.coremods.MethodRedirector@3b90a30a to Target : cpw.mods.modlauncher.api.TargetType@56303b57 {Lnet/minecraft/world/entity/ai/village/VillageSiege;} {} {V}
[257月2026 13:11:40.490] [main/DEBUG] [cpw.mods.modlauncher.TransformStore/MODLAUNCHER]: Adding transformer net.neoforged.neoforge.coremods.MethodRedirector@3b90a30a to Target : cpw.mods.modlauncher.api.TargetType@56303b57 {Lnet/minecraft/world/entity/npc/Villager;} {} {V}
[257月2026 13:11:40.490] [main/DEBUG] [cpw.mods.modlauncher.TransformStore/MODLAUNCHER]: Adding transformer net.neoforged.neoforge.coremods.MethodRedirector@3b90a30a to Target : cpw.mods.modlauncher.api.TargetType@56303b57 {Lnet/minecraft/world/level/levelgen/PatrolSpawner;} {} {V}
[257月2026 13:11:40.490] [main/DEBUG] [cpw.mods.modlauncher.TransformStore/MODLAUNCHER]: Adding transformer net.neoforged.neoforge.coremods.MethodRedirector@3b90a30a to Target : cpw.mods.modlauncher.api.TargetType@56303b57 {Lnet/minecraft/world/level/levelgen/structure/structures/SwampHutPiece;} {} {V}
[257月2026 13:11:40.490] [main/DEBUG] [cpw.mods.modlauncher.TransformStore/MODLAUNCHER]: Adding transformer net.neoforged.neoforge.coremods.MethodRedirector@3b90a30a to Target : cpw.mods.modlauncher.api.TargetType@56303b57 {Lnet/minecraft/world/level/levelgen/structure/structures/OceanRuinPieces$OceanRuinPiece;} {} {V}
[257月2026 13:11:40.490] [main/DEBUG] [cpw.mods.modlauncher.TransformationServiceDecorator/MODLAUNCHER]: Initialized transformers for transformation service fml
[257月2026 13:11:40.774] [main/DEBUG] [mixin/]: Processing prepare() for PlatformAgent[MixinPlatformAgentDefault:ModLauncher Root Container(ModLauncher:4f56a0a2)]
[257月2026 13:11:40.774] [main/DEBUG] [mixin/]: Processing prepare() for PlatformAgent[MixinPlatformAgentDefault:net.neoforged.fml.loading.mixin.FMLMixinContainerHandle@1b15f922]
[257月2026 13:11:40.774] [main/DEBUG] [mixin/]: Processing prepare() for PlatformAgent[FMLMixinPlatformAgent:null]
[257月2026 13:11:40.788] [main/DEBUG] [mixin/]: Compatibility level JAVA_8 specified by mixins.iris.json is lower than the default level supported by the current mixin service (JAVA_16).
[257月2026 13:11:40.788] [main/DEBUG] [mixin/]: Compatibility level JAVA_8 specified by mixins.iris.fantastic.json is lower than the default level supported by the current mixin service (JAVA_16).
[257月2026 13:11:40.789] [main/DEBUG] [mixin/]: Compatibility level JAVA_8 specified by mixins.iris.vertexformat.json is lower than the default level supported by the current mixin service (JAVA_16).
[257月2026 13:11:40.789] [main/DEBUG] [mixin/]: Compatibility level JAVA_8 specified by iris-batched-entity-rendering.mixins.json is lower than the default level supported by the current mixin service (JAVA_16).
[257月2026 13:11:40.790] [main/DEBUG] [mixin/]: Compatibility level JAVA_8 specified by mixins.iris.compat.sodium.json is lower than the default level supported by the current mixin service (JAVA_16).
[257月2026 13:11:40.790] [main/DEBUG] [mixin/]: Compatibility level JAVA_8 specified by mixins.iris.compat.dh.json is lower than the default level supported by the current mixin service (JAVA_16).
[257月2026 13:11:40.790] [main/DEBUG] [mixin/]: Compatibility level JAVA_8 specified by mixins.iris.forge.json is lower than the default level supported by the current mixin service (JAVA_16).
[257月2026 13:11:40.791] [main/DEBUG] [mixin/]: Compatibility level JAVA_21 specified by fabric-renderer-api-v1.mixins.json is higher than the maximum level supported by this version of mixin (JAVA_13).
[257月2026 13:11:40.793] [main/INFO] [mixin/]: Compatibility level set to JAVA_21
[257月2026 13:11:40.793] [main/DEBUG] [mixin/]: Mixin config fabric-renderer-api-v1.mixins.json does not specify "minVersion" or "requiredFeatures" property
[257月2026 13:11:40.794] [main/DEBUG] [mixin/]: Compatibility level JAVA_17 specified by fabric-renderer-api-v1.debughud.mixins.json is higher than the maximum level supported by this version of mixin (JAVA_13).
[257月2026 13:11:40.794] [main/DEBUG] [mixin/]: Mixin config fabric-renderer-api-v1.debughud.mixins.json does not specify "minVersion" or "requiredFeatures" property
[257月2026 13:11:40.796] [main/DEBUG] [mixin/]: Compatibility level JAVA_16 specified by jade.mixins.json is higher than the maximum level supported by this version of mixin (JAVA_13).
[257月2026 13:11:40.796] [main/DEBUG] [mixin/]: Compatibility level JAVA_17 specified by fabric-rendering-data-attachment-v1.mixins.json is higher than the maximum level supported by this version of mixin (JAVA_13).
[257月2026 13:11:40.796] [main/DEBUG] [mixin/]: Mixin config fabric-rendering-data-attachment-v1.mixins.json does not specify "minVersion" or "requiredFeatures" property
[257月2026 13:11:40.796] [main/DEBUG] [mixin/]: Compatibility level JAVA_17 specified by fabric-rendering-data-attachment-v1.client.mixins.json is higher than the maximum level supported by this version of mixin (JAVA_13).
[257月2026 13:11:40.797] [main/DEBUG] [mixin/]: Mixin config fabric-rendering-data-attachment-v1.client.mixins.json does not specify "minVersion" or "requiredFeatures" property
[257月2026 13:11:40.797] [main/DEBUG] [mixin/]: Mixin config sodium-common.mixins.json does not specify "minVersion" or "requiredFeatures" property
[257月2026 13:11:40.797] [main/DEBUG] [mixin/]: Mixin config sodium-neoforge.mixins.json does not specify "minVersion" or "requiredFeatures" property
[257月2026 13:11:40.798] [main/DEBUG] [mixin/]: Compatibility level JAVA_17 specified by tacz.mixins.json is higher than the maximum level supported by this version of mixin (JAVA_13).
[257月2026 13:11:40.798] [main/DEBUG] [mixin/]: Compatibility level JAVA_17 specified by fabric-block-view-api-v2.mixins.json is higher than the maximum level supported by this version of mixin (JAVA_13).
[257月2026 13:11:40.799] [main/DEBUG] [mixin/]: Mixin config fabric-block-view-api-v2.mixins.json does not specify "minVersion" or "requiredFeatures" property
[257月2026 13:11:40.799] [main/DEBUG] [mixin/]: Compatibility level JAVA_17 specified by fabric-block-view-api-v2.client.mixins.json is higher than the maximum level supported by this version of mixin (JAVA_13).
[257月2026 13:11:40.799] [main/DEBUG] [mixin/]: Mixin config fabric-block-view-api-v2.client.mixins.json does not specify "minVersion" or "requiredFeatures" property
[257月2026 13:11:40.799] [main/DEBUG] [mixin/]: Processing launch tasks for PlatformAgent[MixinPlatformAgentDefault:ModLauncher Root Container(ModLauncher:4f56a0a2)]
[257月2026 13:11:40.799] [main/DEBUG] [mixin/]: Adding mixin platform agents for container SecureJarResource(mixin_synthetic)
[257月2026 13:11:40.800] [main/DEBUG] [mixin/]: Instancing new MixinPlatformAgentMinecraftForge for SecureJarResource(mixin_synthetic)
[257月2026 13:11:40.800] [main/DEBUG] [mixin/]: MixinPlatformAgentMinecraftForge rejected container SecureJarResource(mixin_synthetic)
[257月2026 13:11:40.800] [main/DEBUG] [mixin/]: Instancing new MixinPlatformAgentDefault for SecureJarResource(mixin_synthetic)
[257月2026 13:11:40.800] [main/DEBUG] [mixin/]: MixinPlatformAgentDefault accepted container SecureJarResource(mixin_synthetic)
[257月2026 13:11:40.800] [main/DEBUG] [mixin/]: Instancing new FMLMixinPlatformAgent for SecureJarResource(mixin_synthetic)
[257月2026 13:11:40.800] [main/DEBUG] [mixin/]: FMLMixinPlatformAgent rejected container SecureJarResource(mixin_synthetic)
[257月2026 13:11:40.800] [main/DEBUG] [mixin/]: Processing prepare() for PlatformAgent[MixinPlatformAgentDefault:SecureJarResource(mixin_synthetic)]
[257月2026 13:11:40.800] [main/DEBUG] [mixin/]: Adding mixin platform agents for container SecureJarResource(minecraft)
[257月2026 13:11:40.800] [main/DEBUG] [mixin/]: Instancing new MixinPlatformAgentMinecraftForge for SecureJarResource(minecraft)
[257月2026 13:11:40.800] [main/DEBUG] [mixin/]: MixinPlatformAgentMinecraftForge rejected container SecureJarResource(minecraft)
[257月2026 13:11:40.800] [main/DEBUG] [mixin/]: Instancing new MixinPlatformAgentDefault for SecureJarResource(minecraft)
[257月2026 13:11:40.800] [main/DEBUG] [mixin/]: MixinPlatformAgentDefault accepted container SecureJarResource(minecraft)
[257月2026 13:11:40.800] [main/DEBUG] [mixin/]: Instancing new FMLMixinPlatformAgent for SecureJarResource(minecraft)
[257月2026 13:11:40.800] [main/DEBUG] [mixin/]: FMLMixinPlatformAgent rejected container SecureJarResource(minecraft)
[257月2026 13:11:40.800] [main/DEBUG] [mixin/]: Processing prepare() for PlatformAgent[MixinPlatformAgentDefault:SecureJarResource(minecraft)]
[257月2026 13:11:40.800] [main/DEBUG] [mixin/]: Adding mixin platform agents for container SecureJarResource(iris)
[257月2026 13:11:40.800] [main/DEBUG] [mixin/]: Instancing new MixinPlatformAgentMinecraftForge for SecureJarResource(iris)
[257月2026 13:11:40.800] [main/DEBUG] [mixin/]: MixinPlatformAgentMinecraftForge rejected container SecureJarResource(iris)
[257月2026 13:11:40.800] [main/DEBUG] [mixin/]: Instancing new MixinPlatformAgentDefault for SecureJarResource(iris)
[257月2026 13:11:40.800] [main/DEBUG] [mixin/]: MixinPlatformAgentDefault accepted container SecureJarResource(iris)
[257月2026 13:11:40.801] [main/DEBUG] [mixin/]: Instancing new FMLMixinPlatformAgent for SecureJarResource(iris)
[257月2026 13:11:40.801] [main/DEBUG] [mixin/]: FMLMixinPlatformAgent rejected container SecureJarResource(iris)
[257月2026 13:11:40.801] [main/DEBUG] [mixin/]: Processing prepare() for PlatformAgent[MixinPlatformAgentDefault:SecureJarResource(iris)]
[257月2026 13:11:40.801] [main/DEBUG] [mixin/]: Adding mixin platform agents for container SecureJarResource(fabric_api_base)
[257月2026 13:11:40.801] [main/DEBUG] [mixin/]: Instancing new MixinPlatformAgentMinecraftForge for SecureJarResource(fabric_api_base)
[257月2026 13:11:40.801] [main/DEBUG] [mixin/]: MixinPlatformAgentMinecraftForge rejected container SecureJarResource(fabric_api_base)
[257月2026 13:11:40.801] [main/DEBUG] [mixin/]: Instancing new MixinPlatformAgentDefault for SecureJarResource(fabric_api_base)
[257月2026 13:11:40.801] [main/DEBUG] [mixin/]: MixinPlatformAgentDefault accepted container SecureJarResource(fabric_api_base)
[257月2026 13:11:40.801] [main/DEBUG] [mixin/]: Instancing new FMLMixinPlatformAgent for SecureJarResource(fabric_api_base)
[257月2026 13:11:40.801] [main/DEBUG] [mixin/]: FMLMixinPlatformAgent rejected container SecureJarResource(fabric_api_base)
[257月2026 13:11:40.801] [main/DEBUG] [mixin/]: Processing prepare() for PlatformAgent[MixinPlatformAgentDefault:SecureJarResource(fabric_api_base)]
[257月2026 13:11:40.801] [main/DEBUG] [mixin/]: Adding mixin platform agents for container SecureJarResource(fabric_renderer_api_v1)
[257月2026 13:11:40.801] [main/DEBUG] [mixin/]: Instancing new MixinPlatformAgentMinecraftForge for SecureJarResource(fabric_renderer_api_v1)
[257月2026 13:11:40.801] [main/DEBUG] [mixin/]: MixinPlatformAgentMinecraftForge rejected container SecureJarResource(fabric_renderer_api_v1)
[257月2026 13:11:40.801] [main/DEBUG] [mixin/]: Instancing new MixinPlatformAgentDefault for SecureJarResource(fabric_renderer_api_v1)
[257月2026 13:11:40.801] [main/DEBUG] [mixin/]: MixinPlatformAgentDefault accepted container SecureJarResource(fabric_renderer_api_v1)
[257月2026 13:11:40.801] [main/DEBUG] [mixin/]: Instancing new FMLMixinPlatformAgent for SecureJarResource(fabric_renderer_api_v1)
[257月2026 13:11:40.801] [main/DEBUG] [mixin/]: FMLMixinPlatformAgent rejected container SecureJarResource(fabric_renderer_api_v1)
[257月2026 13:11:40.801] [main/DEBUG] [mixin/]: Processing prepare() for PlatformAgent[MixinPlatformAgentDefault:SecureJarResource(fabric_renderer_api_v1)]
[257月2026 13:11:40.801] [main/DEBUG] [mixin/]: Adding mixin platform agents for container SecureJarResource(avaritia)
[257月2026 13:11:40.801] [main/DEBUG] [mixin/]: Instancing new MixinPlatformAgentMinecraftForge for SecureJarResource(avaritia)
[257月2026 13:11:40.802] [main/DEBUG] [mixin/]: MixinPlatformAgentMinecraftForge rejected container SecureJarResource(avaritia)
[257月2026 13:11:40.802] [main/DEBUG] [mixin/]: Instancing new MixinPlatformAgentDefault for SecureJarResource(avaritia)
[257月2026 13:11:40.802] [main/DEBUG] [mixin/]: MixinPlatformAgentDefault accepted container SecureJarResource(avaritia)
[257月2026 13:11:40.802] [main/DEBUG] [mixin/]: Instancing new FMLMixinPlatformAgent for SecureJarResource(avaritia)
[257月2026 13:11:40.802] [main/DEBUG] [mixin/]: FMLMixinPlatformAgent rejected container SecureJarResource(avaritia)
[257月2026 13:11:40.802] [main/DEBUG] [mixin/]: Processing prepare() for PlatformAgent[MixinPlatformAgentDefault:SecureJarResource(avaritia)]
[257月2026 13:11:40.802] [main/DEBUG] [mixin/]: Adding mixin platform agents for container SecureJarResource(jade)
[257月2026 13:11:40.802] [main/DEBUG] [mixin/]: Instancing new MixinPlatformAgentMinecraftForge for SecureJarResource(jade)
[257月2026 13:11:40.802] [main/DEBUG] [mixin/]: MixinPlatformAgentMinecraftForge rejected container SecureJarResource(jade)
[257月2026 13:11:40.802] [main/DEBUG] [mixin/]: Instancing new MixinPlatformAgentDefault for SecureJarResource(jade)
[257月2026 13:11:40.802] [main/DEBUG] [mixin/]: MixinPlatformAgentDefault accepted container SecureJarResource(jade)
[257月2026 13:11:40.802] [main/DEBUG] [mixin/]: Instancing new FMLMixinPlatformAgent for SecureJarResource(jade)
[257月2026 13:11:40.802] [main/DEBUG] [mixin/]: FMLMixinPlatformAgent rejected container SecureJarResource(jade)
[257月2026 13:11:40.802] [main/DEBUG] [mixin/]: Processing prepare() for PlatformAgent[MixinPlatformAgentDefault:SecureJarResource(jade)]
[257月2026 13:11:40.802] [main/DEBUG] [mixin/]: Registering mixin config: jade.mixins.json source=SecureJarResource(jade)
[257月2026 13:11:40.802] [main/DEBUG] [mixin/]: Adding mixin platform agents for container SecureJarResource(jei)
[257月2026 13:11:40.802] [main/DEBUG] [mixin/]: Instancing new MixinPlatformAgentMinecraftForge for SecureJarResource(jei)
[257月2026 13:11:40.802] [main/DEBUG] [mixin/]: MixinPlatformAgentMinecraftForge rejected container SecureJarResource(jei)
[257月2026 13:11:40.802] [main/DEBUG] [mixin/]: Instancing new MixinPlatformAgentDefault for SecureJarResource(jei)
[257月2026 13:11:40.803] [main/DEBUG] [mixin/]: MixinPlatformAgentDefault accepted container SecureJarResource(jei)
[257月2026 13:11:40.803] [main/DEBUG] [mixin/]: Instancing new FMLMixinPlatformAgent for SecureJarResource(jei)
[257月2026 13:11:40.803] [main/DEBUG] [mixin/]: FMLMixinPlatformAgent rejected container SecureJarResource(jei)
[257月2026 13:11:40.803] [main/DEBUG] [mixin/]: Processing prepare() for PlatformAgent[MixinPlatformAgentDefault:SecureJarResource(jei)]
[257月2026 13:11:40.803] [main/DEBUG] [mixin/]: Adding mixin platform agents for container SecureJarResource(fabric_rendering_data_attachment_v1)
[257月2026 13:11:40.803] [main/DEBUG] [mixin/]: Instancing new MixinPlatformAgentMinecraftForge for SecureJarResource(fabric_rendering_data_attachment_v1)
[257月2026 13:11:40.803] [main/DEBUG] [mixin/]: MixinPlatformAgentMinecraftForge rejected container SecureJarResource(fabric_rendering_data_attachment_v1)
[257月2026 13:11:40.803] [main/DEBUG] [mixin/]: Instancing new MixinPlatformAgentDefault for SecureJarResource(fabric_rendering_data_attachment_v1)
[257月2026 13:11:40.803] [main/DEBUG] [mixin/]: MixinPlatformAgentDefault accepted container SecureJarResource(fabric_rendering_data_attachment_v1)
[257月2026 13:11:40.803] [main/DEBUG] [mixin/]: Instancing new FMLMixinPlatformAgent for SecureJarResource(fabric_rendering_data_attachment_v1)
[257月2026 13:11:40.803] [main/DEBUG] [mixin/]: FMLMixinPlatformAgent rejected container SecureJarResource(fabric_rendering_data_attachment_v1)
[257月2026 13:11:40.803] [main/DEBUG] [mixin/]: Processing prepare() for PlatformAgent[MixinPlatformAgentDefault:SecureJarResource(fabric_rendering_data_attachment_v1)]
[257月2026 13:11:40.803] [main/DEBUG] [mixin/]: Adding mixin platform agents for container SecureJarResource(sodium)
[257月2026 13:11:40.803] [main/DEBUG] [mixin/]: Instancing new MixinPlatformAgentMinecraftForge for SecureJarResource(sodium)
[257月2026 13:11:40.803] [main/DEBUG] [mixin/]: MixinPlatformAgentMinecraftForge rejected container SecureJarResource(sodium)
[257月2026 13:11:40.803] [main/DEBUG] [mixin/]: Instancing new MixinPlatformAgentDefault for SecureJarResource(sodium)
[257月2026 13:11:40.803] [main/DEBUG] [mixin/]: MixinPlatformAgentDefault accepted container SecureJarResource(sodium)
[257月2026 13:11:40.803] [main/DEBUG] [mixin/]: Instancing new FMLMixinPlatformAgent for SecureJarResource(sodium)
[257月2026 13:11:40.803] [main/DEBUG] [mixin/]: FMLMixinPlatformAgent rejected container SecureJarResource(sodium)
[257月2026 13:11:40.803] [main/DEBUG] [mixin/]: Processing prepare() for PlatformAgent[MixinPlatformAgentDefault:SecureJarResource(sodium)]
[257月2026 13:11:40.803] [main/DEBUG] [mixin/]: Adding mixin platform agents for container SecureJarResource(tacz)
[257月2026 13:11:40.803] [main/DEBUG] [mixin/]: Instancing new MixinPlatformAgentMinecraftForge for SecureJarResource(tacz)
[257月2026 13:11:40.803] [main/DEBUG] [mixin/]: MixinPlatformAgentMinecraftForge rejected container SecureJarResource(tacz)
[257月2026 13:11:40.803] [main/DEBUG] [mixin/]: Instancing new MixinPlatformAgentDefault for SecureJarResource(tacz)
[257月2026 13:11:40.803] [main/DEBUG] [mixin/]: MixinPlatformAgentDefault accepted container SecureJarResource(tacz)
[257月2026 13:11:40.803] [main/DEBUG] [mixin/]: Instancing new FMLMixinPlatformAgent for SecureJarResource(tacz)
[257月2026 13:11:40.803] [main/DEBUG] [mixin/]: FMLMixinPlatformAgent rejected container SecureJarResource(tacz)
[257月2026 13:11:40.803] [main/DEBUG] [mixin/]: Processing prepare() for PlatformAgent[MixinPlatformAgentDefault:SecureJarResource(tacz)]
[257月2026 13:11:40.804] [main/DEBUG] [mixin/]: Adding mixin platform agents for container SecureJarResource(cloth_config)
[257月2026 13:11:40.804] [main/DEBUG] [mixin/]: Instancing new MixinPlatformAgentMinecraftForge for SecureJarResource(cloth_config)
[257月2026 13:11:40.804] [main/DEBUG] [mixin/]: MixinPlatformAgentMinecraftForge rejected container SecureJarResource(cloth_config)
[257月2026 13:11:40.804] [main/DEBUG] [mixin/]: Instancing new MixinPlatformAgentDefault for SecureJarResource(cloth_config)
[257月2026 13:11:40.804] [main/DEBUG] [mixin/]: MixinPlatformAgentDefault accepted container SecureJarResource(cloth_config)
[257月2026 13:11:40.804] [main/DEBUG] [mixin/]: Instancing new FMLMixinPlatformAgent for SecureJarResource(cloth_config)
[257月2026 13:11:40.804] [main/DEBUG] [mixin/]: FMLMixinPlatformAgent rejected container SecureJarResource(cloth_config)
[257月2026 13:11:40.804] [main/DEBUG] [mixin/]: Processing prepare() for PlatformAgent[MixinPlatformAgentDefault:SecureJarResource(cloth_config)]
[257月2026 13:11:40.804] [main/DEBUG] [mixin/]: Adding mixin platform agents for container SecureJarResource(fabric_block_view_api_v2)
[257月2026 13:11:40.804] [main/DEBUG] [mixin/]: Instancing new MixinPlatformAgentMinecraftForge for SecureJarResource(fabric_block_view_api_v2)
[257月2026 13:11:40.804] [main/DEBUG] [mixin/]: MixinPlatformAgentMinecraftForge rejected container SecureJarResource(fabric_block_view_api_v2)
[257月2026 13:11:40.804] [main/DEBUG] [mixin/]: Instancing new MixinPlatformAgentDefault for SecureJarResource(fabric_block_view_api_v2)
[257月2026 13:11:40.804] [main/DEBUG] [mixin/]: MixinPlatformAgentDefault accepted container SecureJarResource(fabric_block_view_api_v2)
[257月2026 13:11:40.804] [main/DEBUG] [mixin/]: Instancing new FMLMixinPlatformAgent for SecureJarResource(fabric_block_view_api_v2)
[257月2026 13:11:40.804] [main/DEBUG] [mixin/]: FMLMixinPlatformAgent rejected container SecureJarResource(fabric_block_view_api_v2)
[257月2026 13:11:40.804] [main/DEBUG] [mixin/]: Processing prepare() for PlatformAgent[MixinPlatformAgentDefault:SecureJarResource(fabric_block_view_api_v2)]
[257月2026 13:11:40.804] [main/DEBUG] [mixin/]: Adding mixin platform agents for container SecureJarResource(mixinextras.neoforge)
[257月2026 13:11:40.804] [main/DEBUG] [mixin/]: Instancing new MixinPlatformAgentMinecraftForge for SecureJarResource(mixinextras.neoforge)
[257月2026 13:11:40.804] [main/DEBUG] [mixin/]: MixinPlatformAgentMinecraftForge rejected container SecureJarResource(mixinextras.neoforge)
[257月2026 13:11:40.804] [main/DEBUG] [mixin/]: Instancing new MixinPlatformAgentDefault for SecureJarResource(mixinextras.neoforge)
[257月2026 13:11:40.804] [main/DEBUG] [mixin/]: MixinPlatformAgentDefault accepted container SecureJarResource(mixinextras.neoforge)
[257月2026 13:11:40.804] [main/DEBUG] [mixin/]: Instancing new FMLMixinPlatformAgent for SecureJarResource(mixinextras.neoforge)
[257月2026 13:11:40.804] [main/DEBUG] [mixin/]: FMLMixinPlatformAgent rejected container SecureJarResource(mixinextras.neoforge)
[257月2026 13:11:40.804] [main/DEBUG] [mixin/]: Processing prepare() for PlatformAgent[MixinPlatformAgentDefault:SecureJarResource(mixinextras.neoforge)]
[257月2026 13:11:40.804] [main/DEBUG] [mixin/]: Registering mixin config: mixinextras.init.mixins.json source=SecureJarResource(mixinextras.neoforge)
[257月2026 13:11:40.805] [main/DEBUG] [mixin/]: inject() running with 16 agents
[257月2026 13:11:40.805] [main/DEBUG] [mixin/]: Processing inject() for PlatformAgent[MixinPlatformAgentDefault:ModLauncher Root Container(ModLauncher:4f56a0a2)]
[257月2026 13:11:40.805] [main/DEBUG] [mixin/]: Processing inject() for PlatformAgent[MixinPlatformAgentDefault:net.neoforged.fml.loading.mixin.FMLMixinContainerHandle@1b15f922]
[257月2026 13:11:40.805] [main/DEBUG] [mixin/]: Processing inject() for PlatformAgent[FMLMixinPlatformAgent:null]
[257月2026 13:11:40.805] [main/DEBUG] [mixin/]: Processing inject() for PlatformAgent[MixinPlatformAgentDefault:SecureJarResource(mixin_synthetic)]
[257月2026 13:11:40.805] [main/DEBUG] [mixin/]: Processing inject() for PlatformAgent[MixinPlatformAgentDefault:SecureJarResource(minecraft)]
[257月2026 13:11:40.805] [main/DEBUG] [mixin/]: Processing inject() for PlatformAgent[MixinPlatformAgentDefault:SecureJarResource(iris)]
[257月2026 13:11:40.805] [main/DEBUG] [mixin/]: Processing inject() for PlatformAgent[MixinPlatformAgentDefault:SecureJarResource(fabric_api_base)]
[257月2026 13:11:40.805] [main/DEBUG] [mixin/]: Processing inject() for PlatformAgent[MixinPlatformAgentDefault:SecureJarResource(fabric_renderer_api_v1)]
[257月2026 13:11:40.805] [main/DEBUG] [mixin/]: Processing inject() for PlatformAgent[MixinPlatformAgentDefault:SecureJarResource(avaritia)]
[257月2026 13:11:40.805] [main/DEBUG] [mixin/]: Processing inject() for PlatformAgent[MixinPlatformAgentDefault:SecureJarResource(jade)]
[257月2026 13:11:40.805] [main/DEBUG] [mixin/]: Processing inject() for PlatformAgent[MixinPlatformAgentDefault:SecureJarResource(jei)]
[257月2026 13:11:40.805] [main/DEBUG] [mixin/]: Processing inject() for PlatformAgent[MixinPlatformAgentDefault:SecureJarResource(fabric_rendering_data_attachment_v1)]
[257月2026 13:11:40.805] [main/DEBUG] [mixin/]: Processing inject() for PlatformAgent[MixinPlatformAgentDefault:SecureJarResource(sodium)]
[257月2026 13:11:40.805] [main/DEBUG] [mixin/]: Processing inject() for PlatformAgent[MixinPlatformAgentDefault:SecureJarResource(tacz)]
[257月2026 13:11:40.805] [main/DEBUG] [mixin/]: Processing inject() for PlatformAgent[MixinPlatformAgentDefault:SecureJarResource(cloth_config)]
[257月2026 13:11:40.805] [main/DEBUG] [mixin/]: Processing inject() for PlatformAgent[MixinPlatformAgentDefault:SecureJarResource(fabric_block_view_api_v2)]
[257月2026 13:11:40.805] [main/DEBUG] [mixin/]: Processing inject() for PlatformAgent[MixinPlatformAgentDefault:SecureJarResource(mixinextras.neoforge)]
[257月2026 13:11:40.805] [main/INFO] [cpw.mods.modlauncher.LaunchServiceHandler/MODLAUNCHER]: Launching target 'forgeclientdev' with arguments [--version, 21.1.236, --gameDir, ., --assetsDir, /Users/wangziyang/.gradle/caches/neoformruntime/assets, --assetIndex, 17]
[257月2026 13:11:40.817] [main/DEBUG] [mixin/]: Preparing mixins for MixinEnvironment[DEFAULT]
[257月2026 13:11:40.818] [main/DEBUG] [mixin/]: Selecting config mixins.iris.json
[257月2026 13:11:40.820] [main/WARN] [mixin/]: Reference map 'iris.refmap.json' for mixins.iris.json could not be read. If this is a development environment you can ignore this message
[257月2026 13:11:40.821] [main/DEBUG] [mixin/]: Selecting config mixins.iris.fantastic.json
[257月2026 13:11:40.821] [main/WARN] [mixin/]: Reference map 'iris.refmap.json' for mixins.iris.fantastic.json could not be read. If this is a development environment you can ignore this message
[257月2026 13:11:40.821] [main/DEBUG] [mixin/]: Selecting config mixins.iris.vertexformat.json
[257月2026 13:11:40.821] [main/WARN] [mixin/]: Reference map 'iris.refmap.json' for mixins.iris.vertexformat.json could not be read. If this is a development environment you can ignore this message
[257月2026 13:11:40.821] [main/DEBUG] [mixin/]: Selecting config iris-batched-entity-rendering.mixins.json
[257月2026 13:11:40.821] [main/WARN] [mixin/]: Reference map 'iris.refmap.json' for iris-batched-entity-rendering.mixins.json could not be read. If this is a development environment you can ignore this message
[257月2026 13:11:40.821] [main/DEBUG] [mixin/]: Selecting config mixins.iris.compat.sodium.json
[257月2026 13:11:40.821] [main/WARN] [mixin/]: Reference map 'iris.refmap.json' for mixins.iris.compat.sodium.json could not be read. If this is a development environment you can ignore this message
[257月2026 13:11:40.821] [main/DEBUG] [mixin/]: Selecting config mixins.iris.compat.dh.json
[257月2026 13:11:40.822] [main/DEBUG] [mixin/]: Selecting config mixins.iris.forge.json
[257月2026 13:11:40.822] [main/DEBUG] [mixin/]: Selecting config fabric-renderer-api-v1.mixins.json
[257月2026 13:11:40.822] [main/DEBUG] [mixin/]: Selecting config fabric-renderer-api-v1.debughud.mixins.json
[257月2026 13:11:40.822] [main/DEBUG] [mixin/]: Selecting config avaritia.mixins.json
[257月2026 13:11:40.822] [main/WARN] [mixin/]: Reference map 'mixins.avaritia.refmap.json' for avaritia.mixins.json could not be read. If this is a development environment you can ignore this message
[257月2026 13:11:40.822] [main/DEBUG] [mixin/]: Selecting config avaritia.iris.mixins.json
[257月2026 13:11:40.823] [main/WARN] [mixin/]: Reference map 'mixins.avaritia.refmap.json' for avaritia.iris.mixins.json could not be read. If this is a development environment you can ignore this message
[257月2026 13:11:40.823] [main/DEBUG] [mixin/]: Selecting config jade.mixins.json
[257月2026 13:11:40.823] [main/DEBUG] [mixin/]: Selecting config fabric-rendering-data-attachment-v1.mixins.json
[257月2026 13:11:40.823] [main/DEBUG] [mixin/]: Selecting config fabric-rendering-data-attachment-v1.client.mixins.json
[257月2026 13:11:40.823] [main/DEBUG] [mixin/]: Selecting config sodium-common.mixins.json
[257月2026 13:11:40.826] [main/DEBUG] [Sodium/]: Loaded net.caffeinemc.mods.sodium.neoforge.ForgeMixinOverrides@43e1692f for service interface net.caffeinemc.mods.sodium.client.services.PlatformMixinOverrides
[257月2026 13:11:40.827] [main/DEBUG] [Sodium/]: Loaded net.caffeinemc.mods.sodium.neoforge.NeoForgeRuntimeInformation@4f5f6e45 for service interface net.caffeinemc.mods.sodium.client.services.PlatformRuntimeInformation
[257月2026 13:11:40.827] [main/INFO] [Sodium/]: Loaded configuration file for Sodium: 45 options available, 1 override(s) found
[257月2026 13:11:40.828] [main/DEBUG] [mixin/]: Selecting config sodium-neoforge.mixins.json
[257月2026 13:11:40.828] [main/DEBUG] [mixin/]: Selecting config tacz.mixins.json
[257月2026 13:11:40.828] [main/WARN] [mixin/]: Reference map 'tacz.refmap.json' for tacz.mixins.json could not be read. If this is a development environment you can ignore this message
[257月2026 13:11:40.828] [main/DEBUG] [mixin/]: Selecting config neoforge.mixins.json
[257月2026 13:11:40.828] [main/DEBUG] [mixin/]: Selecting config fabric-block-view-api-v2.mixins.json
[257月2026 13:11:40.828] [main/DEBUG] [mixin/]: Selecting config fabric-block-view-api-v2.client.mixins.json
[257月2026 13:11:40.828] [main/DEBUG] [mixin/]: Selecting config mixinextras.init.mixins.json
[257月2026 13:11:40.844] [main/DEBUG] [MixinExtras|Service/]: com.llamalad7.mixinextras.service.MixinExtrasServiceImpl(version=0.5.3) is taking over from null
[257月2026 13:11:40.857] [main/DEBUG] [mixin/]: Registering new injector for @Inject with org.spongepowered.asm.mixin.injection.struct.CallbackInjectionInfo
[257月2026 13:11:40.858] [main/DEBUG] [mixin/]: Registering new injector for @ModifyArg with org.spongepowered.asm.mixin.injection.struct.ModifyArgInjectionInfo
[257月2026 13:11:40.858] [main/DEBUG] [mixin/]: Registering new injector for @ModifyArgs with org.spongepowered.asm.mixin.injection.struct.ModifyArgsInjectionInfo
[257月2026 13:11:40.859] [main/DEBUG] [mixin/]: Registering new injector for @Redirect with org.spongepowered.asm.mixin.injection.struct.RedirectInjectionInfo
[257月2026 13:11:40.859] [main/DEBUG] [mixin/]: Registering new injector for @ModifyVariable with org.spongepowered.asm.mixin.injection.struct.ModifyVariableInjectionInfo
[257月2026 13:11:40.860] [main/DEBUG] [mixin/]: Registering new injector for @ModifyConstant with org.spongepowered.asm.mixin.injection.struct.ModifyConstantInjectionInfo
[257月2026 13:11:40.863] [main/DEBUG] [mixin/]: Preparing mixins.iris.json (96)
[257月2026 13:11:40.996] [main/DEBUG] [mixin/]: Preparing mixins.iris.fantastic.json (3)
[257月2026 13:11:40.998] [main/DEBUG] [mixin/]: Preparing mixins.iris.vertexformat.json (8)
[257月2026 13:11:41.004] [main/DEBUG] [mixin/]: Preparing iris-batched-entity-rendering.mixins.json (18)
[257月2026 13:11:41.008] [main/DEBUG] [mixin/]: Preparing mixins.iris.compat.sodium.json (19)
[257月2026 13:11:41.017] [main/DEBUG] [mixin/]: Preparing mixins.iris.compat.dh.json (4)
[257月2026 13:11:41.018] [main/DEBUG] [mixin/]: Preparing mixins.iris.forge.json (11)
[257月2026 13:11:41.019] [main/WARN] [mixin/]: Error loading class: com/portingdeadmods/cable_facades/events/GameClientEvents$2 (java.lang.ClassNotFoundException: com.portingdeadmods.cable_facades.events.GameClientEvents$2)
[257月2026 13:11:41.020] [main/DEBUG] [mixin/]: Skipping virtual target com/portingdeadmods/cable_facades/events/GameClientEvents$2 for mixins.iris.forge.json:MixinGameClientEvents from mod iris
[257月2026 13:11:41.020] [main/WARN] [mixin/]: Error loading class: com/direwolf20/justdirethings/client/renderers/OurRenderTypes (java.lang.ClassNotFoundException: com.direwolf20.justdirethings.client.renderers.OurRenderTypes)
[257月2026 13:11:41.020] [main/DEBUG] [mixin/]: Skipping virtual target com/direwolf20/justdirethings/client/renderers/OurRenderTypes for mixins.iris.forge.json:MixinGooBlock from mod iris
[257月2026 13:11:41.020] [main/WARN] [mixin/]: Error loading class: mekanism/client/render/entity/RenderFlame (java.lang.ClassNotFoundException: mekanism.client.render.entity.RenderFlame)
[257月2026 13:11:41.020] [main/DEBUG] [mixin/]: Skipping virtual target mekanism/client/render/entity/RenderFlame for mixins.iris.forge.json:MixinRenderFlame from mod iris
[257月2026 13:11:41.020] [main/WARN] [mixin/]: Error loading class: mekanism/client/render/armor/MekaSuitArmor (java.lang.ClassNotFoundException: mekanism.client.render.armor.MekaSuitArmor)
[257月2026 13:11:41.020] [main/DEBUG] [mixin/]: Skipping virtual target mekanism/client/render/armor/MekaSuitArmor for mixins.iris.forge.json:MixinRenderMekasuit from mod iris
[257月2026 13:11:41.021] [main/WARN] [mixin/]: Error loading class: mekanism/client/render/lib/effect/BillboardingEffectRenderer (java.lang.ClassNotFoundException: mekanism.client.render.lib.effect.BillboardingEffectRenderer)
[257月2026 13:11:41.021] [main/DEBUG] [mixin/]: Skipping virtual target mekanism.client.render.lib.effect.BillboardingEffectRenderer for mixins.iris.forge.json:MixinRenderSPS from mod iris
[257月2026 13:11:41.022] [main/WARN] [mixin/]: Error loading class: blusunrize/immersiveengineering/client/utils/IEGLShaders (java.lang.ClassNotFoundException: blusunrize.immersiveengineering.client.utils.IEGLShaders)
[257月2026 13:11:41.022] [main/DEBUG] [mixin/]: Skipping virtual target blusunrize/immersiveengineering/client/utils/IEGLShaders for mixins.iris.forge.json:MixinVBOIE from mod iris
[257月2026 13:11:41.022] [main/DEBUG] [mixin/]: Preparing fabric-renderer-api-v1.mixins.json (4)
[257月2026 13:11:41.023] [main/DEBUG] [mixin/]: Preparing fabric-renderer-api-v1.debughud.mixins.json (1)
[257月2026 13:11:41.024] [main/DEBUG] [mixin/]: Preparing avaritia.mixins.json (2)
[257月2026 13:11:41.026] [main/DEBUG] [mixin/]: Preparing avaritia.iris.mixins.json (2)
[257月2026 13:11:41.027] [main/DEBUG] [mixin/]: Preparing jade.mixins.json (6)
[257月2026 13:11:41.038] [main/DEBUG] [mixin/]: Preparing fabric-rendering-data-attachment-v1.mixins.json (2)
[257月2026 13:11:41.039] [main/DEBUG] [mixin/]: Preparing fabric-rendering-data-attachment-v1.client.mixins.json (1)
[257月2026 13:11:41.040] [main/DEBUG] [mixin/]: Preparing sodium-common.mixins.json (85)
[257月2026 13:11:41.047] [main/WARN] [Sodium/]: Force-disabling mixin 'features.render.world.sky.ClientLevelMixin' as rule 'mixin.features.render.world.sky' (added by mods [iris]) disables it and children
[257月2026 13:11:41.047] [main/WARN] [Sodium/]: Force-disabling mixin 'features.render.world.sky.FogRendererMixin' as rule 'mixin.features.render.world.sky' (added by mods [iris]) disables it and children
[257月2026 13:11:41.047] [main/WARN] [Sodium/]: Force-disabling mixin 'features.render.world.sky.LevelRendererMixin' as rule 'mixin.features.render.world.sky' (added by mods [iris]) disables it and children
[257月2026 13:11:41.069] [main/DEBUG] [mixin/]: Preparing sodium-neoforge.mixins.json (14)
[257月2026 13:11:41.075] [main/DEBUG] [mixin/]: Preparing tacz.mixins.json (14)
[257月2026 13:11:41.076] [main/WARN] [mixin/]: Error loading class: com/mrcrayfish/controllable/client/binding/context/BindingContext (java.lang.ClassNotFoundException: com.mrcrayfish.controllable.client.binding.context.BindingContext)
[257月2026 13:11:41.076] [main/DEBUG] [mixin/]: Skipping virtual target com.mrcrayfish.controllable.client.binding.context.BindingContext for tacz.mixins.json:common.BindingContextMixin from mod tacz
[257月2026 13:11:41.094] [main/DEBUG] [mixin/]: Preparing neoforge.mixins.json (2)
[257月2026 13:11:41.095] [main/DEBUG] [mixin/]: Preparing fabric-block-view-api-v2.mixins.json (2)
[257月2026 13:11:41.096] [main/DEBUG] [mixin/]: Preparing fabric-block-view-api-v2.client.mixins.json (2)
[257月2026 13:11:41.096] [main/DEBUG] [mixin/]: Preparing mixinextras.init.mixins.json (0)
[257月2026 13:11:41.100] [main/DEBUG] [mixin/]: Inner class net/irisshaders/iris/mixin/MixinChunkBorderRenderer$1 in net/irisshaders/iris/mixin/MixinChunkBorderRenderer on net/minecraft/client/renderer/debug/ChunkBorderRenderer gets unique name net/minecraft/client/renderer/debug/ChunkBorderRenderer$Anonymous$97c3c1ae198d4ae4a98fe02568b87d22
[257月2026 13:11:41.132] [main/DEBUG] [mixin/]: Prepared 281 mixins in 0.312 sec (1.1ms avg) (0ms load, 0ms transform, 0ms plugin)
[257月2026 13:11:41.134] [main/INFO] [MixinExtras|Service/]: Initializing MixinExtras via com.llamalad7.mixinextras.service.MixinExtrasServiceImpl(version=0.5.3).
[257月2026 13:11:41.135] [main/DEBUG] [mixin/]: Registering new injector for @SugarWrapper with com.llamalad7.mixinextras.sugar.impl.SugarWrapperInjectionInfo
[257月2026 13:11:41.135] [main/DEBUG] [mixin/]: Registering new injector for @FactoryRedirectWrapper with com.llamalad7.mixinextras.wrapper.factory.FactoryRedirectWrapperInjectionInfo
[257月2026 13:11:41.135] [main/DEBUG] [mixin/]: Registering new injector for @ExpressionInjectorWrapper with com.llamalad7.mixinextras.expression.impl.wrapper.ExpressionInjectorWrapperInjectionInfo
[257月2026 13:11:41.140] [main/DEBUG] [mixin/]: Mixing texture.MixinAbstractTexture from mixins.iris.json into net.minecraft.client.renderer.texture.AbstractTexture
[257月2026 13:11:41.140] [main/DEBUG] [mixin/]: mixins.iris.json:texture.MixinAbstractTexture from mod iris: Class version 65 required is higher than the class version supported by the current version of Mixin (JAVA_8 supports class version 52)
[257月2026 13:11:41.163] [main/DEBUG] [mixin/]: Mixing texture.SimpleTextureAccessor from mixins.iris.json into net.minecraft.client.renderer.texture.SimpleTexture
[257月2026 13:11:41.164] [main/DEBUG] [mixin/]: mixins.iris.json:texture.SimpleTextureAccessor from mod iris: Class version 65 required is higher than the class version supported by the current version of Mixin (JAVA_8 supports class version 52)
[257月2026 13:11:41.166] [main/DEBUG] [mixin/]: Mixing features.render.immediate.buffer_builder.intrinsics.VertexConsumerMixin from sodium-common.mixins.json into com.mojang.blaze3d.vertex.VertexConsumer
[257月2026 13:11:41.176] [main/DEBUG] [mixin/]: Mixing features.render.immediate.matrix_stack.VertexConsumerMixin from sodium-common.mixins.json into com.mojang.blaze3d.vertex.VertexConsumer
[257月2026 13:11:41.221] [main/DEBUG] [mixin/]: Mixing features.textures.animations.tracking.GuiGraphicsMixin from sodium-common.mixins.json into net.minecraft.client.gui.GuiGraphics
[257月2026 13:11:41.223] [main/DEBUG] [mixin/]: sodium-common.mixins.json:features.textures.animations.tracking.GuiGraphicsMixin from mod sodium->@Inject::preDrawSprite(IIIIILnet/minecraft/client/renderer/texture/TextureAtlasSprite;Lorg/spongepowered/asm/mixin/injection/callback/CallbackInfo;)V doesn't use it's CallbackInfo
[257月2026 13:11:41.224] [main/DEBUG] [mixin/]: sodium-common.mixins.json:features.textures.animations.tracking.GuiGraphicsMixin from mod sodium->@Inject::preDrawSprite(IIIIILnet/minecraft/client/renderer/texture/TextureAtlasSprite;Lorg/spongepowered/asm/mixin/injection/callback/CallbackInfo;)V has 0 override(s) in child classes
[257月2026 13:11:41.224] [main/DEBUG] [mixin/]: sodium-common.mixins.json:features.textures.animations.tracking.GuiGraphicsMixin from mod sodium->@Inject::preDrawSprite(IIIIILnet/minecraft/client/renderer/texture/TextureAtlasSprite;Lorg/spongepowered/asm/mixin/injection/callback/CallbackInfo;)V won't be passed a CallbackInfo as a result
[257月2026 13:11:41.224] [main/DEBUG] [mixin/]: sodium-common.mixins.json:features.textures.animations.tracking.GuiGraphicsMixin from mod sodium->@Inject::preDrawSprite(IIIIILnet/minecraft/client/renderer/texture/TextureAtlasSprite;FFFFLorg/spongepowered/asm/mixin/injection/callback/CallbackInfo;)V doesn't use it's CallbackInfo
[257月2026 13:11:41.224] [main/DEBUG] [mixin/]: sodium-common.mixins.json:features.textures.animations.tracking.GuiGraphicsMixin from mod sodium->@Inject::preDrawSprite(IIIIILnet/minecraft/client/renderer/texture/TextureAtlasSprite;FFFFLorg/spongepowered/asm/mixin/injection/callback/CallbackInfo;)V has 0 override(s) in child classes
[257月2026 13:11:41.224] [main/DEBUG] [mixin/]: sodium-common.mixins.json:features.textures.animations.tracking.GuiGraphicsMixin from mod sodium->@Inject::preDrawSprite(IIIIILnet/minecraft/client/renderer/texture/TextureAtlasSprite;FFFFLorg/spongepowered/asm/mixin/injection/callback/CallbackInfo;)V won't be passed a CallbackInfo as a result
[257月2026 13:11:41.230] [main/DEBUG] [mixin/]: Mixing MixinMinecraft_Images from mixins.iris.json into net.minecraft.client.Minecraft
[257月2026 13:11:41.231] [main/DEBUG] [mixin/]: mixins.iris.json:MixinMinecraft_Images from mod iris: Class version 65 required is higher than the class version supported by the current version of Mixin (JAVA_8 supports class version 52)
[257月2026 13:11:41.239] [main/DEBUG] [mixin/]: Mixing MixinMinecraft_Keybinds from mixins.iris.json into net.minecraft.client.Minecraft
[257月2026 13:11:41.239] [main/DEBUG] [mixin/]: mixins.iris.json:MixinMinecraft_Keybinds from mod iris: Class version 65 required is higher than the class version supported by the current version of Mixin (JAVA_8 supports class version 52)
[257月2026 13:11:41.240] [main/DEBUG] [mixin/]: Mixing MixinMinecraft_PipelineManagement from mixins.iris.json into net.minecraft.client.Minecraft
[257月2026 13:11:41.241] [main/DEBUG] [mixin/]: mixins.iris.json:MixinMinecraft_PipelineManagement from mod iris: Class version 65 required is higher than the class version supported by the current version of Mixin (JAVA_8 supports class version 52)
[257月2026 13:11:41.246] [main/DEBUG] [mixin/]: Mixing core.MinecraftMixin from sodium-common.mixins.json into net.minecraft.client.Minecraft
[257月2026 13:11:41.251] [main/DEBUG] [mixin/]: Mixing platform.neoforge.EntrypointMixin from sodium-neoforge.mixins.json into net.minecraft.client.Minecraft
[257月2026 13:11:41.252] [main/DEBUG] [mixin/]: Renaming synthetic method lambda$sodium$loadConfig$0(Lnet/neoforged/fml/ModContainer;)Ljava/lang/String; to md334d03$sodium$lambda$sodium$loadConfig$0$0 in sodium-neoforge.mixins.json:platform.neoforge.EntrypointMixin from mod sodium
[257月2026 13:11:41.266] [main/DEBUG] [mixin/]: mixins.iris.json:MixinMinecraft_Images from mod iris->@Inject::iris$setupImages(Lnet/minecraft/client/main/GameConfig;Lorg/spongepowered/asm/mixin/injection/callback/CallbackInfo;)V doesn't use it's CallbackInfo
[257月2026 13:11:41.266] [main/DEBUG] [mixin/]: mixins.iris.json:MixinMinecraft_Images from mod iris->@Inject::iris$setupImages(Lnet/minecraft/client/main/GameConfig;Lorg/spongepowered/asm/mixin/injection/callback/CallbackInfo;)V has 0 override(s) in child classes
[257月2026 13:11:41.266] [main/DEBUG] [mixin/]: mixins.iris.json:MixinMinecraft_Images from mod iris->@Inject::iris$setupImages(Lnet/minecraft/client/main/GameConfig;Lorg/spongepowered/asm/mixin/injection/callback/CallbackInfo;)V won't be passed a CallbackInfo as a result
[257月2026 13:11:41.266] [main/DEBUG] [mixin/]: mixins.iris.json:MixinMinecraft_Keybinds from mod iris->@Inject::iris$onTick(Lorg/spongepowered/asm/mixin/injection/callback/CallbackInfo;)V doesn't use it's CallbackInfo
[257月2026 13:11:41.266] [main/DEBUG] [mixin/]: mixins.iris.json:MixinMinecraft_Keybinds from mod iris->@Inject::iris$onTick(Lorg/spongepowered/asm/mixin/injection/callback/CallbackInfo;)V has 0 override(s) in child classes
[257月2026 13:11:41.266] [main/DEBUG] [mixin/]: mixins.iris.json:MixinMinecraft_Keybinds from mod iris->@Inject::iris$onTick(Lorg/spongepowered/asm/mixin/injection/callback/CallbackInfo;)V won't be passed a CallbackInfo as a result
[257月2026 13:11:41.266] [main/DEBUG] [mixin/]: mixins.iris.json:MixinMinecraft_PipelineManagement from mod iris->@Inject::iris$trackLastDimensionOnLeave(Lnet/minecraft/client/gui/screens/Screen;Lorg/spongepowered/asm/mixin/injection/callback/CallbackInfo;)V doesn't use it's CallbackInfo
[257月2026 13:11:41.266] [main/DEBUG] [mixin/]: mixins.iris.json:MixinMinecraft_PipelineManagement from mod iris->@Inject::iris$trackLastDimensionOnLeave(Lnet/minecraft/client/gui/screens/Screen;Lorg/spongepowered/asm/mixin/injection/callback/CallbackInfo;)V has 0 override(s) in child classes
[257月2026 13:11:41.266] [main/DEBUG] [mixin/]: mixins.iris.json:MixinMinecraft_PipelineManagement from mod iris->@Inject::iris$trackLastDimensionOnLeave(Lnet/minecraft/client/gui/screens/Screen;Lorg/spongepowered/asm/mixin/injection/callback/CallbackInfo;)V won't be passed a CallbackInfo as a result
[257月2026 13:11:41.266] [main/DEBUG] [mixin/]: mixins.iris.json:MixinMinecraft_PipelineManagement from mod iris->@Inject::iris$trackLastDimensionOnLevelChange(Lnet/minecraft/client/multiplayer/ClientLevel;Lnet/minecraft/client/gui/screens/ReceivingLevelScreen$Reason;Lorg/spongepowered/asm/mixin/injection/callback/CallbackInfo;)V doesn't use it's CallbackInfo
[257月2026 13:11:41.266] [main/DEBUG] [mixin/]: mixins.iris.json:MixinMinecraft_PipelineManagement from mod iris->@Inject::iris$trackLastDimensionOnLevelChange(Lnet/minecraft/client/multiplayer/ClientLevel;Lnet/minecraft/client/gui/screens/ReceivingLevelScreen$Reason;Lorg/spongepowered/asm/mixin/injection/callback/CallbackInfo;)V has 0 override(s) in child classes
[257月2026 13:11:41.266] [main/DEBUG] [mixin/]: mixins.iris.json:MixinMinecraft_PipelineManagement from mod iris->@Inject::iris$trackLastDimensionOnLevelChange(Lnet/minecraft/client/multiplayer/ClientLevel;Lnet/minecraft/client/gui/screens/ReceivingLevelScreen$Reason;Lorg/spongepowered/asm/mixin/injection/callback/CallbackInfo;)V won't be passed a CallbackInfo as a result
[257月2026 13:11:41.266] [main/DEBUG] [mixin/]: mixins.iris.json:MixinMinecraft_PipelineManagement from mod iris->@Inject::iris$resetPipeline(Lnet/minecraft/client/multiplayer/ClientLevel;Lorg/spongepowered/asm/mixin/injection/callback/CallbackInfo;)V doesn't use it's CallbackInfo
[257月2026 13:11:41.266] [main/DEBUG] [mixin/]: mixins.iris.json:MixinMinecraft_PipelineManagement from mod iris->@Inject::iris$resetPipeline(Lnet/minecraft/client/multiplayer/ClientLevel;Lorg/spongepowered/asm/mixin/injection/callback/CallbackInfo;)V has 0 override(s) in child classes
[257月2026 13:11:41.266] [main/DEBUG] [mixin/]: mixins.iris.json:MixinMinecraft_PipelineManagement from mod iris->@Inject::iris$resetPipeline(Lnet/minecraft/client/multiplayer/ClientLevel;Lorg/spongepowered/asm/mixin/injection/callback/CallbackInfo;)V won't be passed a CallbackInfo as a result
[257月2026 13:11:41.266] [main/DEBUG] [mixin/]: sodium-common.mixins.json:core.MinecraftMixin from mod sodium->@Inject::preRender(ZLorg/spongepowered/asm/mixin/injection/callback/CallbackInfo;)V doesn't use it's CallbackInfo
[257月2026 13:11:41.266] [main/DEBUG] [mixin/]: sodium-common.mixins.json:core.MinecraftMixin from mod sodium->@Inject::preRender(ZLorg/spongepowered/asm/mixin/injection/callback/CallbackInfo;)V has 0 override(s) in child classes
[257月2026 13:11:41.266] [main/DEBUG] [mixin/]: sodium-common.mixins.json:core.MinecraftMixin from mod sodium->@Inject::preRender(ZLorg/spongepowered/asm/mixin/injection/callback/CallbackInfo;)V won't be passed a CallbackInfo as a result
[257月2026 13:11:41.266] [main/DEBUG] [mixin/]: sodium-common.mixins.json:core.MinecraftMixin from mod sodium->@Inject::postRender(ZLorg/spongepowered/asm/mixin/injection/callback/CallbackInfo;)V doesn't use it's CallbackInfo
[257月2026 13:11:41.266] [main/DEBUG] [mixin/]: sodium-common.mixins.json:core.MinecraftMixin from mod sodium->@Inject::postRender(ZLorg/spongepowered/asm/mixin/injection/callback/CallbackInfo;)V has 0 override(s) in child classes
[257月2026 13:11:41.266] [main/DEBUG] [mixin/]: sodium-common.mixins.json:core.MinecraftMixin from mod sodium->@Inject::postRender(ZLorg/spongepowered/asm/mixin/injection/callback/CallbackInfo;)V won't be passed a CallbackInfo as a result
[257月2026 13:11:41.266] [main/DEBUG] [mixin/]: sodium-common.mixins.json:core.MinecraftMixin from mod sodium->@Inject::postInit(Lorg/spongepowered/asm/mixin/injection/callback/CallbackInfoReturnable;)V doesn't use it's CallbackInfoReturnable
[257月2026 13:11:41.266] [main/DEBUG] [mixin/]: sodium-common.mixins.json:core.MinecraftMixin from mod sodium->@Inject::postInit(Lorg/spongepowered/asm/mixin/injection/callback/CallbackInfoReturnable;)V has 0 override(s) in child classes
[257月2026 13:11:41.266] [main/DEBUG] [mixin/]: sodium-common.mixins.json:core.MinecraftMixin from mod sodium->@Inject::postInit(Lorg/spongepowered/asm/mixin/injection/callback/CallbackInfoReturnable;)V won't be passed a CallbackInfoReturnable as a result
[257月2026 13:11:41.267] [main/DEBUG] [mixin/]: sodium-common.mixins.json:core.MinecraftMixin from mod sodium->@Inject::postResourceReload(Lorg/spongepowered/asm/mixin/injection/callback/CallbackInfoReturnable;)V doesn't use it's CallbackInfoReturnable
[257月2026 13:11:41.267] [main/DEBUG] [mixin/]: sodium-common.mixins.json:core.MinecraftMixin from mod sodium->@Inject::postResourceReload(Lorg/spongepowered/asm/mixin/injection/callback/CallbackInfoReturnable;)V has 0 override(s) in child classes
[257月2026 13:11:41.267] [main/DEBUG] [mixin/]: sodium-common.mixins.json:core.MinecraftMixin from mod sodium->@Inject::postResourceReload(Lorg/spongepowered/asm/mixin/injection/callback/CallbackInfoReturnable;)V won't be passed a CallbackInfoReturnable as a result
[257月2026 13:11:41.267] [main/DEBUG] [mixin/]: sodium-common.mixins.json:core.MinecraftMixin from mod sodium->@Inject::sodium$updatePercentileCache(ZLorg/spongepowered/asm/mixin/injection/callback/CallbackInfo;)V doesn't use it's CallbackInfo
[257月2026 13:11:41.267] [main/DEBUG] [mixin/]: sodium-common.mixins.json:core.MinecraftMixin from mod sodium->@Inject::sodium$updatePercentileCache(ZLorg/spongepowered/asm/mixin/injection/callback/CallbackInfo;)V has 0 override(s) in child classes
[257月2026 13:11:41.267] [main/DEBUG] [mixin/]: sodium-common.mixins.json:core.MinecraftMixin from mod sodium->@Inject::sodium$updatePercentileCache(ZLorg/spongepowered/asm/mixin/injection/callback/CallbackInfo;)V won't be passed a CallbackInfo as a result
[257月2026 13:11:41.267] [main/DEBUG] [mixin/]: sodium-neoforge.mixins.json:platform.neoforge.EntrypointMixin from mod sodium->@Inject::sodium$loadConfig(Lnet/minecraft/client/main/GameConfig;Lorg/spongepowered/asm/mixin/injection/callback/CallbackInfo;)V doesn't use it's CallbackInfo
[257月2026 13:11:41.267] [main/DEBUG] [mixin/]: sodium-neoforge.mixins.json:platform.neoforge.EntrypointMixin from mod sodium->@Inject::sodium$loadConfig(Lnet/minecraft/client/main/GameConfig;Lorg/spongepowered/asm/mixin/injection/callback/CallbackInfo;)V has 0 override(s) in child classes
[257月2026 13:11:41.267] [main/DEBUG] [mixin/]: sodium-neoforge.mixins.json:platform.neoforge.EntrypointMixin from mod sodium->@Inject::sodium$loadConfig(Lnet/minecraft/client/main/GameConfig;Lorg/spongepowered/asm/mixin/injection/callback/CallbackInfo;)V won't be passed a CallbackInfo as a result
[257月2026 13:11:41.355] [main/DEBUG] [io.netty.util.internal.logging.InternalLoggerFactory/]: Using SLF4J as the default logging framework
[257月2026 13:11:41.356] [main/DEBUG] [io.netty.util.ResourceLeakDetector/]: -Dio.netty.leakDetection.level: simple
[257月2026 13:11:41.356] [main/DEBUG] [io.netty.util.ResourceLeakDetector/]: -Dio.netty.leakDetection.targetRecords: 4
[257月2026 13:11:41.368] [main/DEBUG] [mixin/]: Mixing texture.MixinResourceLocation from mixins.iris.json into net.minecraft.resources.ResourceLocation
[257月2026 13:11:41.368] [main/DEBUG] [mixin/]: mixins.iris.json:texture.MixinResourceLocation from mod iris: Class version 65 required is higher than the class version supported by the current version of Mixin (JAVA_8 supports class version 52)
[257月2026 13:11:41.371] [main/DEBUG] [mixin/]: mixins.iris.json:texture.MixinResourceLocation from mod iris->@Inject::iris$blockDUMMY(Ljava/lang/String;Lorg/spongepowered/asm/mixin/injection/callback/CallbackInfoReturnable;)V does use it's CallbackInfoReturnable
[257月2026 13:11:41.371] [main/DEBUG] [mixin/]: mixins.iris.json:texture.MixinResourceLocation from mod iris->@Inject::iris$allowInvalidPaths(CLorg/spongepowered/asm/mixin/injection/callback/CallbackInfoReturnable;)V does use it's CallbackInfoReturnable
[257月2026 13:11:41.698] [main/DEBUG] [mixin/]: Mixing MixinSystemReport from mixins.iris.json into net.minecraft.SystemReport
[257月2026 13:11:41.698] [main/DEBUG] [mixin/]: mixins.iris.json:MixinSystemReport from mod iris: Class version 65 required is higher than the class version supported by the current version of Mixin (JAVA_8 supports class version 52)
[257月2026 13:11:41.698] [main/DEBUG] [mixin/]: Renaming synthetic method lambda$fillSystemDetails$1()Ljava/lang/String; to md334d03$iris$lambda$fillSystemDetails$1$0 in mixins.iris.json:MixinSystemReport from mod iris
[257月2026 13:11:41.698] [main/DEBUG] [mixin/]: Renaming synthetic method lambda$fillSystemDetails$0(Ljava/lang/StringBuilder;Lnet/irisshaders/iris/shaderpack/ShaderPack;)V to md334d03$iris$lambda$fillSystemDetails$0$1 in mixins.iris.json:MixinSystemReport from mod iris
[257月2026 13:11:41.705] [main/DEBUG] [mixin/]: mixins.iris.json:MixinSystemReport from mod iris->@Inject::fillSystemDetails(Lorg/spongepowered/asm/mixin/injection/callback/CallbackInfo;)V doesn't use it's CallbackInfo
[257月2026 13:11:41.705] [main/DEBUG] [mixin/]: mixins.iris.json:MixinSystemReport from mod iris->@Inject::fillSystemDetails(Lorg/spongepowered/asm/mixin/injection/callback/CallbackInfo;)V has 0 override(s) in child classes
[257月2026 13:11:41.705] [main/DEBUG] [mixin/]: mixins.iris.json:MixinSystemReport from mod iris->@Inject::fillSystemDetails(Lorg/spongepowered/asm/mixin/injection/callback/CallbackInfo;)V won't be passed a CallbackInfo as a result
[257月2026 13:11:41.713] [main/DEBUG] [oshi.util.FileUtil/]: No oshi.properties file found from ClassLoader cpw.mods.modlauncher.TransformingClassLoader@47b179d7
[257月2026 13:11:41.813] [Datafixer Bootstrap/INFO] [com.mojang.datafixers.DataFixerBuilder/]: 229 Datafixer optimizations took 119 milliseconds
[257月2026 13:11:41.989] [main/DEBUG] [oshi.util.FileUtil/]: No oshi.architecture.properties file found from ClassLoader cpw.mods.modlauncher.TransformingClassLoader@47b179d7
[257月2026 13:11:42.323] [pool-13-thread-1/DEBUG] [mixin/]: Mixing MappedRegistryAccessor from neoforge.mixins.json into net.minecraft.core.MappedRegistry
[257月2026 13:11:42.357] [pool-13-thread-1/DEBUG] [mixin/]: Mixing BlockViewMixin from fabric-block-view-api-v2.mixins.json into net.minecraft.world.level.BlockGetter
[257月2026 13:11:42.358] [pool-13-thread-1/DEBUG] [mixin/]: fabric-block-view-api-v2.mixins.json:BlockViewMixin from mod fabric_block_view_api_v2: Class version 65 required is higher than the class version supported by the current version of Mixin (JAVA_17 supports class version 61)
[257月2026 13:11:42.360] [pool-13-thread-1/DEBUG] [mixin/]: Mixing MixinBlockStateBehavior from mixins.iris.json into net.minecraft.world.level.block.state.BlockBehaviour$BlockStateBase
[257月2026 13:11:42.360] [pool-13-thread-1/DEBUG] [mixin/]: mixins.iris.json:MixinBlockStateBehavior from mod iris: Class version 65 required is higher than the class version supported by the current version of Mixin (JAVA_8 supports class version 52)
[257月2026 13:11:42.363] [pool-13-thread-1/DEBUG] [mixin/]: mixins.iris.json:MixinBlockStateBehavior from mod iris->@Inject::getShadeBrightness(Lnet/minecraft/world/level/BlockGetter;Lnet/minecraft/core/BlockPos;Lorg/spongepowered/asm/mixin/injection/callback/CallbackInfoReturnable;)V does use it's CallbackInfoReturnable
[257月2026 13:11:42.366] [pool-13-thread-1/DEBUG] [mixin/]: Mixing WorldViewMixin from fabric-rendering-data-attachment-v1.mixins.json into net.minecraft.world.level.LevelReader
[257月2026 13:11:42.366] [pool-13-thread-1/DEBUG] [mixin/]: fabric-rendering-data-attachment-v1.mixins.json:WorldViewMixin from mod fabric_rendering_data_attachment_v1: Class version 65 required is higher than the class version supported by the current version of Mixin (JAVA_17 supports class version 61)
[257月2026 13:11:42.372] [pool-13-thread-1/DEBUG] [mixin/]: Mixing EntityAccess from jade.mixins.json into net.minecraft.world.entity.Entity
[257月2026 13:11:42.372] [pool-13-thread-1/DEBUG] [mixin/]: jade.mixins.json:EntityAccess from mod jade: Class version 65 required is higher than the class version supported by the current version of Mixin (JAVA_16 supports class version 60)
[257月2026 13:11:42.392] [pool-13-thread-1/DEBUG] [mixin/]: Mixing common.LivingEntityMixin from tacz.mixins.json into net.minecraft.world.entity.LivingEntity
[257月2026 13:11:42.392] [pool-13-thread-1/DEBUG] [mixin/]: tacz.mixins.json:common.LivingEntityMixin from mod tacz: Class version 65 required is higher than the class version supported by the current version of Mixin (JAVA_17 supports class version 61)
[257月2026 13:11:42.395] [pool-13-thread-1/DEBUG] [mixin/]: Renaming synthetic method lambda$initialData$0()Lnet/minecraft/world/item/ItemStack; to md334d03$tacz$lambda$initialData$0$0 in tacz.mixins.json:common.LivingEntityMixin from mod tacz
[257月2026 13:11:42.439] [pool-13-thread-1/DEBUG] [mixin/]: tacz.mixins.json:common.LivingEntityMixin from mod tacz->@Inject::onTickServerSide(Lorg/spongepowered/asm/mixin/injection/callback/CallbackInfo;)V doesn't use it's CallbackInfo
[257月2026 13:11:42.439] [pool-13-thread-1/DEBUG] [mixin/]: tacz.mixins.json:common.LivingEntityMixin from mod tacz->@Inject::onTickServerSide(Lorg/spongepowered/asm/mixin/injection/callback/CallbackInfo;)V has 0 override(s) in child classes
[257月2026 13:11:42.439] [pool-13-thread-1/DEBUG] [mixin/]: tacz.mixins.json:common.LivingEntityMixin from mod tacz->@Inject::onTickServerSide(Lorg/spongepowered/asm/mixin/injection/callback/CallbackInfo;)V won't be passed a CallbackInfo as a result
[257月2026 13:11:42.464] [pool-13-thread-1/DEBUG] [mixin/]: Mixing features.render.immediate.DirectionMixin from sodium-common.mixins.json into net.minecraft.core.Direction
[257月2026 13:11:42.541] [pool-13-thread-1/DEBUG] [mixin/]: Mixing features.options.render_layers.LeavesBlockMixin from sodium-common.mixins.json into net.minecraft.world.level.block.LeavesBlock
[257月2026 13:11:42.676] [pool-13-thread-1/DEBUG] [mixin/]: Mixing BlockEntityMixin from fabric-rendering-data-attachment-v1.mixins.json into net.minecraft.world.level.block.entity.BlockEntity
[257月2026 13:11:42.676] [pool-13-thread-1/DEBUG] [mixin/]: fabric-rendering-data-attachment-v1.mixins.json:BlockEntityMixin from mod fabric_rendering_data_attachment_v1: Class version 65 required is higher than the class version supported by the current version of Mixin (JAVA_17 supports class version 61)
[257月2026 13:11:42.677] [pool-13-thread-1/DEBUG] [mixin/]: Mixing BlockEntityMixin from fabric-block-view-api-v2.mixins.json into net.minecraft.world.level.block.entity.BlockEntity
[257月2026 13:11:42.677] [pool-13-thread-1/DEBUG] [mixin/]: fabric-block-view-api-v2.mixins.json:BlockEntityMixin from mod fabric_block_view_api_v2: Class version 65 required is higher than the class version supported by the current version of Mixin (JAVA_17 supports class version 61)
[257月2026 13:11:42.792] [pool-13-thread-1/DEBUG] [mixin/]: Mixing core.render.BlockEntityTypeMixin from sodium-common.mixins.json into net.minecraft.world.level.block.entity.BlockEntityType
[257月2026 13:11:42.796] [pool-13-thread-1/DEBUG] [mixin/]: Mixing BlockEntityTypeAccessor from neoforge.mixins.json into net.minecraft.world.level.block.entity.BlockEntityType
[257月2026 13:11:42.825] [pool-13-thread-1/DEBUG] [mixin/]: Mixing AbstractFurnaceBlockEntityAccess from jade.mixins.json into net.minecraft.world.level.block.entity.AbstractFurnaceBlockEntity
[257月2026 13:11:42.825] [pool-13-thread-1/DEBUG] [mixin/]: jade.mixins.json:AbstractFurnaceBlockEntityAccess from mod jade: Class version 65 required is higher than the class version supported by the current version of Mixin (JAVA_16 supports class version 60)
[257月2026 13:11:42.874] [pool-13-thread-1/DEBUG] [mixin/]: Mixing MixinItemStack from avaritia.mixins.json into net.minecraft.world.item.ItemStack
[257月2026 13:11:42.879] [pool-13-thread-1/DEBUG] [mixin/]: avaritia.mixins.json:MixinItemStack from mod avaritia->@Inject::canBeHurtBy(Lnet/minecraft/world/damagesource/DamageSource;Lorg/spongepowered/asm/mixin/injection/callback/CallbackInfoReturnable;)V does use it's CallbackInfoReturnable
[257月2026 13:11:42.884] [pool-13-thread-1/DEBUG] [mixin/]: Mixing MixinBiome from mixins.iris.json into net.minecraft.world.level.biome.Biome
[257月2026 13:11:42.884] [pool-13-thread-1/DEBUG] [mixin/]: mixins.iris.json:MixinBiome from mod iris: Class version 65 required is higher than the class version supported by the current version of Mixin (JAVA_8 supports class version 52)
[257月2026 13:11:42.885] [pool-13-thread-1/DEBUG] [mixin/]: Mixing features.world.biome.BiomeMixin from sodium-neoforge.mixins.json into net.minecraft.world.level.biome.Biome
[257月2026 13:11:42.891] [pool-13-thread-1/DEBUG] [mixin/]: sodium-neoforge.mixins.json:features.world.biome.BiomeMixin from mod sodium->@Inject::onInit(Lorg/spongepowered/asm/mixin/injection/callback/CallbackInfo;)V doesn't use it's CallbackInfo
[257月2026 13:11:43.212] [pool-13-thread-1/DEBUG] [mixin/]: Mixing platform.neoforge.AuxiliaryLightManagerMixin from sodium-neoforge.mixins.json into net.neoforged.neoforge.common.world.AuxiliaryLightManager
[257月2026 13:11:43.215] [pool-13-thread-1/DEBUG] [mixin/]: Mixing common.ServerPlayerMixin from tacz.mixins.json into net.minecraft.server.level.ServerPlayer
[257月2026 13:11:43.217] [pool-13-thread-1/DEBUG] [mixin/]: tacz.mixins.json:common.ServerPlayerMixin from mod tacz: Class version 65 required is higher than the class version supported by the current version of Mixin (JAVA_17 supports class version 61)
[257月2026 13:11:43.218] [pool-13-thread-1/DEBUG] [mixin/]: tacz.mixins.json:common.ServerPlayerMixin from mod tacz->@Inject::initialGunOperateData(Lnet/minecraft/server/level/ServerPlayer;ZLorg/spongepowered/asm/mixin/injection/callback/CallbackInfo;)V doesn't use it's CallbackInfo
[257月2026 13:11:43.218] [pool-13-thread-1/DEBUG] [mixin/]: tacz.mixins.json:common.ServerPlayerMixin from mod tacz->@Inject::initialGunOperateData(Lnet/minecraft/server/level/ServerPlayer;ZLorg/spongepowered/asm/mixin/injection/callback/CallbackInfo;)V has 0 override(s) in child classes
[257月2026 13:11:43.218] [pool-13-thread-1/DEBUG] [mixin/]: tacz.mixins.json:common.ServerPlayerMixin from mod tacz->@Inject::initialGunOperateData(Lnet/minecraft/server/level/ServerPlayer;ZLorg/spongepowered/asm/mixin/injection/callback/CallbackInfo;)V won't be passed a CallbackInfo as a result
[257月2026 13:11:43.419] [pool-13-thread-1/DEBUG] [mixin/]: Mixing MixinItem from mixins.iris.json into net.minecraft.world.item.Item
[257月2026 13:11:43.419] [pool-13-thread-1/DEBUG] [mixin/]: mixins.iris.json:MixinItem from mod iris: Class version 65 required is higher than the class version supported by the current version of Mixin (JAVA_8 supports class version 52)
[257月2026 13:11:43.461] [pool-13-thread-1/DEBUG] [io.netty.util.internal.PlatformDependent0/]: -Dio.netty.noUnsafe: false
[257月2026 13:11:43.461] [pool-13-thread-1/DEBUG] [io.netty.util.internal.PlatformDependent0/]: Java version: 21
[257月2026 13:11:43.461] [pool-13-thread-1/DEBUG] [io.netty.util.internal.PlatformDependent0/]: sun.misc.Unsafe.theUnsafe: available
[257月2026 13:11:43.461] [pool-13-thread-1/DEBUG] [io.netty.util.internal.PlatformDependent0/]: sun.misc.Unsafe.copyMemory: available
[257月2026 13:11:43.461] [pool-13-thread-1/DEBUG] [io.netty.util.internal.PlatformDependent0/]: sun.misc.Unsafe.storeFence: available
[257月2026 13:11:43.461] [pool-13-thread-1/DEBUG] [io.netty.util.internal.PlatformDependent0/]: java.nio.Buffer.address: available
[257月2026 13:11:43.461] [pool-13-thread-1/DEBUG] [io.netty.util.internal.PlatformDependent0/]: direct buffer constructor: unavailable: Reflective setAccessible(true) disabled
[257月2026 13:11:43.461] [pool-13-thread-1/DEBUG] [io.netty.util.internal.PlatformDependent0/]: java.nio.Bits.unaligned: available, true
[257月2026 13:11:43.462] [pool-13-thread-1/DEBUG] [io.netty.util.internal.PlatformDependent0/]: jdk.internal.misc.Unsafe.allocateUninitializedArray(int): unavailable: class io.netty.util.internal.PlatformDependent0$7 (in module io.netty.common) cannot access class jdk.internal.misc.Unsafe (in module java.base) because module java.base does not export jdk.internal.misc to module io.netty.common
[257月2026 13:11:43.462] [pool-13-thread-1/DEBUG] [io.netty.util.internal.PlatformDependent0/]: java.nio.DirectByteBuffer.<init>(long, {int,long}): unavailable
[257月2026 13:11:43.462] [pool-13-thread-1/DEBUG] [io.netty.util.internal.PlatformDependent/]: sun.misc.Unsafe: available
[257月2026 13:11:43.462] [pool-13-thread-1/DEBUG] [io.netty.util.internal.PlatformDependent/]: maxDirectMemory: 4294967296 bytes (maybe)
[257月2026 13:11:43.462] [pool-13-thread-1/DEBUG] [io.netty.util.internal.PlatformDependent/]: -Dio.netty.tmpdir: /var/folders/v_/66ywxpvd6hxg8yqmcstmgbb00000gn/T (java.io.tmpdir)
[257月2026 13:11:43.462] [pool-13-thread-1/DEBUG] [io.netty.util.internal.PlatformDependent/]: -Dio.netty.bitMode: 64 (sun.arch.data.model)
[257月2026 13:11:43.462] [pool-13-thread-1/DEBUG] [io.netty.util.internal.PlatformDependent/]: Platform: MacOS
[257月2026 13:11:43.462] [pool-13-thread-1/DEBUG] [io.netty.util.internal.PlatformDependent/]: -Dio.netty.maxDirectMemory: -1 bytes
[257月2026 13:11:43.462] [pool-13-thread-1/DEBUG] [io.netty.util.internal.PlatformDependent/]: -Dio.netty.uninitializedArrayAllocationThreshold: -1
[257月2026 13:11:43.463] [pool-13-thread-1/DEBUG] [io.netty.util.internal.CleanerJava9/]: java.nio.ByteBuffer.cleaner(): available
[257月2026 13:11:43.463] [pool-13-thread-1/DEBUG] [io.netty.util.internal.PlatformDependent/]: -Dio.netty.noPreferDirect: false
[257月2026 13:11:43.962] [pool-13-thread-1/DEBUG] [mixin/]: Mixing MixinBiomes from mixins.iris.json into net.minecraft.world.level.biome.Biomes
[257月2026 13:11:43.962] [pool-13-thread-1/DEBUG] [mixin/]: mixins.iris.json:MixinBiomes from mod iris: Class version 65 required is higher than the class version supported by the current version of Mixin (JAVA_8 supports class version 52)
[257月2026 13:11:43.964] [pool-13-thread-1/DEBUG] [mixin/]: mixins.iris.json:MixinBiomes from mod iris->@Inject::iris$registerBiome(Ljava/lang/String;Lorg/spongepowered/asm/mixin/injection/callback/CallbackInfoReturnable;)V does use it's CallbackInfoReturnable
[257月2026 13:11:44.027] [pool-13-thread-1/DEBUG] [mixin/]: Mixing DimensionTypeAccessor from mixins.iris.json into net.minecraft.world.level.dimension.DimensionType
[257月2026 13:11:44.028] [pool-13-thread-1/DEBUG] [mixin/]: mixins.iris.json:DimensionTypeAccessor from mod iris: Class version 65 required is higher than the class version supported by the current version of Mixin (JAVA_8 supports class version 52)
[257月2026 13:11:44.541] [main/WARN] [net.minecraft.commands.Commands/]: Ambiguity between arguments [teleport, location] and [teleport, destination] with inputs: [0.1 -0.5 .9, 0 0 0]
[257月2026 13:11:44.541] [main/WARN] [net.minecraft.commands.Commands/]: Ambiguity between arguments [teleport, location] and [teleport, targets] with inputs: [0.1 -0.5 .9, 0 0 0]
[257月2026 13:11:44.542] [main/WARN] [net.minecraft.commands.Commands/]: Ambiguity between arguments [teleport, destination] and [teleport, targets] with inputs: [Player, 0123, @e, dd12be42-52a9-4a91-a8a1-11c01849e498]
[257月2026 13:11:44.543] [main/WARN] [net.minecraft.commands.Commands/]: Ambiguity between arguments [teleport, targets] and [teleport, destination] with inputs: [Player, 0123, dd12be42-52a9-4a91-a8a1-11c01849e498]
[257月2026 13:11:44.543] [main/WARN] [net.minecraft.commands.Commands/]: Ambiguity between arguments [teleport, targets, location] and [teleport, targets, destination] with inputs: [0.1 -0.5 .9, 0 0 0]
[257月2026 13:11:44.548] [Render thread/DEBUG] [mixin/]: Mixing MixinGlStateManager from mixins.iris.json into com.mojang.blaze3d.systems.RenderSystem
[257月2026 13:11:44.548] [Render thread/DEBUG] [mixin/]: mixins.iris.json:MixinGlStateManager from mod iris: Class version 65 required is higher than the class version supported by the current version of Mixin (JAVA_8 supports class version 52)
[257月2026 13:11:44.548] [Render thread/DEBUG] [mixin/]: Mixing MixinRenderSystem from mixins.iris.json into com.mojang.blaze3d.systems.RenderSystem
[257月2026 13:11:44.548] [Render thread/DEBUG] [mixin/]: mixins.iris.json:MixinRenderSystem from mod iris: Class version 65 required is higher than the class version supported by the current version of Mixin (JAVA_8 supports class version 52)
[257月2026 13:11:44.549] [Render thread/DEBUG] [mixin/]: Mixing statelisteners.MixinRenderSystem from mixins.iris.json into com.mojang.blaze3d.systems.RenderSystem
[257月2026 13:11:44.550] [Render thread/DEBUG] [mixin/]: mixins.iris.json:statelisteners.MixinRenderSystem from mod iris: Class version 65 required is higher than the class version supported by the current version of Mixin (JAVA_8 supports class version 52)
[257月2026 13:11:44.550] [Render thread/DEBUG] [mixin/]: Renaming synthetic method lambda$static$1(Ljava/lang/Runnable;)V to md334d03$iris$lambda$static$1$0 in mixins.iris.json:statelisteners.MixinRenderSystem from mod iris
[257月2026 13:11:44.550] [Render thread/DEBUG] [mixin/]: Renaming synthetic method lambda$static$0(Ljava/lang/Runnable;)V to md334d03$iris$lambda$static$0$1 in mixins.iris.json:statelisteners.MixinRenderSystem from mod iris
[257月2026 13:11:44.550] [Render thread/DEBUG] [mixin/]: Mixing workarounds.event_loop.RenderSystemMixin from sodium-common.mixins.json into com.mojang.blaze3d.systems.RenderSystem
[257月2026 13:11:44.557] [Render thread/DEBUG] [mixin/]: mixins.iris.json:MixinRenderSystem from mod iris->@Inject::iris$onRendererInit(IZLorg/spongepowered/asm/mixin/injection/callback/CallbackInfo;)V doesn't use it's CallbackInfo
[257月2026 13:11:44.557] [Render thread/DEBUG] [mixin/]: mixins.iris.json:MixinRenderSystem from mod iris->@Inject::_setShaderTexture(ILnet/minecraft/resources/ResourceLocation;Lorg/spongepowered/asm/mixin/injection/callback/CallbackInfo;)V doesn't use it's CallbackInfo
[257月2026 13:11:44.557] [Render thread/DEBUG] [mixin/]: mixins.iris.json:MixinRenderSystem from mod iris->@Inject::_setShaderTexture(IILorg/spongepowered/asm/mixin/injection/callback/CallbackInfo;)V doesn't use it's CallbackInfo
[257月2026 13:11:44.557] [Render thread/DEBUG] [mixin/]: mixins.iris.json:statelisteners.MixinRenderSystem from mod iris->@Inject::iris$onFogStart(FLorg/spongepowered/asm/mixin/injection/callback/CallbackInfo;)V doesn't use it's CallbackInfo
[257月2026 13:11:44.557] [Render thread/DEBUG] [mixin/]: mixins.iris.json:statelisteners.MixinRenderSystem from mod iris->@Inject::iris$onFogEnd(FLorg/spongepowered/asm/mixin/injection/callback/CallbackInfo;)V doesn't use it's CallbackInfo
[257月2026 13:11:44.559] [Render thread/DEBUG] [mixin/]: Mixing MixinByteBufferBuilder from mixins.iris.json into com.mojang.blaze3d.vertex.ByteBufferBuilder
[257月2026 13:11:44.559] [Render thread/DEBUG] [mixin/]: mixins.iris.json:MixinByteBufferBuilder from mod iris: Class version 65 required is higher than the class version supported by the current version of Mixin (JAVA_8 supports class version 52)
[257月2026 13:11:44.560] [Render thread/DEBUG] [mixin/]: Mixing MixinByteBufferBuilder from iris-batched-entity-rendering.mixins.json into com.mojang.blaze3d.vertex.ByteBufferBuilder
[257月2026 13:11:44.560] [Render thread/DEBUG] [mixin/]: iris-batched-entity-rendering.mixins.json:MixinByteBufferBuilder from mod iris: Class version 65 required is higher than the class version supported by the current version of Mixin (JAVA_8 supports class version 52)
[257月2026 13:11:44.562] [Render thread/DEBUG] [mixin/]: Mixing features.render.immediate.buffer_builder.sorting.VertexSortingMixin from sodium-common.mixins.json into com.mojang.blaze3d.vertex.VertexSorting
[257月2026 13:11:44.565] [Render thread/DEBUG] [mixin/]: Mixing MixinTitleScreen from mixins.iris.json into net.minecraft.client.gui.screens.TitleScreen
[257月2026 13:11:44.566] [Render thread/DEBUG] [mixin/]: mixins.iris.json:MixinTitleScreen from mod iris: Class version 65 required is higher than the class version supported by the current version of Mixin (JAVA_8 supports class version 52)
[257月2026 13:11:44.567] [Render thread/DEBUG] [mixin/]: mixins.iris.json:MixinTitleScreen from mod iris->@Inject::iris$firstInit(Lorg/spongepowered/asm/mixin/injection/callback/CallbackInfo;)V doesn't use it's CallbackInfo
[257月2026 13:11:44.567] [Render thread/DEBUG] [mixin/]: mixins.iris.json:MixinTitleScreen from mod iris->@Inject::iris$firstInit(Lorg/spongepowered/asm/mixin/injection/callback/CallbackInfo;)V has 0 override(s) in child classes
[257月2026 13:11:44.567] [Render thread/DEBUG] [mixin/]: mixins.iris.json:MixinTitleScreen from mod iris->@Inject::iris$firstInit(Lorg/spongepowered/asm/mixin/injection/callback/CallbackInfo;)V won't be passed a CallbackInfo as a result
[257月2026 13:11:44.571] [Render thread/DEBUG] [mixin/]: Mixing MixinLocalPlayer from mixins.iris.json into net.minecraft.client.player.LocalPlayer
[257月2026 13:11:44.571] [Render thread/DEBUG] [mixin/]: mixins.iris.json:MixinLocalPlayer from mod iris: Class version 65 required is higher than the class version supported by the current version of Mixin (JAVA_8 supports class version 52)
[257月2026 13:11:44.572] [Render thread/DEBUG] [mixin/]: Mixing client.LocalPlayerMixin from tacz.mixins.json into net.minecraft.client.player.LocalPlayer
[257月2026 13:11:44.572] [Render thread/DEBUG] [mixin/]: tacz.mixins.json:client.LocalPlayerMixin from mod tacz: Class version 65 required is higher than the class version supported by the current version of Mixin (JAVA_17 supports class version 61)
[257月2026 13:11:44.582] [Render thread/DEBUG] [mixin/]: tacz.mixins.json:client.LocalPlayerMixin from mod tacz->@Inject::onTickClientSide(Lorg/spongepowered/asm/mixin/injection/callback/CallbackInfo;)V doesn't use it's CallbackInfo
[257月2026 13:11:44.582] [Render thread/DEBUG] [mixin/]: tacz.mixins.json:client.LocalPlayerMixin from mod tacz->@Inject::onTickClientSide(Lorg/spongepowered/asm/mixin/injection/callback/CallbackInfo;)V has 0 override(s) in child classes
[257月2026 13:11:44.582] [Render thread/DEBUG] [mixin/]: tacz.mixins.json:client.LocalPlayerMixin from mod tacz->@Inject::onTickClientSide(Lorg/spongepowered/asm/mixin/injection/callback/CallbackInfo;)V won't be passed a CallbackInfo as a result
[257月2026 13:11:44.582] [Render thread/DEBUG] [mixin/]: tacz.mixins.json:client.LocalPlayerMixin from mod tacz->@Inject::onRespawn(Lorg/spongepowered/asm/mixin/injection/callback/CallbackInfo;)V doesn't use it's CallbackInfo
[257月2026 13:11:44.583] [Render thread/DEBUG] [mixin/]: tacz.mixins.json:client.LocalPlayerMixin from mod tacz->@Inject::onRespawn(Lorg/spongepowered/asm/mixin/injection/callback/CallbackInfo;)V has 0 override(s) in child classes
[257月2026 13:11:44.583] [Render thread/DEBUG] [mixin/]: tacz.mixins.json:client.LocalPlayerMixin from mod tacz->@Inject::onRespawn(Lorg/spongepowered/asm/mixin/injection/callback/CallbackInfo;)V won't be passed a CallbackInfo as a result
[257月2026 13:11:44.588] [Render thread/DEBUG] [mixin/]: Mixing features.gui.screen.LevelLoadingScreenMixin from sodium-common.mixins.json into net.minecraft.client.gui.screens.LevelLoadingScreen
[257月2026 13:11:44.589] [Render thread/DEBUG] [mixin/]: Renaming synthetic method lambda$sodium$drawChunkMap$0(Lit/unimi/dsi/fastutil/objects/Object2IntMap$Entry;)V to md334d03$sodium$lambda$sodium$drawChunkMap$0$0 in sodium-common.mixins.json:features.gui.screen.LevelLoadingScreenMixin from mod sodium
[257月2026 13:11:44.600] [Render thread/DEBUG] [mixin/]: Mixing block_rendering.MixinClientLevel from mixins.iris.vertexformat.json into net.minecraft.client.multiplayer.ClientLevel
[257月2026 13:11:44.601] [Render thread/DEBUG] [mixin/]: mixins.iris.vertexformat.json:block_rendering.MixinClientLevel from mod iris: Class version 65 required is higher than the class version supported by the current version of Mixin (JAVA_8 supports class version 52)
[257月2026 13:11:44.601] [Render thread/DEBUG] [mixin/]: Mixing core.world.biome.ClientLevelMixin from sodium-common.mixins.json into net.minecraft.client.multiplayer.ClientLevel
[257月2026 13:11:44.601] [Render thread/DEBUG] [mixin/]: Mixing core.world.map.ClientLevelMixin from sodium-common.mixins.json into net.minecraft.client.multiplayer.ClientLevel
[257月2026 13:11:44.606] [Render thread/DEBUG] [mixin/]: sodium-common.mixins.json:core.world.biome.ClientLevelMixin from mod sodium->@Inject::captureSeed(Lnet/minecraft/client/multiplayer/ClientPacketListener;Lnet/minecraft/client/multiplayer/ClientLevel$ClientLevelData;Lnet/minecraft/resources/ResourceKey;Lnet/minecraft/core/Holder;IILjava/util/function/Supplier;Lnet/minecraft/client/renderer/LevelRenderer;ZJLorg/spongepowered/asm/mixin/injection/callback/CallbackInfo;)V doesn't use it's CallbackInfo
[257月2026 13:11:44.606] [Render thread/DEBUG] [mixin/]: sodium-common.mixins.json:core.world.biome.ClientLevelMixin from mod sodium->@Inject::captureSeed(Lnet/minecraft/client/multiplayer/ClientPacketListener;Lnet/minecraft/client/multiplayer/ClientLevel$ClientLevelData;Lnet/minecraft/resources/ResourceKey;Lnet/minecraft/core/Holder;IILjava/util/function/Supplier;Lnet/minecraft/client/renderer/LevelRenderer;ZJLorg/spongepowered/asm/mixin/injection/callback/CallbackInfo;)V has 0 override(s) in child classes
[257月2026 13:11:44.606] [Render thread/DEBUG] [mixin/]: sodium-common.mixins.json:core.world.biome.ClientLevelMixin from mod sodium->@Inject::captureSeed(Lnet/minecraft/client/multiplayer/ClientPacketListener;Lnet/minecraft/client/multiplayer/ClientLevel$ClientLevelData;Lnet/minecraft/resources/ResourceKey;Lnet/minecraft/core/Holder;IILjava/util/function/Supplier;Lnet/minecraft/client/renderer/LevelRenderer;ZJLorg/spongepowered/asm/mixin/injection/callback/CallbackInfo;)V won't be passed a CallbackInfo as a result
[257月2026 13:11:44.606] [Render thread/DEBUG] [mixin/]: sodium-common.mixins.json:core.world.map.ClientLevelMixin from mod sodium->@Inject::sodium$trackChunkUnload(Lnet/minecraft/world/level/chunk/LevelChunk;Lorg/spongepowered/asm/mixin/injection/callback/CallbackInfo;)V doesn't use it's CallbackInfo
[257月2026 13:11:44.606] [Render thread/DEBUG] [mixin/]: sodium-common.mixins.json:core.world.map.ClientLevelMixin from mod sodium->@Inject::sodium$trackChunkUnload(Lnet/minecraft/world/level/chunk/LevelChunk;Lorg/spongepowered/asm/mixin/injection/callback/CallbackInfo;)V has 0 override(s) in child classes
[257月2026 13:11:44.606] [Render thread/DEBUG] [mixin/]: sodium-common.mixins.json:core.world.map.ClientLevelMixin from mod sodium->@Inject::sodium$trackChunkUnload(Lnet/minecraft/world/level/chunk/LevelChunk;Lorg/spongepowered/asm/mixin/injection/callback/CallbackInfo;)V won't be passed a CallbackInfo as a result
[257月2026 13:11:44.608] [Render thread/DEBUG] [mixin/]: Mixing MixinRenderTarget from mixins.iris.json into com.mojang.blaze3d.pipeline.RenderTarget
[257月2026 13:11:44.608] [Render thread/DEBUG] [mixin/]: mixins.iris.json:MixinRenderTarget from mod iris: Class version 65 required is higher than the class version supported by the current version of Mixin (JAVA_8 supports class version 52)
[257月2026 13:11:44.609] [Render thread/DEBUG] [mixin/]: Mixing state_tracking.MixinRenderTarget from mixins.iris.json into com.mojang.blaze3d.pipeline.RenderTarget
[257月2026 13:11:44.609] [Render thread/DEBUG] [mixin/]: mixins.iris.json:state_tracking.MixinRenderTarget from mod iris: Class version 65 required is higher than the class version supported by the current version of Mixin (JAVA_8 supports class version 52)
[257月2026 13:11:44.609] [Render thread/DEBUG] [mixin/]: Renaming synthetic method lambda$iris$onBindFramebuffer$0(ZLnet/irisshaders/iris/pipeline/WorldRenderingPipeline;)V to md334d03$iris$lambda$iris$onBindFramebuffer$0$0 in mixins.iris.json:state_tracking.MixinRenderTarget from mod iris
[257月2026 13:11:44.609] [Render thread/DEBUG] [mixin/]: Mixing features.render.compositing.RenderTargetMixin from sodium-common.mixins.json into com.mojang.blaze3d.pipeline.RenderTarget
[257月2026 13:11:44.613] [Render thread/DEBUG] [mixin/]: mixins.iris.json:MixinRenderTarget from mod iris->@Inject::iris$onDestroyBuffers(Lorg/spongepowered/asm/mixin/injection/callback/CallbackInfo;)V doesn't use it's CallbackInfo
[257月2026 13:11:44.613] [Render thread/DEBUG] [mixin/]: mixins.iris.json:MixinRenderTarget from mod iris->@Inject::iris$onDestroyBuffers(Lorg/spongepowered/asm/mixin/injection/callback/CallbackInfo;)V has 0 override(s) in child classes
[257月2026 13:11:44.613] [Render thread/DEBUG] [mixin/]: mixins.iris.json:MixinRenderTarget from mod iris->@Inject::iris$onDestroyBuffers(Lorg/spongepowered/asm/mixin/injection/callback/CallbackInfo;)V won't be passed a CallbackInfo as a result
[257月2026 13:11:44.613] [Render thread/DEBUG] [mixin/]: mixins.iris.json:MixinRenderTarget from mod iris->@Inject::nameDepthBuffer(IIZLorg/spongepowered/asm/mixin/injection/callback/CallbackInfo;)V doesn't use it's CallbackInfo
[257月2026 13:11:44.613] [Render thread/DEBUG] [mixin/]: mixins.iris.json:MixinRenderTarget from mod iris->@Inject::nameDepthBuffer(IIZLorg/spongepowered/asm/mixin/injection/callback/CallbackInfo;)V has 0 override(s) in child classes
[257月2026 13:11:44.613] [Render thread/DEBUG] [mixin/]: mixins.iris.json:MixinRenderTarget from mod iris->@Inject::nameDepthBuffer(IIZLorg/spongepowered/asm/mixin/injection/callback/CallbackInfo;)V won't be passed a CallbackInfo as a result
[257月2026 13:11:44.613] [Render thread/DEBUG] [mixin/]: mixins.iris.json:state_tracking.MixinRenderTarget from mod iris->@Inject::iris$onBindFramebuffer(ZLorg/spongepowered/asm/mixin/injection/callback/CallbackInfo;)V doesn't use it's CallbackInfo
[257月2026 13:11:44.613] [Render thread/DEBUG] [mixin/]: mixins.iris.json:state_tracking.MixinRenderTarget from mod iris->@Inject::iris$onBindFramebuffer(ZLorg/spongepowered/asm/mixin/injection/callback/CallbackInfo;)V has 0 override(s) in child classes
[257月2026 13:11:44.613] [Render thread/DEBUG] [mixin/]: mixins.iris.json:state_tracking.MixinRenderTarget from mod iris->@Inject::iris$onBindFramebuffer(ZLorg/spongepowered/asm/mixin/injection/callback/CallbackInfo;)V won't be passed a CallbackInfo as a result
[257月2026 13:11:44.613] [Render thread/DEBUG] [mixin/]: sodium-common.mixins.json:features.render.compositing.RenderTargetMixin from mod sodium->@Inject::blitToScreen(IIZLorg/spongepowered/asm/mixin/injection/callback/CallbackInfo;)V does use it's CallbackInfo
[257月2026 13:11:44.639] [Render thread/WARN] [net.minecraft.server.packs.VanillaPackResourcesBuilder/]: Assets URL 'union:/Users/wangziyang/Downloads/Neoday_re/endofday_re/build/moddev/artifacts/neoforge-21.1.236.jar%23190!/assets/.mcassetsroot' uses unexpected schema
[257月2026 13:11:44.639] [Render thread/WARN] [net.minecraft.server.packs.VanillaPackResourcesBuilder/]: Assets URL 'union:/Users/wangziyang/Downloads/Neoday_re/endofday_re/build/moddev/artifacts/neoforge-21.1.236.jar%23190!/data/.mcassetsroot' uses unexpected schema
[257月2026 13:11:44.647] [Render thread/INFO] [com.mojang.authlib.yggdrasil.YggdrasilAuthenticationService/]: Environment: Environment[sessionHost=https://sessionserver.mojang.com, servicesHost=https://api.minecraftservices.com, name=PROD]
[257月2026 13:11:44.650] [Render thread/INFO] [net.minecraft.client.Minecraft/]: Setting user: Dev
[257月2026 13:11:44.652] [Render thread/DEBUG] [mixin/]: Mixing MixinOptions_Entrypoint from mixins.iris.json into net.minecraft.client.Options
[257月2026 13:11:44.652] [Render thread/DEBUG] [mixin/]: mixins.iris.json:MixinOptions_Entrypoint from mod iris: Class version 65 required is higher than the class version supported by the current version of Mixin (JAVA_8 supports class version 52)
[257月2026 13:11:44.652] [Render thread/DEBUG] [mixin/]: Mixing sky.MixinOptions_CloudsOverride from mixins.iris.json into net.minecraft.client.Options
[257月2026 13:11:44.652] [Render thread/DEBUG] [mixin/]: mixins.iris.json:sky.MixinOptions_CloudsOverride from mod iris: Class version 65 required is higher than the class version supported by the current version of Mixin (JAVA_8 supports class version 52)
[257月2026 13:11:44.652] [Render thread/DEBUG] [mixin/]: Renaming synthetic method lambda$iris$overrideCloudsType$0(Lorg/spongepowered/asm/mixin/injection/callback/CallbackInfoReturnable;Lnet/irisshaders/iris/pipeline/WorldRenderingPipeline;)V to md334d03$iris$lambda$iris$overrideCloudsType$0$0 in mixins.iris.json:sky.MixinOptions_CloudsOverride from mod iris
[257月2026 13:11:44.655] [Render thread/DEBUG] [mixin/]: mixins.iris.json:MixinOptions_Entrypoint from mod iris->@Inject::iris$beforeLoadOptions(Lorg/spongepowered/asm/mixin/injection/callback/CallbackInfo;)V doesn't use it's CallbackInfo
[257月2026 13:11:44.655] [Render thread/DEBUG] [mixin/]: mixins.iris.json:MixinOptions_Entrypoint from mod iris->@Inject::iris$beforeLoadOptions(Lorg/spongepowered/asm/mixin/injection/callback/CallbackInfo;)V has 0 override(s) in child classes
[257月2026 13:11:44.656] [Render thread/DEBUG] [mixin/]: mixins.iris.json:MixinOptions_Entrypoint from mod iris->@Inject::iris$beforeLoadOptions(Lorg/spongepowered/asm/mixin/injection/callback/CallbackInfo;)V won't be passed a CallbackInfo as a result
[257月2026 13:11:44.656] [Render thread/DEBUG] [mixin/]: mixins.iris.json:sky.MixinOptions_CloudsOverride from mod iris->@Inject::iris$overrideCloudsType(Lorg/spongepowered/asm/mixin/injection/callback/CallbackInfoReturnable;)V does use it's CallbackInfoReturnable
[257月2026 13:11:44.661] [Render thread/DEBUG] [mixin/]: Mixing client.AbstractButtonMixin from tacz.mixins.json into net.minecraft.client.gui.components.AbstractButton
[257月2026 13:11:44.661] [Render thread/DEBUG] [mixin/]: tacz.mixins.json:client.AbstractButtonMixin from mod tacz: Class version 65 required is higher than the class version supported by the current version of Mixin (JAVA_17 supports class version 61)
[257月2026 13:11:44.662] [Render thread/DEBUG] [mixin/]: tacz.mixins.json:client.AbstractButtonMixin from mod tacz->@Inject::onClickHead(DDLorg/spongepowered/asm/mixin/injection/callback/CallbackInfo;)V doesn't use it's CallbackInfo
[257月2026 13:11:44.662] [Render thread/DEBUG] [mixin/]: tacz.mixins.json:client.AbstractButtonMixin from mod tacz->@Inject::onClickHead(DDLorg/spongepowered/asm/mixin/injection/callback/CallbackInfo;)V has 0 override(s) in child classes
[257月2026 13:11:44.662] [Render thread/DEBUG] [mixin/]: tacz.mixins.json:client.AbstractButtonMixin from mod tacz->@Inject::onClickHead(DDLorg/spongepowered/asm/mixin/injection/callback/CallbackInfo;)V won't be passed a CallbackInfo as a result
[257月2026 13:11:44.692] [Render thread/INFO] [net.minecraft.client.Minecraft/]: Backend library: LWJGL version 3.3.3+5
[257月2026 13:11:44.692] [Render thread/DEBUG] [mixin/]: Mixing core.WindowMixin from sodium-common.mixins.json into com.mojang.blaze3d.platform.Window
[257月2026 13:11:44.695] [Render thread/DEBUG] [mixin/]: Mixing workarounds.context_creation.WindowMixin from sodium-common.mixins.json into com.mojang.blaze3d.platform.Window
[257月2026 13:11:44.697] [Render thread/DEBUG] [mixin/]: Mixing MixinWindow from mixins.iris.json into com.mojang.blaze3d.platform.Window
[257月2026 13:11:44.697] [Render thread/DEBUG] [mixin/]: mixins.iris.json:MixinWindow from mod iris: Class version 65 required is higher than the class version supported by the current version of Mixin (JAVA_8 supports class version 52)
[257月2026 13:11:44.700] [Render thread/DEBUG] [mixin/]: sodium-common.mixins.json:workarounds.context_creation.WindowMixin from mod sodium->@Inject::postContextReady(Lcom/mojang/blaze3d/platform/WindowEventHandler;Lcom/mojang/blaze3d/platform/ScreenManager;Lcom/mojang/blaze3d/platform/DisplayData;Ljava/lang/String;Ljava/lang/String;Lorg/spongepowered/asm/mixin/injection/callback/CallbackInfo;)V doesn't use it's CallbackInfo
[257月2026 13:11:44.700] [Render thread/DEBUG] [mixin/]: sodium-common.mixins.json:workarounds.context_creation.WindowMixin from mod sodium->@Inject::preSwapBuffers(Lorg/spongepowered/asm/mixin/injection/callback/CallbackInfo;)V doesn't use it's CallbackInfo
[257月2026 13:11:44.700] [Render thread/DEBUG] [mixin/]: mixins.iris.json:MixinWindow from mod iris->@Inject::iris$enableDebugContext(Lcom/mojang/blaze3d/platform/WindowEventHandler;Lcom/mojang/blaze3d/platform/ScreenManager;Lcom/mojang/blaze3d/platform/DisplayData;Ljava/lang/String;Ljava/lang/String;Lorg/spongepowered/asm/mixin/injection/callback/CallbackInfo;)V doesn't use it's CallbackInfo
[257月2026 13:11:44.721] [Render thread/INFO] [com.mojang.blaze3d.platform.Window/]: OpenGL Vendor: Apple
[257月2026 13:11:44.721] [Render thread/INFO] [com.mojang.blaze3d.platform.Window/]: OpenGL Renderer: Apple M4
[257月2026 13:11:44.721] [Render thread/INFO] [com.mojang.blaze3d.platform.Window/]: OpenGL Version: 4.1 Metal - 90.5
[257月2026 13:11:44.722] [Render thread/DEBUG] [mixin/]: Mixing GlStateManagerAccessor from mixins.iris.json into com.mojang.blaze3d.platform.GlStateManager
[257月2026 13:11:44.723] [Render thread/DEBUG] [mixin/]: mixins.iris.json:GlStateManagerAccessor from mod iris: Class version 65 required is higher than the class version supported by the current version of Mixin (JAVA_8 supports class version 52)
[257月2026 13:11:44.723] [Render thread/DEBUG] [mixin/]: Renaming @Accessor method getBLEND()Lcom/mojang/blaze3d/platform/GlStateManager$BlendState; to getBLEND$iris_$md$334d03$0 in mixins.iris.json:GlStateManagerAccessor from mod iris
[257月2026 13:11:44.723] [Render thread/DEBUG] [mixin/]: Renaming @Accessor method getCOLOR_MASK()Lcom/mojang/blaze3d/platform/GlStateManager$ColorMask; to getCOLOR_MASK$iris_$md$334d03$1 in mixins.iris.json:GlStateManagerAccessor from mod iris
[257月2026 13:11:44.723] [Render thread/DEBUG] [mixin/]: Renaming @Accessor method getDEPTH()Lcom/mojang/blaze3d/platform/GlStateManager$DepthState; to getDEPTH$iris_$md$334d03$2 in mixins.iris.json:GlStateManagerAccessor from mod iris
[257月2026 13:11:44.723] [Render thread/DEBUG] [mixin/]: Renaming @Accessor method getActiveTexture()I to getActiveTexture$iris_$md$334d03$3 in mixins.iris.json:GlStateManagerAccessor from mod iris
[257月2026 13:11:44.723] [Render thread/DEBUG] [mixin/]: Renaming @Accessor method getTEXTURES()[Lcom/mojang/blaze3d/platform/GlStateManager$TextureState; to getTEXTURES$iris_$md$334d03$4 in mixins.iris.json:GlStateManagerAccessor from mod iris
[257月2026 13:11:44.723] [Render thread/DEBUG] [mixin/]: Mixing MixinGlStateManager from mixins.iris.json into com.mojang.blaze3d.platform.GlStateManager
[257月2026 13:11:44.723] [Render thread/DEBUG] [mixin/]: mixins.iris.json:MixinGlStateManager from mod iris: Class version 65 required is higher than the class version supported by the current version of Mixin (JAVA_8 supports class version 52)
[257月2026 13:11:44.723] [Render thread/DEBUG] [mixin/]: Mixing MixinGlStateManager_BlendOverride from mixins.iris.json into com.mojang.blaze3d.platform.GlStateManager
[257月2026 13:11:44.723] [Render thread/DEBUG] [mixin/]: mixins.iris.json:MixinGlStateManager_BlendOverride from mod iris: Class version 65 required is higher than the class version supported by the current version of Mixin (JAVA_8 supports class version 52)
[257月2026 13:11:44.723] [Render thread/DEBUG] [mixin/]: Mixing MixinGlStateManager_DepthColorOverride from mixins.iris.json into com.mojang.blaze3d.platform.GlStateManager
[257月2026 13:11:44.723] [Render thread/DEBUG] [mixin/]: mixins.iris.json:MixinGlStateManager_DepthColorOverride from mod iris: Class version 65 required is higher than the class version supported by the current version of Mixin (JAVA_8 supports class version 52)
[257月2026 13:11:44.728] [Render thread/DEBUG] [mixin/]: Mixing MixinGlStateManager_FramebufferBinding from mixins.iris.json into com.mojang.blaze3d.platform.GlStateManager
[257月2026 13:11:44.728] [Render thread/DEBUG] [mixin/]: mixins.iris.json:MixinGlStateManager_FramebufferBinding from mod iris: Class version 65 required is higher than the class version supported by the current version of Mixin (JAVA_8 supports class version 52)
[257月2026 13:11:44.729] [Render thread/DEBUG] [mixin/]: Mixing statelisteners.MixinGlStateManager from mixins.iris.json into com.mojang.blaze3d.platform.GlStateManager
[257月2026 13:11:44.729] [Render thread/DEBUG] [mixin/]: mixins.iris.json:statelisteners.MixinGlStateManager from mod iris: Class version 65 required is higher than the class version supported by the current version of Mixin (JAVA_8 supports class version 52)
[257月2026 13:11:44.729] [Render thread/DEBUG] [mixin/]: Renaming synthetic method lambda$static$0(Ljava/lang/Runnable;)V to md334d03$iris$lambda$static$0$5 in mixins.iris.json:statelisteners.MixinGlStateManager from mod iris
[257月2026 13:11:44.729] [Render thread/DEBUG] [mixin/]: Mixing texture.MixinGlStateManager from mixins.iris.json into com.mojang.blaze3d.platform.GlStateManager
[257月2026 13:11:44.729] [Render thread/DEBUG] [mixin/]: mixins.iris.json:texture.MixinGlStateManager from mod iris: Class version 65 required is higher than the class version supported by the current version of Mixin (JAVA_8 supports class version 52)
[257月2026 13:11:44.729] [Render thread/DEBUG] [mixin/]: Mixing features.render.viewport.GlStateManagerMixin from sodium-common.mixins.json into com.mojang.blaze3d.platform.GlStateManager
[257月2026 13:11:44.732] [Render thread/DEBUG] [mixin/]: mixins.iris.json:MixinGlStateManager_BlendOverride from mod iris->@Inject::iris$blendDisableLock(Lorg/spongepowered/asm/mixin/injection/callback/CallbackInfo;)V does use it's CallbackInfo
[257月2026 13:11:44.732] [Render thread/DEBUG] [mixin/]: mixins.iris.json:MixinGlStateManager_BlendOverride from mod iris->@Inject::iris$blendEnableLock(Lorg/spongepowered/asm/mixin/injection/callback/CallbackInfo;)V does use it's CallbackInfo
[257月2026 13:11:44.732] [Render thread/DEBUG] [mixin/]: mixins.iris.json:MixinGlStateManager_BlendOverride from mod iris->@Inject::iris$blendFuncLock(IILorg/spongepowered/asm/mixin/injection/callback/CallbackInfo;)V does use it's CallbackInfo
[257月2026 13:11:44.732] [Render thread/DEBUG] [mixin/]: mixins.iris.json:MixinGlStateManager_BlendOverride from mod iris->@Inject::iris$blendFuncSeparateLock(IIIILorg/spongepowered/asm/mixin/injection/callback/CallbackInfo;)V does use it's CallbackInfo
[257月2026 13:11:44.732] [Render thread/DEBUG] [mixin/]: mixins.iris.json:MixinGlStateManager_DepthColorOverride from mod iris->@Inject::iris$colorMaskLock(ZZZZLorg/spongepowered/asm/mixin/injection/callback/CallbackInfo;)V does use it's CallbackInfo
[257月2026 13:11:44.732] [Render thread/DEBUG] [mixin/]: mixins.iris.json:MixinGlStateManager_DepthColorOverride from mod iris->@Inject::iris$depthMaskLock(ZLorg/spongepowered/asm/mixin/injection/callback/CallbackInfo;)V does use it's CallbackInfo
[257月2026 13:11:44.732] [Render thread/DEBUG] [mixin/]: mixins.iris.json:MixinGlStateManager_DepthColorOverride from mod iris->@Inject::iris$resetTessellation(ILorg/spongepowered/asm/mixin/injection/callback/CallbackInfo;)V doesn't use it's CallbackInfo
[257月2026 13:11:44.732] [Render thread/DEBUG] [mixin/]: mixins.iris.json:MixinGlStateManager_FramebufferBinding from mod iris->@Inject::iris$avoidRedundantBind(IILorg/spongepowered/asm/mixin/injection/callback/CallbackInfo;)V does use it's CallbackInfo
[257月2026 13:11:44.733] [Render thread/DEBUG] [mixin/]: mixins.iris.json:MixinGlStateManager_FramebufferBinding from mod iris->@Inject::iris$avoidRedundantBind2(ILorg/spongepowered/asm/mixin/injection/callback/CallbackInfo;)V does use it's CallbackInfo
[257月2026 13:11:44.733] [Render thread/DEBUG] [mixin/]: mixins.iris.json:MixinGlStateManager_FramebufferBinding from mod iris->@Inject::iris$trackFramebufferDelete(ILorg/spongepowered/asm/mixin/injection/callback/CallbackInfo;)V doesn't use it's CallbackInfo
[257月2026 13:11:44.733] [Render thread/DEBUG] [mixin/]: mixins.iris.json:statelisteners.MixinGlStateManager from mod iris->@Inject::iris$onBlendFunc(IILorg/spongepowered/asm/mixin/injection/callback/CallbackInfo;)V doesn't use it's CallbackInfo
[257月2026 13:11:44.733] [Render thread/DEBUG] [mixin/]: mixins.iris.json:statelisteners.MixinGlStateManager from mod iris->@Inject::iris$onBlendFuncSeparate(IIIILorg/spongepowered/asm/mixin/injection/callback/CallbackInfo;)V doesn't use it's CallbackInfo
[257月2026 13:11:44.733] [Render thread/DEBUG] [mixin/]: mixins.iris.json:texture.MixinGlStateManager from mod iris->@Inject::iris$onTexImage2D(IIIIIIIILjava/nio/IntBuffer;Lorg/spongepowered/asm/mixin/injection/callback/CallbackInfo;)V doesn't use it's CallbackInfo
[257月2026 13:11:44.733] [Render thread/DEBUG] [mixin/]: mixins.iris.json:texture.MixinGlStateManager from mod iris->@Inject::iris$onDeleteTexture(ILorg/spongepowered/asm/mixin/injection/callback/CallbackInfo;)V doesn't use it's CallbackInfo
[257月2026 13:11:44.733] [Render thread/DEBUG] [mixin/]: mixins.iris.json:texture.MixinGlStateManager from mod iris->@Inject::iris$onDeleteTextures([ILorg/spongepowered/asm/mixin/injection/callback/CallbackInfo;)V doesn't use it's CallbackInfo
[257月2026 13:11:44.735] [Render thread/DEBUG] [mixin/]: Mixing MixinBooleanState from mixins.iris.json into com.mojang.blaze3d.platform.GlStateManager$BooleanState
[257月2026 13:11:44.736] [Render thread/DEBUG] [mixin/]: mixins.iris.json:MixinBooleanState from mod iris: Class version 65 required is higher than the class version supported by the current version of Mixin (JAVA_8 supports class version 52)
[257月2026 13:11:44.738] [Render thread/DEBUG] [mixin/]: Mixing statelisteners.BooleanStateAccessor from mixins.iris.json into com.mojang.blaze3d.platform.GlStateManager$BooleanState
[257月2026 13:11:44.738] [Render thread/DEBUG] [mixin/]: mixins.iris.json:statelisteners.BooleanStateAccessor from mod iris: Class version 65 required is higher than the class version supported by the current version of Mixin (JAVA_8 supports class version 52)
[257月2026 13:11:44.738] [Render thread/DEBUG] [mixin/]: mixins.iris.json:MixinBooleanState from mod iris->@Inject::iris$setUnknownState(ZLorg/spongepowered/asm/mixin/injection/callback/CallbackInfo;)V does use it's CallbackInfo
[257月2026 13:11:44.919] [Render thread/DEBUG] [mixin/]: Mixing client.MouseHandlerMixin from tacz.mixins.json into net.minecraft.client.MouseHandler
[257月2026 13:11:44.919] [Render thread/DEBUG] [mixin/]: tacz.mixins.json:client.MouseHandlerMixin from mod tacz: Class version 65 required is higher than the class version supported by the current version of Mixin (JAVA_17 supports class version 61)
[257月2026 13:11:44.943] [Render thread/INFO] [Iris/]: Debug functionality is disabled.
[257月2026 13:11:44.945] [Render thread/INFO] [Iris/]: DSA support not detected.
[257月2026 13:11:44.949] [Render thread/DEBUG] [mixin/]: Mixing features.textures.NativeImageAccessor from sodium-common.mixins.json into com.mojang.blaze3d.platform.NativeImage
[257月2026 13:11:44.958] [Render thread/DEBUG] [mixin/]: Mixing MixinVertexFormat from mixins.iris.vertexformat.json into com.mojang.blaze3d.vertex.VertexFormat
[257月2026 13:11:44.958] [Render thread/DEBUG] [mixin/]: mixins.iris.vertexformat.json:MixinVertexFormat from mod iris: Class version 65 required is higher than the class version supported by the current version of Mixin (JAVA_8 supports class version 52)
[257月2026 13:11:44.959] [Render thread/DEBUG] [mixin/]: Mixing core.render.VertexFormatMixin from sodium-common.mixins.json into com.mojang.blaze3d.vertex.VertexFormat
[257月2026 13:11:44.960] [Render thread/DEBUG] [mixin/]: mixins.iris.vertexformat.json:MixinVertexFormat from mod iris->@Inject::iris$onSetupBufferState(Lorg/spongepowered/asm/mixin/injection/callback/CallbackInfo;)V does use it's CallbackInfo
[257月2026 13:11:44.960] [Render thread/DEBUG] [mixin/]: mixins.iris.vertexformat.json:MixinVertexFormat from mod iris->@Inject::iris$onClearBufferState(Lorg/spongepowered/asm/mixin/injection/callback/CallbackInfo;)V does use it's CallbackInfo
[257月2026 13:11:44.960] [Render thread/DEBUG] [mixin/]: sodium-common.mixins.json:core.render.VertexFormatMixin from mod sodium->@Inject::afterInit(Ljava/util/List;Ljava/util/List;Lit/unimi/dsi/fastutil/ints/IntList;ILorg/spongepowered/asm/mixin/injection/callback/CallbackInfo;)V doesn't use it's CallbackInfo
[257月2026 13:11:44.960] [Render thread/DEBUG] [mixin/]: sodium-common.mixins.json:core.render.VertexFormatMixin from mod sodium->@Inject::afterInit(Ljava/util/List;Ljava/util/List;Lit/unimi/dsi/fastutil/ints/IntList;ILorg/spongepowered/asm/mixin/injection/callback/CallbackInfo;)V has 0 override(s) in child classes
[257月2026 13:11:44.960] [Render thread/DEBUG] [mixin/]: sodium-common.mixins.json:core.render.VertexFormatMixin from mod sodium->@Inject::afterInit(Ljava/util/List;Ljava/util/List;Lit/unimi/dsi/fastutil/ints/IntList;ILorg/spongepowered/asm/mixin/injection/callback/CallbackInfo;)V won't be passed a CallbackInfo as a result
[257月2026 13:11:44.962] [Render thread/DEBUG] [mixin/]: Mixing MixinVertexFormatElement from mixins.iris.vertexformat.json into com.mojang.blaze3d.vertex.VertexFormatElement
[257月2026 13:11:44.962] [Render thread/DEBUG] [mixin/]: mixins.iris.vertexformat.json:MixinVertexFormatElement from mod iris: Class version 65 required is higher than the class version supported by the current version of Mixin (JAVA_8 supports class version 52)
[257月2026 13:11:44.962] [Render thread/DEBUG] [mixin/]: mixins.iris.vertexformat.json:MixinVertexFormatElement from mod iris->@Inject::iris$fixGenericAttributes(ILcom/mojang/blaze3d/vertex/VertexFormatElement$Usage;Lorg/spongepowered/asm/mixin/injection/callback/CallbackInfoReturnable;)V does use it's CallbackInfoReturnable
[257月2026 13:11:44.966] [Render thread/INFO] [Iris/]: Shaders are disabled because enableShaders is set to false in iris.properties
[257月2026 13:11:44.992] [Render thread/DEBUG] [net.neoforged.fml.ModWorkManager/LOADING]: Using 10 threads for parallel mod-loading
[257月2026 13:11:45.010] [Render thread/FATAL] [net.neoforged.fml.ModLoader/CORE]: Error during pre-loading phase: File /Users/wangziyang/Downloads/Neoday_re/endofday_re/build/classes/java/main is not a valid mod file
net.neoforged.neoforgespi.locating.InvalidModFileException: Invalid modId found : Neoday_re (main)
	at MC-BOOTSTRAP/fml_loader@4.0.43/net.neoforged.fml.loading.moddiscovery.ModInfo.<init>(ModInfo.java:62) ~[loader-4.0.43.jar%23140!/:4.0]
	at MC-BOOTSTRAP/fml_loader@4.0.43/net.neoforged.fml.loading.moddiscovery.ModFileInfo.lambda$new$2(ModFileInfo.java:91) ~[loader-4.0.43.jar%23140!/:4.0]
	at java.base/java.util.stream.ReferencePipeline$3$1.accept(ReferencePipeline.java:197) ~[?:?]
	at java.base/java.util.ArrayList$ArrayListSpliterator.forEachRemaining(ArrayList.java:1708) ~[?:?]
	at java.base/java.util.stream.AbstractPipeline.copyInto(AbstractPipeline.java:509) ~[?:?]
	at java.base/java.util.stream.AbstractPipeline.wrapAndCopyInto(AbstractPipeline.java:499) ~[?:?]
	at java.base/java.util.stream.AbstractPipeline.evaluate(AbstractPipeline.java:575) ~[?:?]
	at java.base/java.util.stream.AbstractPipeline.evaluateToArrayNode(AbstractPipeline.java:260) ~[?:?]
	at java.base/java.util.stream.ReferencePipeline.toArray(ReferencePipeline.java:616) ~[?:?]
	at java.base/java.util.stream.ReferencePipeline.toArray(ReferencePipeline.java:622) ~[?:?]
	at java.base/java.util.stream.ReferencePipeline.toList(ReferencePipeline.java:627) ~[?:?]
	at MC-BOOTSTRAP/fml_loader@4.0.43/net.neoforged.fml.loading.moddiscovery.ModFileInfo.<init>(ModFileInfo.java:92) ~[loader-4.0.43.jar%23140!/:4.0]
	at MC-BOOTSTRAP/fml_loader@4.0.43/net.neoforged.fml.loading.moddiscovery.ModFileParser.modsTomlParser(ModFileParser.java:56) ~[loader-4.0.43.jar%23140!/:4.0]
	at MC-BOOTSTRAP/fml_loader@4.0.43/net.neoforged.fml.loading.moddiscovery.ModFileParser.readModList(ModFileParser.java:37) ~[loader-4.0.43.jar%23140!/:4.0]
	at MC-BOOTSTRAP/fml_loader@4.0.43/net.neoforged.fml.loading.moddiscovery.ModFile.<init>(ModFile.java:77) ~[loader-4.0.43.jar%23140!/:4.0]
	at MC-BOOTSTRAP/fml_loader@4.0.43/net.neoforged.fml.loading.moddiscovery.ModFile.<init>(ModFile.java:66) ~[loader-4.0.43.jar%23140!/:4.0]
	at MC-BOOTSTRAP/fml_loader@4.0.43/net.neoforged.fml.loading.moddiscovery.readers.JarModsDotTomlModFileReader.createModFile(JarModsDotTomlModFileReader.java:45) ~[loader-4.0.43.jar%23140!/:4.0]
	at MC-BOOTSTRAP/fml_loader@4.0.43/net.neoforged.fml.loading.moddiscovery.readers.JarModsDotTomlModFileReader.read(JarModsDotTomlModFileReader.java:88) ~[loader-4.0.43.jar%23140!/:4.0]
	at MC-BOOTSTRAP/fml_loader@4.0.43/net.neoforged.fml.loading.moddiscovery.ModDiscoverer$DiscoveryPipeline.addJarContent(ModDiscoverer.java:223) ~[loader-4.0.43.jar%23140!/:4.0]
	at MC-BOOTSTRAP/fml_loader@4.0.43/net.neoforged.fml.loading.moddiscovery.ModDiscoverer$DiscoveryPipeline.addPath(ModDiscoverer.java:200) ~[loader-4.0.43.jar%23140!/:4.0]
	at MC-BOOTSTRAP/fml_loader@4.0.43/net.neoforged.fml.loading.moddiscovery.locators.UserdevLocator.findCandidates(UserdevLocator.java:34) ~[loader-4.0.43.jar%23140!/:4.0]
	at MC-BOOTSTRAP/fml_loader@4.0.43/net.neoforged.fml.loading.moddiscovery.ModDiscoverer.discoverMods(ModDiscoverer.java:73) ~[loader-4.0.43.jar%23140!/:4.0]
	at MC-BOOTSTRAP/fml_loader@4.0.43/net.neoforged.fml.loading.FMLLoader.beginModScan(FMLLoader.java:131) ~[loader-4.0.43.jar%23140!/:4.0]
	at MC-BOOTSTRAP/fml_loader@4.0.43/net.neoforged.fml.loading.FMLServiceProvider.beginScanning(FMLServiceProvider.java:84) ~[loader-4.0.43.jar%23140!/:4.0]
	at MC-BOOTSTRAP/cpw.mods.modlauncher@11.0.5/cpw.mods.modlauncher.TransformationServiceDecorator.runScan(TransformationServiceDecorator.java:97) ~[modlauncher-11.0.5.jar%23122!/:?]
	at MC-BOOTSTRAP/cpw.mods.modlauncher@11.0.5/cpw.mods.modlauncher.TransformationServicesHandler.lambda$runScanningTransformationServices$7(TransformationServicesHandler.java:94) ~[modlauncher-11.0.5.jar%23122!/:?]
	at java.base/java.util.stream.ReferencePipeline$3$1.accept(ReferencePipeline.java:197) ~[?:?]
	at java.base/java.util.HashMap$ValueSpliterator.forEachRemaining(HashMap.java:1787) ~[?:?]
	at java.base/java.util.stream.AbstractPipeline.copyInto(AbstractPipeline.java:509) ~[?:?]
	at java.base/java.util.stream.AbstractPipeline.wrapAndCopyInto(AbstractPipeline.java:499) ~[?:?]
	at java.base/java.util.stream.AbstractPipeline.evaluate(AbstractPipeline.java:575) ~[?:?]
	at java.base/java.util.stream.AbstractPipeline.evaluateToArrayNode(AbstractPipeline.java:260) ~[?:?]
	at java.base/java.util.stream.ReferencePipeline.toArray(ReferencePipeline.java:616) ~[?:?]
	at java.base/java.util.stream.ReferencePipeline.toArray(ReferencePipeline.java:622) ~[?:?]
	at java.base/java.util.stream.ReferencePipeline.toList(ReferencePipeline.java:627) ~[?:?]
	at MC-BOOTSTRAP/cpw.mods.modlauncher@11.0.5/cpw.mods.modlauncher.TransformationServicesHandler.runScanningTransformationServices(TransformationServicesHandler.java:96) ~[modlauncher-11.0.5.jar%23122!/:?]
	at MC-BOOTSTRAP/cpw.mods.modlauncher@11.0.5/cpw.mods.modlauncher.TransformationServicesHandler.initializeTransformationServices(TransformationServicesHandler.java:50) ~[modlauncher-11.0.5.jar%23122!/:?]
	at MC-BOOTSTRAP/cpw.mods.modlauncher@11.0.5/cpw.mods.modlauncher.Launcher.run(Launcher.java:84) [modlauncher-11.0.5.jar%23122!/:?]
	at MC-BOOTSTRAP/cpw.mods.modlauncher@11.0.5/cpw.mods.modlauncher.Launcher.main(Launcher.java:74) [modlauncher-11.0.5.jar%23122!/:?]
	at MC-BOOTSTRAP/cpw.mods.modlauncher@11.0.5/cpw.mods.modlauncher.BootstrapLaunchConsumer.accept(BootstrapLaunchConsumer.java:26) [modlauncher-11.0.5.jar%23122!/:?]
	at MC-BOOTSTRAP/cpw.mods.modlauncher@11.0.5/cpw.mods.modlauncher.BootstrapLaunchConsumer.accept(BootstrapLaunchConsumer.java:23) [modlauncher-11.0.5.jar%23122!/:?]
	at cpw.mods.bootstraplauncher@2.0.2/cpw.mods.bootstraplauncher.BootstrapLauncher.run(BootstrapLauncher.java:210) [bootstraplauncher-2.0.2.jar:?]
	at cpw.mods.bootstraplauncher@2.0.2/cpw.mods.bootstraplauncher.BootstrapLauncher.main(BootstrapLauncher.java:69) [bootstraplauncher-2.0.2.jar:?]
	at java.base/jdk.internal.reflect.DirectMethodHandleAccessor.invoke(DirectMethodHandleAccessor.java:103) ~[?:?]
	at java.base/java.lang.reflect.Method.invoke(Method.java:580) ~[?:?]
	at net.neoforged.devlaunch.Main.main(Main.java:57) [DevLaunch-1.0.2.jar:?]
[257月2026 13:11:45.036] [Render thread/DEBUG] [mixin/]: Mixing platform.neoforge.ResourcePackLoaderMixin from sodium-neoforge.mixins.json into net.neoforged.neoforge.resource.ResourcePackLoader
[257月2026 13:11:45.036] [Render thread/DEBUG] [mixin/]: Renaming synthetic method lambda$changeSet$0(Ljava/util/Map$Entry;Ljava/util/Map$Entry;)I to md334d03$sodium$lambda$changeSet$0$0 in sodium-neoforge.mixins.json:platform.neoforge.ResourcePackLoaderMixin from mod sodium
[257月2026 13:11:45.053] [Render thread/ERROR] [Sodium/]: Something has gone horribly wrong in mod loading; Sodium cannot continue.
[257月2026 13:11:45.054] [Render thread/DEBUG] [mixin/]: Mixing MixinClientLanguage from mixins.iris.json into net.minecraft.client.resources.language.ClientLanguage
[257月2026 13:11:45.054] [Render thread/DEBUG] [mixin/]: mixins.iris.json:MixinClientLanguage from mod iris: Class version 65 required is higher than the class version supported by the current version of Mixin (JAVA_8 supports class version 52)
[257月2026 13:11:45.057] [Render thread/DEBUG] [mixin/]: Mixing client.LanguageMixin from tacz.mixins.json into net.minecraft.client.resources.language.ClientLanguage
[257月2026 13:11:45.057] [Render thread/DEBUG] [mixin/]: tacz.mixins.json:client.LanguageMixin from mod tacz: Class version 65 required is higher than the class version supported by the current version of Mixin (JAVA_17 supports class version 61)
[257月2026 13:11:45.059] [Render thread/DEBUG] [mixin/]: mixins.iris.json:MixinClientLanguage from mod iris->@Inject::injectFrom(Ljava/lang/String;Ljava/util/List;Ljava/util/Map;Lorg/spongepowered/asm/mixin/injection/callback/CallbackInfo;)V doesn't use it's CallbackInfo
[257月2026 13:11:45.059] [Render thread/DEBUG] [mixin/]: mixins.iris.json:MixinClientLanguage from mod iris->@Inject::check(Lnet/minecraft/server/packs/resources/ResourceManager;Ljava/util/List;ZLorg/spongepowered/asm/mixin/injection/callback/CallbackInfoReturnable;)V doesn't use it's CallbackInfoReturnable
[257月2026 13:11:45.059] [Render thread/DEBUG] [mixin/]: mixins.iris.json:MixinClientLanguage from mod iris->@Inject::iris$addLanguageEntries(Ljava/lang/String;Ljava/lang/String;Lorg/spongepowered/asm/mixin/injection/callback/CallbackInfoReturnable;)V does use it's CallbackInfoReturnable
[257月2026 13:11:45.059] [Render thread/DEBUG] [mixin/]: mixins.iris.json:MixinClientLanguage from mod iris->@Inject::iris$addLanguageEntriesToTranslationChecks(Ljava/lang/String;Lorg/spongepowered/asm/mixin/injection/callback/CallbackInfoReturnable;)V does use it's CallbackInfoReturnable
[257月2026 13:11:45.060] [ForkJoinPool.commonPool-worker-5/WARN] [Iris/]: [Iris Update Check] This version doesn't have an update index, skipping.
[257月2026 13:11:45.061] [Render thread/DEBUG] [mixin/]: Mixing texture.MixinTextureManager from mixins.iris.json into net.minecraft.client.renderer.texture.TextureManager
[257月2026 13:11:45.061] [Render thread/DEBUG] [mixin/]: mixins.iris.json:texture.MixinTextureManager from mod iris: Class version 65 required is higher than the class version supported by the current version of Mixin (JAVA_8 supports class version 52)
[257月2026 13:11:45.063] [Render thread/DEBUG] [mixin/]: mixins.iris.json:texture.MixinTextureManager from mod iris->@Inject::iris$onTailReloadLambda(Lnet/minecraft/server/packs/resources/ResourceManager;Ljava/util/concurrent/Executor;Ljava/util/concurrent/CompletableFuture;Ljava/lang/Void;Lorg/spongepowered/asm/mixin/injection/callback/CallbackInfo;)V doesn't use it's CallbackInfo
[257月2026 13:11:45.063] [Render thread/DEBUG] [mixin/]: mixins.iris.json:texture.MixinTextureManager from mod iris->@Inject::iris$onTailReloadLambda(Lnet/minecraft/server/packs/resources/ResourceManager;Ljava/util/concurrent/Executor;Ljava/util/concurrent/CompletableFuture;Ljava/lang/Void;Lorg/spongepowered/asm/mixin/injection/callback/CallbackInfo;)V has 0 override(s) in child classes
[257月2026 13:11:45.063] [Render thread/DEBUG] [mixin/]: mixins.iris.json:texture.MixinTextureManager from mod iris->@Inject::iris$onTailReloadLambda(Lnet/minecraft/server/packs/resources/ResourceManager;Ljava/util/concurrent/Executor;Ljava/util/concurrent/CompletableFuture;Ljava/lang/Void;Lorg/spongepowered/asm/mixin/injection/callback/CallbackInfo;)V won't be passed a CallbackInfo as a result
[257月2026 13:11:45.063] [Render thread/DEBUG] [mixin/]: mixins.iris.json:texture.MixinTextureManager from mod iris->@Inject::iris$onInnerDumpTextures(Ljava/nio/file/Path;Lorg/spongepowered/asm/mixin/injection/callback/CallbackInfo;)V doesn't use it's CallbackInfo
[257月2026 13:11:45.063] [Render thread/DEBUG] [mixin/]: mixins.iris.json:texture.MixinTextureManager from mod iris->@Inject::iris$onInnerDumpTextures(Ljava/nio/file/Path;Lorg/spongepowered/asm/mixin/injection/callback/CallbackInfo;)V has 0 override(s) in child classes
[257月2026 13:11:45.063] [Render thread/DEBUG] [mixin/]: mixins.iris.json:texture.MixinTextureManager from mod iris->@Inject::iris$onInnerDumpTextures(Ljava/nio/file/Path;Lorg/spongepowered/asm/mixin/injection/callback/CallbackInfo;)V won't be passed a CallbackInfo as a result
[257月2026 13:11:45.063] [Render thread/DEBUG] [mixin/]: mixins.iris.json:texture.MixinTextureManager from mod iris->@Inject::iris$onInnerDumpTextures(Ljava/nio/file/Path;Lorg/spongepowered/asm/mixin/injection/callback/CallbackInfo;)V doesn't use it's CallbackInfo
[257月2026 13:11:45.063] [Render thread/DEBUG] [mixin/]: mixins.iris.json:texture.MixinTextureManager from mod iris->@Inject::iris$onInnerDumpTextures(Ljava/nio/file/Path;Lorg/spongepowered/asm/mixin/injection/callback/CallbackInfo;)V has 0 override(s) in child classes
[257月2026 13:11:45.063] [Render thread/DEBUG] [mixin/]: mixins.iris.json:texture.MixinTextureManager from mod iris->@Inject::iris$onInnerDumpTextures(Ljava/nio/file/Path;Lorg/spongepowered/asm/mixin/injection/callback/CallbackInfo;)V won't be passed a CallbackInfo as a result
[257月2026 13:11:45.063] [Render thread/DEBUG] [mixin/]: mixins.iris.json:texture.MixinTextureManager from mod iris->@Inject::iris$onTailClose(Lorg/spongepowered/asm/mixin/injection/callback/CallbackInfo;)V doesn't use it's CallbackInfo
[257月2026 13:11:45.063] [Render thread/DEBUG] [mixin/]: mixins.iris.json:texture.MixinTextureManager from mod iris->@Inject::iris$onTailClose(Lorg/spongepowered/asm/mixin/injection/callback/CallbackInfo;)V has 0 override(s) in child classes
[257月2026 13:11:45.063] [Render thread/DEBUG] [mixin/]: mixins.iris.json:texture.MixinTextureManager from mod iris->@Inject::iris$onTailClose(Lorg/spongepowered/asm/mixin/injection/callback/CallbackInfo;)V won't be passed a CallbackInfo as a result
[257月2026 13:11:45.217] [Render thread/ERROR] [net.neoforged.fml.ModLoader/]: Cowardly refusing to send event net.neoforged.neoforge.client.event.sound.SoundEngineLoadEvent to a broken mod state
[257月2026 13:11:45.221] [Render thread/DEBUG] [mixin/]: Mixing features.render.gui.font.BakedGlyphMixin from sodium-common.mixins.json into net.minecraft.client.gui.font.glyphs.BakedGlyph
[257月2026 13:11:45.224] [Render thread/DEBUG] [mixin/]: sodium-common.mixins.json:features.render.gui.font.BakedGlyphMixin from mod sodium->@Inject::drawFast(ZFFLorg/joml/Matrix4f;Lcom/mojang/blaze3d/vertex/VertexConsumer;FFFFILorg/spongepowered/asm/mixin/injection/callback/CallbackInfo;)V does use it's CallbackInfo
[257月2026 13:11:45.230] [Render thread/DEBUG] [mixin/]: Mixing MixinRenderType from mixins.iris.json into net.minecraft.client.renderer.RenderType
[257月2026 13:11:45.231] [Render thread/DEBUG] [mixin/]: mixins.iris.json:MixinRenderType from mod iris: Class version 65 required is higher than the class version supported by the current version of Mixin (JAVA_8 supports class version 52)
[257月2026 13:11:45.231] [Render thread/DEBUG] [mixin/]: Mixing rendertype.RenderTypeAccessor from mixins.iris.json into net.minecraft.client.renderer.RenderType
[257月2026 13:11:45.231] [Render thread/DEBUG] [mixin/]: mixins.iris.json:rendertype.RenderTypeAccessor from mod iris: Class version 65 required is higher than the class version supported by the current version of Mixin (JAVA_8 supports class version 52)
[257月2026 13:11:45.231] [Render thread/DEBUG] [mixin/]: Mixing MixinRenderType from iris-batched-entity-rendering.mixins.json into net.minecraft.client.renderer.RenderType
[257月2026 13:11:45.231] [Render thread/DEBUG] [mixin/]: iris-batched-entity-rendering.mixins.json:MixinRenderType from mod iris: Class version 65 required is higher than the class version supported by the current version of Mixin (JAVA_8 supports class version 52)
[257月2026 13:11:45.231] [Render thread/DEBUG] [mixin/]: Mixing RenderTypeAccessor from iris-batched-entity-rendering.mixins.json into net.minecraft.client.renderer.RenderType
[257月2026 13:11:45.231] [Render thread/DEBUG] [mixin/]: iris-batched-entity-rendering.mixins.json:RenderTypeAccessor from mod iris: Class version 65 required is higher than the class version supported by the current version of Mixin (JAVA_8 supports class version 52)
[257月2026 13:11:45.232] [Render thread/DEBUG] [mixin/]: Unexpected: Registered method shouldSortOnUpload()Z in net.minecraft.client.renderer.RenderType was not merged
[257月2026 13:11:45.234] [Render thread/DEBUG] [mixin/]: Mixing rendertype.RenderStateShardAccessor from mixins.iris.json into net.minecraft.client.renderer.RenderStateShard
[257月2026 13:11:45.236] [Render thread/DEBUG] [mixin/]: mixins.iris.json:rendertype.RenderStateShardAccessor from mod iris: Class version 65 required is higher than the class version supported by the current version of Mixin (JAVA_8 supports class version 52)
[257月2026 13:11:45.236] [Render thread/DEBUG] [mixin/]: Renaming @Accessor method getTranslucentTransparency()Lnet/minecraft/client/renderer/RenderStateShard$TransparencyStateShard; to getTranslucentTransparency$iris_$md$334d03$0 in mixins.iris.json:rendertype.RenderStateShardAccessor from mod iris
[257月2026 13:11:45.236] [Render thread/DEBUG] [mixin/]: Mixing RenderStateShardAccessor from iris-batched-entity-rendering.mixins.json into net.minecraft.client.renderer.RenderStateShard
[257月2026 13:11:45.236] [Render thread/DEBUG] [mixin/]: iris-batched-entity-rendering.mixins.json:RenderStateShardAccessor from mod iris: Class version 65 required is higher than the class version supported by the current version of Mixin (JAVA_8 supports class version 52)
[257月2026 13:11:45.236] [Render thread/DEBUG] [mixin/]: Renaming @Accessor method getNO_TRANSPARENCY()Lnet/minecraft/client/renderer/RenderStateShard$TransparencyStateShard; to getNO_TRANSPARENCY$iris_$md$334d03$1 in iris-batched-entity-rendering.mixins.json:RenderStateShardAccessor from mod iris
[257月2026 13:11:45.236] [Render thread/DEBUG] [mixin/]: Renaming @Accessor method getGLINT_TRANSPARENCY()Lnet/minecraft/client/renderer/RenderStateShard$TransparencyStateShard; to getGLINT_TRANSPARENCY$iris_$md$334d03$2 in iris-batched-entity-rendering.mixins.json:RenderStateShardAccessor from mod iris
[257月2026 13:11:45.236] [Render thread/DEBUG] [mixin/]: Renaming @Accessor method getCRUMBLING_TRANSPARENCY()Lnet/minecraft/client/renderer/RenderStateShard$TransparencyStateShard; to getCRUMBLING_TRANSPARENCY$iris_$md$334d03$3 in iris-batched-entity-rendering.mixins.json:RenderStateShardAccessor from mod iris
[257月2026 13:11:45.239] [Render thread/DEBUG] [mixin/]: Mixing MixinCompositeRenderType from iris-batched-entity-rendering.mixins.json into net.minecraft.client.renderer.RenderType$CompositeRenderType
[257月2026 13:11:45.239] [Render thread/DEBUG] [mixin/]: iris-batched-entity-rendering.mixins.json:MixinCompositeRenderType from mod iris: Class version 65 required is higher than the class version supported by the current version of Mixin (JAVA_8 supports class version 52)
[257月2026 13:11:45.240] [Render thread/DEBUG] [mixin/]: iris-batched-entity-rendering.mixins.json:MixinCompositeRenderType from mod iris->@Inject::batchedentityrendering$onCompositeInit(Ljava/lang/String;Lcom/mojang/blaze3d/vertex/VertexFormat;Lcom/mojang/blaze3d/vertex/VertexFormat$Mode;IZZLnet/minecraft/client/renderer/RenderType$CompositeState;Lorg/spongepowered/asm/mixin/injection/callback/CallbackInfo;)V doesn't use it's CallbackInfo
[257月2026 13:11:45.243] [Render thread/DEBUG] [mixin/]: Mixing GameRendererAccessor from mixins.iris.json into net.minecraft.client.renderer.GameRenderer
[257月2026 13:11:45.243] [Render thread/DEBUG] [mixin/]: mixins.iris.json:GameRendererAccessor from mod iris: Class version 65 required is higher than the class version supported by the current version of Mixin (JAVA_8 supports class version 52)
[257月2026 13:11:45.243] [Render thread/DEBUG] [mixin/]: Mixing MixinGameRenderer from mixins.iris.json into net.minecraft.client.renderer.GameRenderer
[257月2026 13:11:45.243] [Render thread/DEBUG] [mixin/]: mixins.iris.json:MixinGameRenderer from mod iris: Class version 65 required is higher than the class version supported by the current version of Mixin (JAVA_8 supports class version 52)
[257月2026 13:11:45.248] [Render thread/DEBUG] [mixin/]: Mixing MixinModelViewBobbing from mixins.iris.json into net.minecraft.client.renderer.GameRenderer
[257月2026 13:11:45.248] [Render thread/DEBUG] [mixin/]: mixins.iris.json:MixinModelViewBobbing from mod iris: Class version 65 required is higher than the class version supported by the current version of Mixin (JAVA_8 supports class version 52)
[257月2026 13:11:45.250] [Render thread/DEBUG] [mixin/]: Mixing features.gui.hooks.console.GameRendererMixin from sodium-common.mixins.json into net.minecraft.client.renderer.GameRenderer
[257月2026 13:11:45.251] [Render thread/DEBUG] [mixin/]: Mixing client.GameRendererMixin from tacz.mixins.json into net.minecraft.client.renderer.GameRenderer
[257月2026 13:11:45.251] [Render thread/DEBUG] [mixin/]: tacz.mixins.json:client.GameRendererMixin from mod tacz: Class version 65 required is higher than the class version supported by the current version of Mixin (JAVA_17 supports class version 61)
[257月2026 13:11:45.251] [Render thread/DEBUG] [mixin/]: Mixing MixinGameRenderer_NightVisionCompat from mixins.iris.json into net.minecraft.client.renderer.GameRenderer
[257月2026 13:11:45.251] [Render thread/DEBUG] [mixin/]: mixins.iris.json:MixinGameRenderer_NightVisionCompat from mod iris: Class version 65 required is higher than the class version supported by the current version of Mixin (JAVA_8 supports class version 52)
[257月2026 13:11:45.259] [Render thread/DEBUG] [mixin/]: mixins.iris.json:MixinGameRenderer from mod iris->@Inject::iris$overridePositionShader(Lorg/spongepowered/asm/mixin/injection/callback/CallbackInfoReturnable;)V does use it's CallbackInfoReturnable
[257月2026 13:11:45.259] [Render thread/DEBUG] [mixin/]: mixins.iris.json:MixinGameRenderer from mod iris->@Inject::iris$overridePositionColorShader(Lorg/spongepowered/asm/mixin/injection/callback/CallbackInfoReturnable;)V does use it's CallbackInfoReturnable
[257月2026 13:11:45.259] [Render thread/DEBUG] [mixin/]: mixins.iris.json:MixinGameRenderer from mod iris->@Inject::iris$overridePositionTexShader(Lorg/spongepowered/asm/mixin/injection/callback/CallbackInfoReturnable;)V does use it's CallbackInfoReturnable
[257月2026 13:11:45.259] [Render thread/DEBUG] [mixin/]: mixins.iris.json:MixinGameRenderer from mod iris->@Inject::iris$overridePositionTexColorShader(Lorg/spongepowered/asm/mixin/injection/callback/CallbackInfoReturnable;)V does use it's CallbackInfoReturnable
[257月2026 13:11:45.259] [Render thread/DEBUG] [mixin/]: mixins.iris.json:MixinGameRenderer from mod iris->@Inject::iris$overrideParticleShader(Lorg/spongepowered/asm/mixin/injection/callback/CallbackInfoReturnable;)V does use it's CallbackInfoReturnable
[257月2026 13:11:45.259] [Render thread/DEBUG] [mixin/]: mixins.iris.json:MixinGameRenderer from mod iris->@Inject::iris$overridePositionTexColorNormalShader(Lorg/spongepowered/asm/mixin/injection/callback/CallbackInfoReturnable;)V does use it's CallbackInfoReturnable
[257月2026 13:11:45.259] [Render thread/DEBUG] [mixin/]: mixins.iris.json:MixinGameRenderer from mod iris->@Inject::iris$overrideSolidShader(Lorg/spongepowered/asm/mixin/injection/callback/CallbackInfoReturnable;)V does use it's CallbackInfoReturnable
[257月2026 13:11:45.259] [Render thread/DEBUG] [mixin/]: mixins.iris.json:MixinGameRenderer from mod iris->@Inject::iris$overrideCutoutShader(Lorg/spongepowered/asm/mixin/injection/callback/CallbackInfoReturnable;)V does use it's CallbackInfoReturnable
[257月2026 13:11:45.259] [Render thread/DEBUG] [mixin/]: mixins.iris.json:MixinGameRenderer from mod iris->@Inject::iris$overrideCutoutShader(Lorg/spongepowered/asm/mixin/injection/callback/CallbackInfoReturnable;)V does use it's CallbackInfoReturnable
[257月2026 13:11:45.259] [Render thread/DEBUG] [mixin/]: mixins.iris.json:MixinGameRenderer from mod iris->@Inject::iris$overrideTranslucentShader(Lorg/spongepowered/asm/mixin/injection/callback/CallbackInfoReturnable;)V does use it's CallbackInfoReturnable
[257月2026 13:11:45.259] [Render thread/DEBUG] [mixin/]: mixins.iris.json:MixinGameRenderer from mod iris->@Inject::iris$overrideTranslucentShader(Lorg/spongepowered/asm/mixin/injection/callback/CallbackInfoReturnable;)V does use it's CallbackInfoReturnable
[257月2026 13:11:45.259] [Render thread/DEBUG] [mixin/]: mixins.iris.json:MixinGameRenderer from mod iris->@Inject::iris$overrideTranslucentShader(Lorg/spongepowered/asm/mixin/injection/callback/CallbackInfoReturnable;)V does use it's CallbackInfoReturnable
[257月2026 13:11:45.259] [Render thread/DEBUG] [mixin/]: mixins.iris.json:MixinGameRenderer from mod iris->@Inject::iris$overrideEntityCutoutShader(Lorg/spongepowered/asm/mixin/injection/callback/CallbackInfoReturnable;)V does use it's CallbackInfoReturnable
[257月2026 13:11:45.259] [Render thread/DEBUG] [mixin/]: mixins.iris.json:MixinGameRenderer from mod iris->@Inject::iris$overrideEntityCutoutShader(Lorg/spongepowered/asm/mixin/injection/callback/CallbackInfoReturnable;)V does use it's CallbackInfoReturnable
[257月2026 13:11:45.259] [Render thread/DEBUG] [mixin/]: mixins.iris.json:MixinGameRenderer from mod iris->@Inject::iris$overrideEntityCutoutShader(Lorg/spongepowered/asm/mixin/injection/callback/CallbackInfoReturnable;)V does use it's CallbackInfoReturnable
[257月2026 13:11:45.259] [Render thread/DEBUG] [mixin/]: mixins.iris.json:MixinGameRenderer from mod iris->@Inject::iris$overrideEntityCutoutShader(Lorg/spongepowered/asm/mixin/injection/callback/CallbackInfoReturnable;)V does use it's CallbackInfoReturnable
[257月2026 13:11:45.259] [Render thread/DEBUG] [mixin/]: mixins.iris.json:MixinGameRenderer from mod iris->@Inject::iris$overrideEntityCutoutShader(Lorg/spongepowered/asm/mixin/injection/callback/CallbackInfoReturnable;)V does use it's CallbackInfoReturnable
[257月2026 13:11:45.259] [Render thread/DEBUG] [mixin/]: mixins.iris.json:MixinGameRenderer from mod iris->@Inject::iris$overrideEntityCutoutShader(Lorg/spongepowered/asm/mixin/injection/callback/CallbackInfoReturnable;)V does use it's CallbackInfoReturnable
[257月2026 13:11:45.259] [Render thread/DEBUG] [mixin/]: mixins.iris.json:MixinGameRenderer from mod iris->@Inject::iris$overrideEntityTranslucentShader(Lorg/spongepowered/asm/mixin/injection/callback/CallbackInfoReturnable;)V does use it's CallbackInfoReturnable
[257月2026 13:11:45.259] [Render thread/DEBUG] [mixin/]: mixins.iris.json:MixinGameRenderer from mod iris->@Inject::iris$overrideEntityTranslucentShader(Lorg/spongepowered/asm/mixin/injection/callback/CallbackInfoReturnable;)V does use it's CallbackInfoReturnable
[257月2026 13:11:45.259] [Render thread/DEBUG] [mixin/]: mixins.iris.json:MixinGameRenderer from mod iris->@Inject::iris$overrideEntityTranslucentShader(Lorg/spongepowered/asm/mixin/injection/callback/CallbackInfoReturnable;)V does use it's CallbackInfoReturnable
[257月2026 13:11:45.259] [Render thread/DEBUG] [mixin/]: mixins.iris.json:MixinGameRenderer from mod iris->@Inject::iris$overrideEntityTranslucentShader(Lorg/spongepowered/asm/mixin/injection/callback/CallbackInfoReturnable;)V does use it's CallbackInfoReturnable
[257月2026 13:11:45.259] [Render thread/DEBUG] [mixin/]: mixins.iris.json:MixinGameRenderer from mod iris->@Inject::iris$overrideEntityTranslucentShader(Lorg/spongepowered/asm/mixin/injection/callback/CallbackInfoReturnable;)V does use it's CallbackInfoReturnable
[257月2026 13:11:45.259] [Render thread/DEBUG] [mixin/]: mixins.iris.json:MixinGameRenderer from mod iris->@Inject::iris$overrideEnergySwirlShadowShader(Lorg/spongepowered/asm/mixin/injection/callback/CallbackInfoReturnable;)V does use it's CallbackInfoReturnable
[257月2026 13:11:45.259] [Render thread/DEBUG] [mixin/]: mixins.iris.json:MixinGameRenderer from mod iris->@Inject::iris$overrideEnergySwirlShadowShader(Lorg/spongepowered/asm/mixin/injection/callback/CallbackInfoReturnable;)V does use it's CallbackInfoReturnable
[257月2026 13:11:45.259] [Render thread/DEBUG] [mixin/]: mixins.iris.json:MixinGameRenderer from mod iris->@Inject::iris$overrideGlintShader(Lorg/spongepowered/asm/mixin/injection/callback/CallbackInfoReturnable;)V does use it's CallbackInfoReturnable
[257月2026 13:11:45.259] [Render thread/DEBUG] [mixin/]: mixins.iris.json:MixinGameRenderer from mod iris->@Inject::iris$overrideGlintShader(Lorg/spongepowered/asm/mixin/injection/callback/CallbackInfoReturnable;)V does use it's CallbackInfoReturnable
[257月2026 13:11:45.259] [Render thread/DEBUG] [mixin/]: mixins.iris.json:MixinGameRenderer from mod iris->@Inject::iris$overrideGlintShader(Lorg/spongepowered/asm/mixin/injection/callback/CallbackInfoReturnable;)V does use it's CallbackInfoReturnable
[257月2026 13:11:45.259] [Render thread/DEBUG] [mixin/]: mixins.iris.json:MixinGameRenderer from mod iris->@Inject::iris$overrideGlintShader(Lorg/spongepowered/asm/mixin/injection/callback/CallbackInfoReturnable;)V does use it's CallbackInfoReturnable
[257月2026 13:11:45.259] [Render thread/DEBUG] [mixin/]: mixins.iris.json:MixinGameRenderer from mod iris->@Inject::iris$overrideGlintShader(Lorg/spongepowered/asm/mixin/injection/callback/CallbackInfoReturnable;)V does use it's CallbackInfoReturnable
[257月2026 13:11:45.259] [Render thread/DEBUG] [mixin/]: mixins.iris.json:MixinGameRenderer from mod iris->@Inject::iris$overrideGlintShader(Lorg/spongepowered/asm/mixin/injection/callback/CallbackInfoReturnable;)V does use it's CallbackInfoReturnable
[257月2026 13:11:45.259] [Render thread/DEBUG] [mixin/]: mixins.iris.json:MixinGameRenderer from mod iris->@Inject::iris$overrideGlintShader(Lorg/spongepowered/asm/mixin/injection/callback/CallbackInfoReturnable;)V does use it's CallbackInfoReturnable
[257月2026 13:11:45.259] [Render thread/DEBUG] [mixin/]: mixins.iris.json:MixinGameRenderer from mod iris->@Inject::iris$overrideEntitySolidDiffuseShader(Lorg/spongepowered/asm/mixin/injection/callback/CallbackInfoReturnable;)V does use it's CallbackInfoReturnable
[257月2026 13:11:45.259] [Render thread/DEBUG] [mixin/]: mixins.iris.json:MixinGameRenderer from mod iris->@Inject::iris$overrideEntitySolidShader(Lorg/spongepowered/asm/mixin/injection/callback/CallbackInfoReturnable;)V does use it's CallbackInfoReturnable
[257月2026 13:11:45.259] [Render thread/DEBUG] [mixin/]: mixins.iris.json:MixinGameRenderer from mod iris->@Inject::iris$overrideBeaconBeamShader(Lorg/spongepowered/asm/mixin/injection/callback/CallbackInfoReturnable;)V does use it's CallbackInfoReturnable
[257月2026 13:11:45.259] [Render thread/DEBUG] [mixin/]: mixins.iris.json:MixinGameRenderer from mod iris->@Inject::iris$overrideEntityAlphaShader(Lorg/spongepowered/asm/mixin/injection/callback/CallbackInfoReturnable;)V does use it's CallbackInfoReturnable
[257月2026 13:11:45.259] [Render thread/DEBUG] [mixin/]: mixins.iris.json:MixinGameRenderer from mod iris->@Inject::iris$overrideEntityEyesShader(Lorg/spongepowered/asm/mixin/injection/callback/CallbackInfoReturnable;)V does use it's CallbackInfoReturnable
[257月2026 13:11:45.259] [Render thread/DEBUG] [mixin/]: mixins.iris.json:MixinGameRenderer from mod iris->@Inject::iris$overrideEntityTranslucentEmissiveShader(Lorg/spongepowered/asm/mixin/injection/callback/CallbackInfoReturnable;)V does use it's CallbackInfoReturnable
[257月2026 13:11:45.259] [Render thread/DEBUG] [mixin/]: mixins.iris.json:MixinGameRenderer from mod iris->@Inject::iris$overrideLeashShader(Lorg/spongepowered/asm/mixin/injection/callback/CallbackInfoReturnable;)V does use it's CallbackInfoReturnable
[257月2026 13:11:45.259] [Render thread/DEBUG] [mixin/]: mixins.iris.json:MixinGameRenderer from mod iris->@Inject::iris$overrideLightningShader(Lorg/spongepowered/asm/mixin/injection/callback/CallbackInfoReturnable;)V does use it's CallbackInfoReturnable
[257月2026 13:11:45.259] [Render thread/DEBUG] [mixin/]: mixins.iris.json:MixinGameRenderer from mod iris->@Inject::iris$overrideCrumblingShader(Lorg/spongepowered/asm/mixin/injection/callback/CallbackInfoReturnable;)V does use it's CallbackInfoReturnable
[257月2026 13:11:45.259] [Render thread/DEBUG] [mixin/]: mixins.iris.json:MixinGameRenderer from mod iris->@Inject::iris$overrideTextShader(Lorg/spongepowered/asm/mixin/injection/callback/CallbackInfoReturnable;)V does use it's CallbackInfoReturnable
[257月2026 13:11:45.259] [Render thread/DEBUG] [mixin/]: mixins.iris.json:MixinGameRenderer from mod iris->@Inject::iris$overrideTextShader(Lorg/spongepowered/asm/mixin/injection/callback/CallbackInfoReturnable;)V does use it's CallbackInfoReturnable
[257月2026 13:11:45.259] [Render thread/DEBUG] [mixin/]: mixins.iris.json:MixinGameRenderer from mod iris->@Inject::iris$overrideTextShader(Lorg/spongepowered/asm/mixin/injection/callback/CallbackInfoReturnable;)V does use it's CallbackInfoReturnable
[257月2026 13:11:45.260] [Render thread/DEBUG] [mixin/]: mixins.iris.json:MixinGameRenderer from mod iris->@Inject::iris$overrideTextBackgroundShader(Lorg/spongepowered/asm/mixin/injection/callback/CallbackInfoReturnable;)V does use it's CallbackInfoReturnable
[257月2026 13:11:45.260] [Render thread/DEBUG] [mixin/]: mixins.iris.json:MixinGameRenderer from mod iris->@Inject::iris$overrideTextBackgroundShader(Lorg/spongepowered/asm/mixin/injection/callback/CallbackInfoReturnable;)V does use it's CallbackInfoReturnable
[257月2026 13:11:45.260] [Render thread/DEBUG] [mixin/]: mixins.iris.json:MixinGameRenderer from mod iris->@Inject::iris$overrideTextIntensityShader(Lorg/spongepowered/asm/mixin/injection/callback/CallbackInfoReturnable;)V does use it's CallbackInfoReturnable
[257月2026 13:11:45.260] [Render thread/DEBUG] [mixin/]: mixins.iris.json:MixinGameRenderer from mod iris->@Inject::iris$overrideTextIntensityShader(Lorg/spongepowered/asm/mixin/injection/callback/CallbackInfoReturnable;)V does use it's CallbackInfoReturnable
[257月2026 13:11:45.260] [Render thread/DEBUG] [mixin/]: mixins.iris.json:MixinGameRenderer from mod iris->@Inject::iris$overrideLinesShader(Lorg/spongepowered/asm/mixin/injection/callback/CallbackInfoReturnable;)V does use it's CallbackInfoReturnable
[257月2026 13:11:45.260] [Render thread/DEBUG] [mixin/]: mixins.iris.json:MixinGameRenderer from mod iris->@Inject::iris$startFrame(Lnet/minecraft/client/DeltaTracker;ZLorg/spongepowered/asm/mixin/injection/callback/CallbackInfo;)V doesn't use it's CallbackInfo
[257月2026 13:11:45.260] [Render thread/DEBUG] [mixin/]: mixins.iris.json:MixinGameRenderer from mod iris->@Inject::iris$startFrame(Lnet/minecraft/client/DeltaTracker;ZLorg/spongepowered/asm/mixin/injection/callback/CallbackInfo;)V has 0 override(s) in child classes
[257月2026 13:11:45.260] [Render thread/DEBUG] [mixin/]: mixins.iris.json:MixinGameRenderer from mod iris->@Inject::iris$startFrame(Lnet/minecraft/client/DeltaTracker;ZLorg/spongepowered/asm/mixin/injection/callback/CallbackInfo;)V won't be passed a CallbackInfo as a result
[257月2026 13:11:45.260] [Render thread/DEBUG] [mixin/]: mixins.iris.json:MixinGameRenderer from mod iris->@Inject::iris$logSystem(Lnet/minecraft/client/Minecraft;Lnet/minecraft/client/renderer/ItemInHandRenderer;Lnet/minecraft/server/packs/resources/ResourceManager;Lnet/minecraft/client/renderer/RenderBuffers;Lorg/spongepowered/asm/mixin/injection/callback/CallbackInfo;)V doesn't use it's CallbackInfo
[257月2026 13:11:45.260] [Render thread/DEBUG] [mixin/]: mixins.iris.json:MixinGameRenderer from mod iris->@Inject::iris$logSystem(Lnet/minecraft/client/Minecraft;Lnet/minecraft/client/renderer/ItemInHandRenderer;Lnet/minecraft/server/packs/resources/ResourceManager;Lnet/minecraft/client/renderer/RenderBuffers;Lorg/spongepowered/asm/mixin/injection/callback/CallbackInfo;)V has 0 override(s) in child classes
[257月2026 13:11:45.260] [Render thread/DEBUG] [mixin/]: mixins.iris.json:MixinGameRenderer from mod iris->@Inject::iris$logSystem(Lnet/minecraft/client/Minecraft;Lnet/minecraft/client/renderer/ItemInHandRenderer;Lnet/minecraft/server/packs/resources/ResourceManager;Lnet/minecraft/client/renderer/RenderBuffers;Lorg/spongepowered/asm/mixin/injection/callback/CallbackInfo;)V won't be passed a CallbackInfo as a result
[257月2026 13:11:45.260] [Render thread/DEBUG] [mixin/]: mixins.iris.json:MixinGameRenderer from mod iris->@Inject::iris$runColorSpace(Lnet/minecraft/client/DeltaTracker;Lorg/spongepowered/asm/mixin/injection/callback/CallbackInfo;)V doesn't use it's CallbackInfo
[257月2026 13:11:45.260] [Render thread/DEBUG] [mixin/]: mixins.iris.json:MixinGameRenderer from mod iris->@Inject::iris$runColorSpace(Lnet/minecraft/client/DeltaTracker;Lorg/spongepowered/asm/mixin/injection/callback/CallbackInfo;)V has 0 override(s) in child classes
[257月2026 13:11:45.260] [Render thread/DEBUG] [mixin/]: mixins.iris.json:MixinGameRenderer from mod iris->@Inject::iris$runColorSpace(Lnet/minecraft/client/DeltaTracker;Lorg/spongepowered/asm/mixin/injection/callback/CallbackInfo;)V won't be passed a CallbackInfo as a result
[257月2026 13:11:45.260] [Render thread/DEBUG] [mixin/]: mixins.iris.json:MixinModelViewBobbing from mod iris->@Inject::iris$saveShadersOn(Lnet/minecraft/client/DeltaTracker;Lorg/spongepowered/asm/mixin/injection/callback/CallbackInfo;)V doesn't use it's CallbackInfo
[257月2026 13:11:45.260] [Render thread/DEBUG] [mixin/]: mixins.iris.json:MixinModelViewBobbing from mod iris->@Inject::iris$saveShadersOn(Lnet/minecraft/client/DeltaTracker;Lorg/spongepowered/asm/mixin/injection/callback/CallbackInfo;)V has 0 override(s) in child classes
[257月2026 13:11:45.260] [Render thread/DEBUG] [mixin/]: mixins.iris.json:MixinModelViewBobbing from mod iris->@Inject::iris$saveShadersOn(Lnet/minecraft/client/DeltaTracker;Lorg/spongepowered/asm/mixin/injection/callback/CallbackInfo;)V won't be passed a CallbackInfo as a result
[257月2026 13:11:45.260] [Render thread/DEBUG] [mixin/]: sodium-common.mixins.json:features.gui.hooks.console.GameRendererMixin from mod sodium->@Inject::onRender(Lnet/minecraft/client/DeltaTracker;ZLorg/spongepowered/asm/mixin/injection/callback/CallbackInfo;)V doesn't use it's CallbackInfo
[257月2026 13:11:45.260] [Render thread/DEBUG] [mixin/]: sodium-common.mixins.json:features.gui.hooks.console.GameRendererMixin from mod sodium->@Inject::onRender(Lnet/minecraft/client/DeltaTracker;ZLorg/spongepowered/asm/mixin/injection/callback/CallbackInfo;)V has 0 override(s) in child classes
[257月2026 13:11:45.260] [Render thread/DEBUG] [mixin/]: sodium-common.mixins.json:features.gui.hooks.console.GameRendererMixin from mod sodium->@Inject::onRender(Lnet/minecraft/client/DeltaTracker;ZLorg/spongepowered/asm/mixin/injection/callback/CallbackInfo;)V won't be passed a CallbackInfo as a result
[257月2026 13:11:45.260] [Render thread/DEBUG] [mixin/]: tacz.mixins.json:client.GameRendererMixin from mod tacz->@Inject::onBobHurt(Lcom/mojang/blaze3d/vertex/PoseStack;FLorg/spongepowered/asm/mixin/injection/callback/CallbackInfo;)V does use it's CallbackInfo
[257月2026 13:11:45.260] [Render thread/DEBUG] [mixin/]: tacz.mixins.json:client.GameRendererMixin from mod tacz->@Inject::onBobView(Lcom/mojang/blaze3d/vertex/PoseStack;FLorg/spongepowered/asm/mixin/injection/callback/CallbackInfo;)V does use it's CallbackInfo
[257月2026 13:11:45.260] [Render thread/DEBUG] [mixin/]: tacz.mixins.json:client.GameRendererMixin from mod tacz->@Inject::switchRenderType(Lnet/minecraft/client/Camera;FZLorg/spongepowered/asm/mixin/injection/callback/CallbackInfoReturnable;)V doesn't use it's CallbackInfoReturnable
[257月2026 13:11:45.260] [Render thread/DEBUG] [mixin/]: tacz.mixins.json:client.GameRendererMixin from mod tacz->@Inject::switchRenderType(Lnet/minecraft/client/Camera;FZLorg/spongepowered/asm/mixin/injection/callback/CallbackInfoReturnable;)V has 0 override(s) in child classes
[257月2026 13:11:45.260] [Render thread/DEBUG] [mixin/]: tacz.mixins.json:client.GameRendererMixin from mod tacz->@Inject::switchRenderType(Lnet/minecraft/client/Camera;FZLorg/spongepowered/asm/mixin/injection/callback/CallbackInfoReturnable;)V won't be passed a CallbackInfoReturnable as a result
[257月2026 13:11:45.260] [Render thread/DEBUG] [mixin/]: mixins.iris.json:MixinGameRenderer_NightVisionCompat from mod iris->@Inject::iris$safecheckNightvisionStrength(Lnet/minecraft/world/entity/LivingEntity;FLorg/spongepowered/asm/mixin/injection/callback/CallbackInfoReturnable;)V does use it's CallbackInfoReturnable
[257月2026 13:11:45.265] [Render thread/DEBUG] [mixin/]: Mixing MixinShaderInstance from mixins.iris.json into net.minecraft.client.renderer.ShaderInstance
[257月2026 13:11:45.266] [Render thread/DEBUG] [mixin/]: mixins.iris.json:MixinShaderInstance from mod iris: Class version 65 required is higher than the class version supported by the current version of Mixin (JAVA_8 supports class version 52)
[257月2026 13:11:45.266] [Render thread/DEBUG] [mixin/]: Renaming synthetic method lambda$iris$storeSkipFabric$0(Ljava/lang/Class;)Ljava/lang/invoke/MethodHandle; to md334d03$iris$lambda$iris$storeSkipFabric$0$0 in mixins.iris.json:MixinShaderInstance from mod iris
[257月2026 13:11:45.269] [Render thread/DEBUG] [mixin/]: Mixing MixinShaderInstance from mixins.iris.forge.json into net.minecraft.client.renderer.ShaderInstance
[257月2026 13:11:45.269] [Render thread/DEBUG] [mixin/]: mixins.iris.forge.json:MixinShaderInstance from mod iris: Class version 65 required is higher than the class version supported by the current version of Mixin (JAVA_8 supports class version 52)
[257月2026 13:11:45.269] [Render thread/DEBUG] [mixin/]: Renaming synthetic method lambda$iriss$storeSkipNeo$0(Ljava/lang/Class;)Ljava/lang/invoke/MethodHandle; to md334d03$iris$lambda$iriss$storeSkipNeo$0$1 in mixins.iris.forge.json:MixinShaderInstance from mod iris
[257月2026 13:11:45.270] [Render thread/DEBUG] [mixin/]: Mixing MixinShaderInstance from avaritia.iris.mixins.json into net.minecraft.client.renderer.ShaderInstance
[257月2026 13:11:45.270] [Render thread/DEBUG] [mixin/]: Mixing features.shader.uniform.ShaderInstanceMixin from sodium-common.mixins.json into net.minecraft.client.renderer.ShaderInstance
[257月2026 13:11:45.279] [Render thread/DEBUG] [mixin/]: mixins.iris.json:MixinShaderInstance from mod iris->@Inject::name(Lnet/minecraft/server/packs/resources/ResourceProvider;Ljava/lang/String;Lcom/mojang/blaze3d/vertex/VertexFormat;Lorg/spongepowered/asm/mixin/injection/callback/CallbackInfo;)V doesn't use it's CallbackInfo
[257月2026 13:11:45.279] [Render thread/DEBUG] [mixin/]: mixins.iris.json:MixinShaderInstance from mod iris->@Inject::name(Lnet/minecraft/server/packs/resources/ResourceProvider;Ljava/lang/String;Lcom/mojang/blaze3d/vertex/VertexFormat;Lorg/spongepowered/asm/mixin/injection/callback/CallbackInfo;)V has 0 override(s) in child classes
[257月2026 13:11:45.279] [Render thread/DEBUG] [mixin/]: mixins.iris.json:MixinShaderInstance from mod iris->@Inject::name(Lnet/minecraft/server/packs/resources/ResourceProvider;Ljava/lang/String;Lcom/mojang/blaze3d/vertex/VertexFormat;Lorg/spongepowered/asm/mixin/injection/callback/CallbackInfo;)V won't be passed a CallbackInfo as a result
[257月2026 13:11:45.279] [Render thread/DEBUG] [mixin/]: mixins.iris.json:MixinShaderInstance from mod iris->@Inject::iris$lockDepthColorState(Lorg/spongepowered/asm/mixin/injection/callback/CallbackInfo;)V doesn't use it's CallbackInfo
[257月2026 13:11:45.279] [Render thread/DEBUG] [mixin/]: mixins.iris.json:MixinShaderInstance from mod iris->@Inject::iris$lockDepthColorState(Lorg/spongepowered/asm/mixin/injection/callback/CallbackInfo;)V has 0 override(s) in child classes
[257月2026 13:11:45.279] [Render thread/DEBUG] [mixin/]: mixins.iris.json:MixinShaderInstance from mod iris->@Inject::iris$lockDepthColorState(Lorg/spongepowered/asm/mixin/injection/callback/CallbackInfo;)V won't be passed a CallbackInfo as a result
[257月2026 13:11:45.279] [Render thread/DEBUG] [mixin/]: mixins.iris.json:MixinShaderInstance from mod iris->@Inject::onTail(Lorg/spongepowered/asm/mixin/injection/callback/CallbackInfo;)V doesn't use it's CallbackInfo
[257月2026 13:11:45.279] [Render thread/DEBUG] [mixin/]: mixins.iris.json:MixinShaderInstance from mod iris->@Inject::onTail(Lorg/spongepowered/asm/mixin/injection/callback/CallbackInfo;)V has 0 override(s) in child classes
[257月2026 13:11:45.279] [Render thread/DEBUG] [mixin/]: mixins.iris.json:MixinShaderInstance from mod iris->@Inject::onTail(Lorg/spongepowered/asm/mixin/injection/callback/CallbackInfo;)V won't be passed a CallbackInfo as a result
[257月2026 13:11:45.279] [Render thread/DEBUG] [mixin/]: mixins.iris.json:MixinShaderInstance from mod iris->@Inject::iris$unlockDepthColorState(Lorg/spongepowered/asm/mixin/injection/callback/CallbackInfo;)V doesn't use it's CallbackInfo
[257月2026 13:11:45.279] [Render thread/DEBUG] [mixin/]: mixins.iris.json:MixinShaderInstance from mod iris->@Inject::iris$unlockDepthColorState(Lorg/spongepowered/asm/mixin/injection/callback/CallbackInfo;)V has 0 override(s) in child classes
[257月2026 13:11:45.279] [Render thread/DEBUG] [mixin/]: mixins.iris.json:MixinShaderInstance from mod iris->@Inject::iris$unlockDepthColorState(Lorg/spongepowered/asm/mixin/injection/callback/CallbackInfo;)V won't be passed a CallbackInfo as a result
[257月2026 13:11:45.279] [Render thread/DEBUG] [mixin/]: mixins.iris.forge.json:MixinShaderInstance from mod iris->@Inject::iris$setupGeometryShader(Lnet/minecraft/server/packs/resources/ResourceProvider;Lnet/minecraft/resources/ResourceLocation;Lcom/mojang/blaze3d/vertex/VertexFormat;Lorg/spongepowered/asm/mixin/injection/callback/CallbackInfo;)V doesn't use it's CallbackInfo
[257月2026 13:11:45.279] [Render thread/DEBUG] [mixin/]: mixins.iris.forge.json:MixinShaderInstance from mod iris->@Inject::iris$setupGeometryShader(Lnet/minecraft/server/packs/resources/ResourceProvider;Lnet/minecraft/resources/ResourceLocation;Lcom/mojang/blaze3d/vertex/VertexFormat;Lorg/spongepowered/asm/mixin/injection/callback/CallbackInfo;)V has 0 override(s) in child classes
[257月2026 13:11:45.279] [Render thread/DEBUG] [mixin/]: mixins.iris.forge.json:MixinShaderInstance from mod iris->@Inject::iris$setupGeometryShader(Lnet/minecraft/server/packs/resources/ResourceProvider;Lnet/minecraft/resources/ResourceLocation;Lcom/mojang/blaze3d/vertex/VertexFormat;Lorg/spongepowered/asm/mixin/injection/callback/CallbackInfo;)V won't be passed a CallbackInfo as a result
[257月2026 13:11:45.279] [Render thread/DEBUG] [mixin/]: mixins.iris.forge.json:MixinShaderInstance from mod iris->@Inject::iriss$storeSkipNeo(Lnet/minecraft/server/packs/resources/ResourceProvider;Lnet/minecraft/resources/ResourceLocation;Lcom/mojang/blaze3d/vertex/VertexFormat;Lorg/spongepowered/asm/mixin/injection/callback/CallbackInfo;)V doesn't use it's CallbackInfo
[257月2026 13:11:45.279] [Render thread/DEBUG] [mixin/]: mixins.iris.forge.json:MixinShaderInstance from mod iris->@Inject::iriss$storeSkipNeo(Lnet/minecraft/server/packs/resources/ResourceProvider;Lnet/minecraft/resources/ResourceLocation;Lcom/mojang/blaze3d/vertex/VertexFormat;Lorg/spongepowered/asm/mixin/injection/callback/CallbackInfo;)V has 0 override(s) in child classes
[257月2026 13:11:45.279] [Render thread/DEBUG] [mixin/]: mixins.iris.forge.json:MixinShaderInstance from mod iris->@Inject::iriss$storeSkipNeo(Lnet/minecraft/server/packs/resources/ResourceProvider;Lnet/minecraft/resources/ResourceLocation;Lcom/mojang/blaze3d/vertex/VertexFormat;Lorg/spongepowered/asm/mixin/injection/callback/CallbackInfo;)V won't be passed a CallbackInfo as a result
[257月2026 13:11:45.279] [Render thread/DEBUG] [mixin/]: avaritia.iris.mixins.json:MixinShaderInstance from mod avaritia->@Inject::iris$shouldSkipThis(Lorg/spongepowered/asm/mixin/injection/callback/CallbackInfoReturnable;)V does use it's CallbackInfoReturnable
[257月2026 13:11:45.279] [Render thread/DEBUG] [mixin/]: sodium-common.mixins.json:features.shader.uniform.ShaderInstanceMixin from mod sodium->@Inject::initCache(Lorg/spongepowered/asm/mixin/injection/callback/CallbackInfo;)V doesn't use it's CallbackInfo
[257月2026 13:11:45.279] [Render thread/DEBUG] [mixin/]: sodium-common.mixins.json:features.shader.uniform.ShaderInstanceMixin from mod sodium->@Inject::initCache(Lorg/spongepowered/asm/mixin/injection/callback/CallbackInfo;)V has 0 override(s) in child classes
[257月2026 13:11:45.279] [Render thread/DEBUG] [mixin/]: sodium-common.mixins.json:features.shader.uniform.ShaderInstanceMixin from mod sodium->@Inject::initCache(Lorg/spongepowered/asm/mixin/injection/callback/CallbackInfo;)V won't be passed a CallbackInfo as a result
[257月2026 13:11:45.284] [Render thread/DEBUG] [mixin/]: Mixing texture.TextureAtlasAccessor from mixins.iris.json into net.minecraft.client.renderer.texture.TextureAtlas
[257月2026 13:11:45.285] [Render thread/DEBUG] [mixin/]: mixins.iris.json:texture.TextureAtlasAccessor from mod iris: Class version 65 required is higher than the class version supported by the current version of Mixin (JAVA_8 supports class version 52)
[257月2026 13:11:45.285] [Render thread/DEBUG] [mixin/]: Mixing texture.pbr.MixinTextureAtlas from mixins.iris.json into net.minecraft.client.renderer.texture.TextureAtlas
[257月2026 13:11:45.285] [Render thread/DEBUG] [mixin/]: mixins.iris.json:texture.pbr.MixinTextureAtlas from mod iris: Class version 65 required is higher than the class version supported by the current version of Mixin (JAVA_8 supports class version 52)
[257月2026 13:11:45.285] [Render thread/DEBUG] [mixin/]: Mixing client.SpriteAtlasTextureMixin from fabric-renderer-api-v1.mixins.json into net.minecraft.client.renderer.texture.TextureAtlas
[257月2026 13:11:45.286] [Render thread/DEBUG] [mixin/]: Mixing core.render.TextureAtlasMixin from sodium-common.mixins.json into net.minecraft.client.renderer.texture.TextureAtlas
[257月2026 13:11:45.286] [Render thread/DEBUG] [mixin/]: Mixing core.render.texture.TextureAtlasAccessor from sodium-common.mixins.json into net.minecraft.client.renderer.texture.TextureAtlas
[257月2026 13:11:45.286] [Render thread/DEBUG] [mixin/]: Mixing features.textures.animations.tracking.TextureAtlasMixin from sodium-common.mixins.json into net.minecraft.client.renderer.texture.TextureAtlas
[257月2026 13:11:45.287] [Render thread/DEBUG] [mixin/]: mixins.iris.json:texture.pbr.MixinTextureAtlas from mod iris->@Inject::iris$onTailCycleAnimationFrames(Lorg/spongepowered/asm/mixin/injection/callback/CallbackInfo;)V doesn't use it's CallbackInfo
[257月2026 13:11:45.287] [Render thread/DEBUG] [mixin/]: mixins.iris.json:texture.pbr.MixinTextureAtlas from mod iris->@Inject::iris$onTailCycleAnimationFrames(Lorg/spongepowered/asm/mixin/injection/callback/CallbackInfo;)V has 0 override(s) in child classes
[257月2026 13:11:45.287] [Render thread/DEBUG] [mixin/]: mixins.iris.json:texture.pbr.MixinTextureAtlas from mod iris->@Inject::iris$onTailCycleAnimationFrames(Lorg/spongepowered/asm/mixin/injection/callback/CallbackInfo;)V won't be passed a CallbackInfo as a result
[257月2026 13:11:45.287] [Render thread/DEBUG] [mixin/]: fabric-renderer-api-v1.mixins.json:client.SpriteAtlasTextureMixin from mod fabric_renderer_api_v1->@Inject::uploadHook(Lnet/minecraft/client/renderer/texture/SpriteLoader$Preparations;Lorg/spongepowered/asm/mixin/injection/callback/CallbackInfo;)V doesn't use it's CallbackInfo
[257月2026 13:11:45.287] [Render thread/DEBUG] [mixin/]: fabric-renderer-api-v1.mixins.json:client.SpriteAtlasTextureMixin from mod fabric_renderer_api_v1->@Inject::uploadHook(Lnet/minecraft/client/renderer/texture/SpriteLoader$Preparations;Lorg/spongepowered/asm/mixin/injection/callback/CallbackInfo;)V has 0 override(s) in child classes
[257月2026 13:11:45.287] [Render thread/DEBUG] [mixin/]: fabric-renderer-api-v1.mixins.json:client.SpriteAtlasTextureMixin from mod fabric_renderer_api_v1->@Inject::uploadHook(Lnet/minecraft/client/renderer/texture/SpriteLoader$Preparations;Lorg/spongepowered/asm/mixin/injection/callback/CallbackInfo;)V won't be passed a CallbackInfo as a result
[257月2026 13:11:45.287] [Render thread/DEBUG] [mixin/]: sodium-common.mixins.json:core.render.TextureAtlasMixin from mod sodium->@Inject::sodium$deleteSpriteFinder(Lnet/minecraft/client/renderer/texture/SpriteLoader$Preparations;Lorg/spongepowered/asm/mixin/injection/callback/CallbackInfo;)V doesn't use it's CallbackInfo
[257月2026 13:11:45.287] [Render thread/DEBUG] [mixin/]: sodium-common.mixins.json:core.render.TextureAtlasMixin from mod sodium->@Inject::sodium$deleteSpriteFinder(Lnet/minecraft/client/renderer/texture/SpriteLoader$Preparations;Lorg/spongepowered/asm/mixin/injection/callback/CallbackInfo;)V has 0 override(s) in child classes
[257月2026 13:11:45.287] [Render thread/DEBUG] [mixin/]: sodium-common.mixins.json:core.render.TextureAtlasMixin from mod sodium->@Inject::sodium$deleteSpriteFinder(Lnet/minecraft/client/renderer/texture/SpriteLoader$Preparations;Lorg/spongepowered/asm/mixin/injection/callback/CallbackInfo;)V won't be passed a CallbackInfo as a result
[257月2026 13:11:45.287] [Render thread/DEBUG] [mixin/]: sodium-common.mixins.json:features.textures.animations.tracking.TextureAtlasMixin from mod sodium->@Inject::preReturnSprite(Lorg/spongepowered/asm/mixin/injection/callback/CallbackInfoReturnable;)V does use it's CallbackInfoReturnable
[257月2026 13:11:45.292] [Render thread/DEBUG] [mixin/]: Mixing CompositeStateAccessor from iris-batched-entity-rendering.mixins.json into net.minecraft.client.renderer.RenderType$CompositeState
[257月2026 13:11:45.292] [Render thread/DEBUG] [mixin/]: iris-batched-entity-rendering.mixins.json:CompositeStateAccessor from mod iris: Class version 65 required is higher than the class version supported by the current version of Mixin (JAVA_8 supports class version 52)
[257月2026 13:11:45.294] [Render thread/DEBUG] [mixin/]: Mixing MixinItemRenderer from avaritia.mixins.json into net.minecraft.client.renderer.entity.ItemRenderer
[257月2026 13:11:45.302] [Render thread/DEBUG] [mixin/]: Mixing features.render.frapi.ItemRendererAccessor from sodium-common.mixins.json into net.minecraft.client.renderer.entity.ItemRenderer
[257月2026 13:11:45.302] [Render thread/DEBUG] [mixin/]: Renaming @Invoker method sodium$hasAnimatedTexture(Lnet/minecraft/world/item/ItemStack;)Z to hasAnimatedTexture$sodium_$md$334d03$0 in sodium-common.mixins.json:features.render.frapi.ItemRendererAccessor from mod sodium
[257月2026 13:11:45.302] [Render thread/DEBUG] [mixin/]: Mixing features.render.frapi.ItemRendererMixin from sodium-common.mixins.json into net.minecraft.client.renderer.entity.ItemRenderer
[257月2026 13:11:45.303] [Render thread/DEBUG] [mixin/]: Renaming synthetic method lambda$new$0()Lnet/caffeinemc/mods/sodium/client/render/frapi/render/ItemRenderContext; to md334d03$sodium$lambda$new$0$1 in sodium-common.mixins.json:features.render.frapi.ItemRendererMixin from mod sodium
[257月2026 13:11:45.304] [Render thread/DEBUG] [mixin/]: Mixing features.render.model.item.ItemRendererMixin from sodium-common.mixins.json into net.minecraft.client.renderer.entity.ItemRenderer
[257月2026 13:11:45.305] [Render thread/DEBUG] [mixin/]: Mixing entity_render_context.MixinItemRenderer from mixins.iris.json into net.minecraft.client.renderer.entity.ItemRenderer
[257月2026 13:11:45.305] [Render thread/DEBUG] [mixin/]: mixins.iris.json:entity_render_context.MixinItemRenderer from mod iris: Class version 65 required is higher than the class version supported by the current version of Mixin (JAVA_8 supports class version 52)
[257月2026 13:11:45.308] [Render thread/DEBUG] [mixin/]: avaritia.mixins.json:MixinItemRenderer from mod avaritia->@Inject::render(Lnet/minecraft/world/item/ItemStack;Lnet/minecraft/world/item/ItemDisplayContext;ZLcom/mojang/blaze3d/vertex/PoseStack;Lnet/minecraft/client/renderer/MultiBufferSource;IILnet/minecraft/client/resources/model/BakedModel;Lorg/spongepowered/asm/mixin/injection/callback/CallbackInfo;)V does use it's CallbackInfo
[257月2026 13:11:45.308] [Render thread/DEBUG] [mixin/]: sodium-common.mixins.json:features.render.frapi.ItemRendererMixin from mod sodium->@Inject::beforeRenderItem(Lnet/minecraft/world/item/ItemStack;Lnet/minecraft/world/item/ItemDisplayContext;ZLcom/mojang/blaze3d/vertex/PoseStack;Lnet/minecraft/client/renderer/MultiBufferSource;IILnet/minecraft/client/resources/model/BakedModel;Lorg/spongepowered/asm/mixin/injection/callback/CallbackInfo;)V does use it's CallbackInfo
[257月2026 13:11:45.308] [Render thread/DEBUG] [mixin/]: mixins.iris.json:entity_render_context.MixinItemRenderer from mod iris->@Inject::changeId(Lnet/minecraft/world/item/ItemStack;Lnet/minecraft/world/item/ItemDisplayContext;ZLcom/mojang/blaze3d/vertex/PoseStack;Lnet/minecraft/client/renderer/MultiBufferSource;IILnet/minecraft/client/resources/model/BakedModel;Lorg/spongepowered/asm/mixin/injection/callback/CallbackInfo;)V doesn't use it's CallbackInfo
[257月2026 13:11:45.308] [Render thread/DEBUG] [mixin/]: mixins.iris.json:entity_render_context.MixinItemRenderer from mod iris->@Inject::changeId(Lnet/minecraft/world/item/ItemStack;Lnet/minecraft/world/item/ItemDisplayContext;ZLcom/mojang/blaze3d/vertex/PoseStack;Lnet/minecraft/client/renderer/MultiBufferSource;IILnet/minecraft/client/resources/model/BakedModel;Lorg/spongepowered/asm/mixin/injection/callback/CallbackInfo;)V has 0 override(s) in child classes
[257月2026 13:11:45.308] [Render thread/DEBUG] [mixin/]: mixins.iris.json:entity_render_context.MixinItemRenderer from mod iris->@Inject::changeId(Lnet/minecraft/world/item/ItemStack;Lnet/minecraft/world/item/ItemDisplayContext;ZLcom/mojang/blaze3d/vertex/PoseStack;Lnet/minecraft/client/renderer/MultiBufferSource;IILnet/minecraft/client/resources/model/BakedModel;Lorg/spongepowered/asm/mixin/injection/callback/CallbackInfo;)V won't be passed a CallbackInfo as a result
[257月2026 13:11:45.308] [Render thread/DEBUG] [mixin/]: mixins.iris.json:entity_render_context.MixinItemRenderer from mod iris->@Inject::changeId3(Lorg/spongepowered/asm/mixin/injection/callback/CallbackInfo;)V doesn't use it's CallbackInfo
[257月2026 13:11:45.308] [Render thread/DEBUG] [mixin/]: mixins.iris.json:entity_render_context.MixinItemRenderer from mod iris->@Inject::changeId3(Lorg/spongepowered/asm/mixin/injection/callback/CallbackInfo;)V has 0 override(s) in child classes
[257月2026 13:11:45.308] [Render thread/DEBUG] [mixin/]: mixins.iris.json:entity_render_context.MixinItemRenderer from mod iris->@Inject::changeId3(Lorg/spongepowered/asm/mixin/injection/callback/CallbackInfo;)V won't be passed a CallbackInfo as a result
[257月2026 13:11:45.311] [Render thread/DEBUG] [mixin/]: Mixing MixinTheEndPortalRenderer from mixins.iris.json into net.minecraft.client.renderer.blockentity.TheEndPortalRenderer
[257月2026 13:11:45.311] [Render thread/DEBUG] [mixin/]: mixins.iris.json:MixinTheEndPortalRenderer from mod iris: Class version 65 required is higher than the class version supported by the current version of Mixin (JAVA_8 supports class version 52)
[257月2026 13:11:45.313] [Render thread/DEBUG] [mixin/]: mixins.iris.json:MixinTheEndPortalRenderer from mod iris->@Inject::iris$onRender(Lnet/minecraft/world/level/block/entity/TheEndPortalBlockEntity;FLcom/mojang/blaze3d/vertex/PoseStack;Lnet/minecraft/client/renderer/MultiBufferSource;IILorg/spongepowered/asm/mixin/injection/callback/CallbackInfo;)V does use it's CallbackInfo
[257月2026 13:11:45.317] [Render thread/DEBUG] [mixin/]: Mixing immediate.MixinLevelRenderer from mixins.iris.vertexformat.json into net.minecraft.client.renderer.LevelRenderer
[257月2026 13:11:45.317] [Render thread/DEBUG] [mixin/]: mixins.iris.vertexformat.json:immediate.MixinLevelRenderer from mod iris: Class version 65 required is higher than the class version supported by the current version of Mixin (JAVA_8 supports class version 52)
[257月2026 13:11:45.317] [Render thread/DEBUG] [mixin/]: Mixing MixinLevelRenderer from iris-batched-entity-rendering.mixins.json into net.minecraft.client.renderer.LevelRenderer
[257月2026 13:11:45.317] [Render thread/DEBUG] [mixin/]: iris-batched-entity-rendering.mixins.json:MixinLevelRenderer from mod iris: Class version 65 required is higher than the class version supported by the current version of Mixin (JAVA_8 supports class version 52)
[257月2026 13:11:45.318] [Render thread/DEBUG] [mixin/]: Mixing MixinLevelRenderer_EntityListSorting from iris-batched-entity-rendering.mixins.json into net.minecraft.client.renderer.LevelRenderer
[257月2026 13:11:45.318] [Render thread/DEBUG] [mixin/]: iris-batched-entity-rendering.mixins.json:MixinLevelRenderer_EntityListSorting from mod iris: Class version 65 required is higher than the class version supported by the current version of Mixin (JAVA_8 supports class version 52)
[257月2026 13:11:45.318] [Render thread/DEBUG] [mixin/]: Renaming synthetic method lambda$batchedentityrendering$sortEntityList$1(Ljava/util/Map;Lnet/minecraft/world/entity/Entity;)V to md334d03$iris$lambda$batchedentityrendering$sortEntityList$1$0 in iris-batched-entity-rendering.mixins.json:MixinLevelRenderer_EntityListSorting from mod iris
[257月2026 13:11:45.318] [Render thread/DEBUG] [mixin/]: Renaming synthetic method lambda$batchedentityrendering$sortEntityList$0(Lnet/minecraft/world/entity/EntityType;)Ljava/util/List; to md334d03$iris$lambda$batchedentityrendering$sortEntityList$0$1 in iris-batched-entity-rendering.mixins.json:MixinLevelRenderer_EntityListSorting from mod iris
[257月2026 13:11:45.320] [Render thread/DEBUG] [mixin/]: Mixing LevelRendererAccessor from mixins.iris.json into net.minecraft.client.renderer.LevelRenderer
[257月2026 13:11:45.320] [Render thread/DEBUG] [mixin/]: mixins.iris.json:LevelRendererAccessor from mod iris: Class version 65 required is higher than the class version supported by the current version of Mixin (JAVA_8 supports class version 52)
[257月2026 13:11:45.320] [Render thread/DEBUG] [mixin/]: Mixing MixinLevelRenderer from mixins.iris.json into net.minecraft.client.renderer.LevelRenderer
[257月2026 13:11:45.321] [Render thread/DEBUG] [mixin/]: mixins.iris.json:MixinLevelRenderer from mod iris: Class version 65 required is higher than the class version supported by the current version of Mixin (JAVA_8 supports class version 52)
[257月2026 13:11:45.321] [Render thread/DEBUG] [mixin/]: Renaming synthetic method lambda$iris$endLevelRender$0(Lnet/irisshaders/iris/UpdateChecker$BetaInfo;)V to md334d03$iris$lambda$iris$endLevelRender$0$2 in mixins.iris.json:MixinLevelRenderer from mod iris
[257月2026 13:11:45.325] [Render thread/DEBUG] [mixin/]: Mixing MixinLevelRenderer_SkipRendering from mixins.iris.json into net.minecraft.client.renderer.LevelRenderer
[257月2026 13:11:45.325] [Render thread/DEBUG] [mixin/]: mixins.iris.json:MixinLevelRenderer_SkipRendering from mod iris: Class version 65 required is higher than the class version supported by the current version of Mixin (JAVA_8 supports class version 52)
[257月2026 13:11:45.328] [Render thread/DEBUG] [mixin/]: Mixing MixinLevelRenderer_Sky from mixins.iris.json into net.minecraft.client.renderer.LevelRenderer
[257月2026 13:11:45.328] [Render thread/DEBUG] [mixin/]: mixins.iris.json:MixinLevelRenderer_Sky from mod iris: Class version 65 required is higher than the class version supported by the current version of Mixin (JAVA_8 supports class version 52)
[257月2026 13:11:45.328] [Render thread/DEBUG] [mixin/]: Mixing fabulous.MixinDisableFabulousGraphics from mixins.iris.json into net.minecraft.client.renderer.LevelRenderer
[257月2026 13:11:45.328] [Render thread/DEBUG] [mixin/]: mixins.iris.json:fabulous.MixinDisableFabulousGraphics from mod iris: Class version 65 required is higher than the class version supported by the current version of Mixin (JAVA_8 supports class version 52)
[257月2026 13:11:45.329] [Render thread/DEBUG] [mixin/]: Mixing shadows.MixinLevelRenderer from mixins.iris.json into net.minecraft.client.renderer.LevelRenderer
[257月2026 13:11:45.329] [Render thread/DEBUG] [mixin/]: mixins.iris.json:shadows.MixinLevelRenderer from mod iris: Class version 65 required is higher than the class version supported by the current version of Mixin (JAVA_8 supports class version 52)
[257月2026 13:11:45.329] [Render thread/DEBUG] [mixin/]: Mixing sky.MixinLevelRenderer_SunMoonToggle from mixins.iris.json into net.minecraft.client.renderer.LevelRenderer
[257月2026 13:11:45.329] [Render thread/DEBUG] [mixin/]: mixins.iris.json:sky.MixinLevelRenderer_SunMoonToggle from mod iris: Class version 65 required is higher than the class version supported by the current version of Mixin (JAVA_8 supports class version 52)
[257月2026 13:11:45.330] [Render thread/DEBUG] [mixin/]: Mixing core.render.world.LevelRendererMixin from sodium-common.mixins.json into net.minecraft.client.renderer.LevelRenderer
[257月2026 13:11:45.332] [Render thread/DEBUG] [mixin/]: Mixing features.options.weather.LevelRendererMixin from sodium-common.mixins.json into net.minecraft.client.renderer.LevelRenderer
[257月2026 13:11:45.332] [Render thread/DEBUG] [mixin/]: Mixing features.render.gui.outlines.LevelRendererMixin from sodium-common.mixins.json into net.minecraft.client.renderer.LevelRenderer
[257月2026 13:11:45.335] [Render thread/DEBUG] [mixin/]: Mixing features.render.world.clouds.LevelRendererMixin from sodium-common.mixins.json into net.minecraft.client.renderer.LevelRenderer
[257月2026 13:11:45.336] [Render thread/DEBUG] [mixin/]: Mixing shadows.MixinPreventRebuildNearInShadowPass from mixins.iris.json into net.minecraft.client.renderer.LevelRenderer
[257月2026 13:11:45.336] [Render thread/DEBUG] [mixin/]: mixins.iris.json:shadows.MixinPreventRebuildNearInShadowPass from mod iris: Class version 65 required is higher than the class version supported by the current version of Mixin (JAVA_8 supports class version 52)
[257月2026 13:11:45.375] [Render thread/DEBUG] [mixin/]: mixins.iris.vertexformat.json:immediate.MixinLevelRenderer from mod iris->@Inject::iris$immediateStateBeginLevelRender(Lnet/minecraft/client/DeltaTracker;ZLnet/minecraft/client/Camera;Lnet/minecraft/client/renderer/GameRenderer;Lnet/minecraft/client/renderer/LightTexture;Lorg/joml/Matrix4f;Lorg/joml/Matrix4f;Lorg/spongepowered/asm/mixin/injection/callback/CallbackInfo;)V doesn't use it's CallbackInfo
[257月2026 13:11:45.375] [Render thread/DEBUG] [mixin/]: mixins.iris.vertexformat.json:immediate.MixinLevelRenderer from mod iris->@Inject::iris$immediateStateBeginLevelRender(Lnet/minecraft/client/DeltaTracker;ZLnet/minecraft/client/Camera;Lnet/minecraft/client/renderer/GameRenderer;Lnet/minecraft/client/renderer/LightTexture;Lorg/joml/Matrix4f;Lorg/joml/Matrix4f;Lorg/spongepowered/asm/mixin/injection/callback/CallbackInfo;)V has 0 override(s) in child classes
[257月2026 13:11:45.375] [Render thread/DEBUG] [mixin/]: mixins.iris.vertexformat.json:immediate.MixinLevelRenderer from mod iris->@Inject::iris$immediateStateBeginLevelRender(Lnet/minecraft/client/DeltaTracker;ZLnet/minecraft/client/Camera;Lnet/minecraft/client/renderer/GameRenderer;Lnet/minecraft/client/renderer/LightTexture;Lorg/joml/Matrix4f;Lorg/joml/Matrix4f;Lorg/spongepowered/asm/mixin/injection/callback/CallbackInfo;)V won't be passed a CallbackInfo as a result
[257月2026 13:11:45.375] [Render thread/DEBUG] [mixin/]: mixins.iris.vertexformat.json:immediate.MixinLevelRenderer from mod iris->@Inject::iris$immediateStateEndLevelRender(Lnet/minecraft/client/DeltaTracker;ZLnet/minecraft/client/Camera;Lnet/minecraft/client/renderer/GameRenderer;Lnet/minecraft/client/renderer/LightTexture;Lorg/joml/Matrix4f;Lorg/joml/Matrix4f;Lorg/spongepowered/asm/mixin/injection/callback/CallbackInfo;)V doesn't use it's CallbackInfo
[257月2026 13:11:45.375] [Render thread/DEBUG] [mixin/]: mixins.iris.vertexformat.json:immediate.MixinLevelRenderer from mod iris->@Inject::iris$immediateStateEndLevelRender(Lnet/minecraft/client/DeltaTracker;ZLnet/minecraft/client/Camera;Lnet/minecraft/client/renderer/GameRenderer;Lnet/minecraft/client/renderer/LightTexture;Lorg/joml/Matrix4f;Lorg/joml/Matrix4f;Lorg/spongepowered/asm/mixin/injection/callback/CallbackInfo;)V has 0 override(s) in child classes
[257月2026 13:11:45.375] [Render thread/DEBUG] [mixin/]: mixins.iris.vertexformat.json:immediate.MixinLevelRenderer from mod iris->@Inject::iris$immediateStateEndLevelRender(Lnet/minecraft/client/DeltaTracker;ZLnet/minecraft/client/Camera;Lnet/minecraft/client/renderer/GameRenderer;Lnet/minecraft/client/renderer/LightTexture;Lorg/joml/Matrix4f;Lorg/joml/Matrix4f;Lorg/spongepowered/asm/mixin/injection/callback/CallbackInfo;)V won't be passed a CallbackInfo as a result
[257月2026 13:11:45.375] [Render thread/DEBUG] [mixin/]: iris-batched-entity-rendering.mixins.json:MixinLevelRenderer from mod iris->@Inject::batchedentityrendering$beginLevelRender(Lnet/minecraft/client/DeltaTracker;ZLnet/minecraft/client/Camera;Lnet/minecraft/client/renderer/GameRenderer;Lnet/minecraft/client/renderer/LightTexture;Lorg/joml/Matrix4f;Lorg/joml/Matrix4f;Lorg/spongepowered/asm/mixin/injection/callback/CallbackInfo;)V doesn't use it's CallbackInfo
[257月2026 13:11:45.375] [Render thread/DEBUG] [mixin/]: iris-batched-entity-rendering.mixins.json:MixinLevelRenderer from mod iris->@Inject::batchedentityrendering$beginLevelRender(Lnet/minecraft/client/DeltaTracker;ZLnet/minecraft/client/Camera;Lnet/minecraft/client/renderer/GameRenderer;Lnet/minecraft/client/renderer/LightTexture;Lorg/joml/Matrix4f;Lorg/joml/Matrix4f;Lorg/spongepowered/asm/mixin/injection/callback/CallbackInfo;)V has 0 override(s) in child classes
[257月2026 13:11:45.375] [Render thread/DEBUG] [mixin/]: iris-batched-entity-rendering.mixins.json:MixinLevelRenderer from mod iris->@Inject::batchedentityrendering$beginLevelRender(Lnet/minecraft/client/DeltaTracker;ZLnet/minecraft/client/Camera;Lnet/minecraft/client/renderer/GameRenderer;Lnet/minecraft/client/renderer/LightTexture;Lorg/joml/Matrix4f;Lorg/joml/Matrix4f;Lorg/spongepowered/asm/mixin/injection/callback/CallbackInfo;)V won't be passed a CallbackInfo as a result
[257月2026 13:11:45.375] [Render thread/DEBUG] [mixin/]: iris-batched-entity-rendering.mixins.json:MixinLevelRenderer from mod iris->@Inject::batchedentityrendering$preRenderEntity(Lnet/minecraft/client/DeltaTracker;ZLnet/minecraft/client/Camera;Lnet/minecraft/client/renderer/GameRenderer;Lnet/minecraft/client/renderer/LightTexture;Lorg/joml/Matrix4f;Lorg/joml/Matrix4f;Lorg/spongepowered/asm/mixin/injection/callback/CallbackInfo;)V doesn't use it's CallbackInfo
[257月2026 13:11:45.375] [Render thread/DEBUG] [mixin/]: iris-batched-entity-rendering.mixins.json:MixinLevelRenderer from mod iris->@Inject::batchedentityrendering$preRenderEntity(Lnet/minecraft/client/DeltaTracker;ZLnet/minecraft/client/Camera;Lnet/minecraft/client/renderer/GameRenderer;Lnet/minecraft/client/renderer/LightTexture;Lorg/joml/Matrix4f;Lorg/joml/Matrix4f;Lorg/spongepowered/asm/mixin/injection/callback/CallbackInfo;)V has 0 override(s) in child classes
[257月2026 13:11:45.375] [Render thread/DEBUG] [mixin/]: iris-batched-entity-rendering.mixins.json:MixinLevelRenderer from mod iris->@Inject::batchedentityrendering$preRenderEntity(Lnet/minecraft/client/DeltaTracker;ZLnet/minecraft/client/Camera;Lnet/minecraft/client/renderer/GameRenderer;Lnet/minecraft/client/renderer/LightTexture;Lorg/joml/Matrix4f;Lorg/joml/Matrix4f;Lorg/spongepowered/asm/mixin/injection/callback/CallbackInfo;)V won't be passed a CallbackInfo as a result
[257月2026 13:11:45.375] [Render thread/DEBUG] [mixin/]: iris-batched-entity-rendering.mixins.json:MixinLevelRenderer from mod iris->@Inject::batchedentityrendering$postRenderEntity(Lnet/minecraft/client/DeltaTracker;ZLnet/minecraft/client/Camera;Lnet/minecraft/client/renderer/GameRenderer;Lnet/minecraft/client/renderer/LightTexture;Lorg/joml/Matrix4f;Lorg/joml/Matrix4f;Lorg/spongepowered/asm/mixin/injection/callback/CallbackInfo;)V doesn't use it's CallbackInfo
[257月2026 13:11:45.375] [Render thread/DEBUG] [mixin/]: iris-batched-entity-rendering.mixins.json:MixinLevelRenderer from mod iris->@Inject::batchedentityrendering$postRenderEntity(Lnet/minecraft/client/DeltaTracker;ZLnet/minecraft/client/Camera;Lnet/minecraft/client/renderer/GameRenderer;Lnet/minecraft/client/renderer/LightTexture;Lorg/joml/Matrix4f;Lorg/joml/Matrix4f;Lorg/spongepowered/asm/mixin/injection/callback/CallbackInfo;)V has 0 override(s) in child classes
[257月2026 13:11:45.375] [Render thread/DEBUG] [mixin/]: iris-batched-entity-rendering.mixins.json:MixinLevelRenderer from mod iris->@Inject::batchedentityrendering$postRenderEntity(Lnet/minecraft/client/DeltaTracker;ZLnet/minecraft/client/Camera;Lnet/minecraft/client/renderer/GameRenderer;Lnet/minecraft/client/renderer/LightTexture;Lorg/joml/Matrix4f;Lorg/joml/Matrix4f;Lorg/spongepowered/asm/mixin/injection/callback/CallbackInfo;)V won't be passed a CallbackInfo as a result
[257月2026 13:11:45.375] [Render thread/DEBUG] [mixin/]: iris-batched-entity-rendering.mixins.json:MixinLevelRenderer from mod iris->@Inject::batchedentityrendering$beginTranslucents(Lnet/minecraft/client/DeltaTracker;ZLnet/minecraft/client/Camera;Lnet/minecraft/client/renderer/GameRenderer;Lnet/minecraft/client/renderer/LightTexture;Lorg/joml/Matrix4f;Lorg/joml/Matrix4f;Lorg/spongepowered/asm/mixin/injection/callback/CallbackInfo;)V doesn't use it's CallbackInfo
[257月2026 13:11:45.375] [Render thread/DEBUG] [mixin/]: iris-batched-entity-rendering.mixins.json:MixinLevelRenderer from mod iris->@Inject::batchedentityrendering$beginTranslucents(Lnet/minecraft/client/DeltaTracker;ZLnet/minecraft/client/Camera;Lnet/minecraft/client/renderer/GameRenderer;Lnet/minecraft/client/renderer/LightTexture;Lorg/joml/Matrix4f;Lorg/joml/Matrix4f;Lorg/spongepowered/asm/mixin/injection/callback/CallbackInfo;)V has 0 override(s) in child classes
[257月2026 13:11:45.375] [Render thread/DEBUG] [mixin/]: iris-batched-entity-rendering.mixins.json:MixinLevelRenderer from mod iris->@Inject::batchedentityrendering$beginTranslucents(Lnet/minecraft/client/DeltaTracker;ZLnet/minecraft/client/Camera;Lnet/minecraft/client/renderer/GameRenderer;Lnet/minecraft/client/renderer/LightTexture;Lorg/joml/Matrix4f;Lorg/joml/Matrix4f;Lorg/spongepowered/asm/mixin/injection/callback/CallbackInfo;)V won't be passed a CallbackInfo as a result
[257月2026 13:11:45.375] [Render thread/DEBUG] [mixin/]: iris-batched-entity-rendering.mixins.json:MixinLevelRenderer from mod iris->@Inject::batchedentityrendering$beginTranslucents(Lnet/minecraft/client/DeltaTracker;ZLnet/minecraft/client/Camera;Lnet/minecraft/client/renderer/GameRenderer;Lnet/minecraft/client/renderer/LightTexture;Lorg/joml/Matrix4f;Lorg/joml/Matrix4f;Lorg/spongepowered/asm/mixin/injection/callback/CallbackInfo;)V doesn't use it's CallbackInfo
[257月2026 13:11:45.375] [Render thread/DEBUG] [mixin/]: iris-batched-entity-rendering.mixins.json:MixinLevelRenderer from mod iris->@Inject::batchedentityrendering$beginTranslucents(Lnet/minecraft/client/DeltaTracker;ZLnet/minecraft/client/Camera;Lnet/minecraft/client/renderer/GameRenderer;Lnet/minecraft/client/renderer/LightTexture;Lorg/joml/Matrix4f;Lorg/joml/Matrix4f;Lorg/spongepowered/asm/mixin/injection/callback/CallbackInfo;)V has 0 override(s) in child classes
[257月2026 13:11:45.375] [Render thread/DEBUG] [mixin/]: iris-batched-entity-rendering.mixins.json:MixinLevelRenderer from mod iris->@Inject::batchedentityrendering$beginTranslucents(Lnet/minecraft/client/DeltaTracker;ZLnet/minecraft/client/Camera;Lnet/minecraft/client/renderer/GameRenderer;Lnet/minecraft/client/renderer/LightTexture;Lorg/joml/Matrix4f;Lorg/joml/Matrix4f;Lorg/spongepowered/asm/mixin/injection/callback/CallbackInfo;)V won't be passed a CallbackInfo as a result
[257月2026 13:11:45.375] [Render thread/DEBUG] [mixin/]: iris-batched-entity-rendering.mixins.json:MixinLevelRenderer from mod iris->@Inject::batchedentityrendering$endTranslucents(Lnet/minecraft/client/DeltaTracker;ZLnet/minecraft/client/Camera;Lnet/minecraft/client/renderer/GameRenderer;Lnet/minecraft/client/renderer/LightTexture;Lorg/joml/Matrix4f;Lorg/joml/Matrix4f;Lorg/spongepowered/asm/mixin/injection/callback/CallbackInfo;)V doesn't use it's CallbackInfo
[257月2026 13:11:45.375] [Render thread/DEBUG] [mixin/]: iris-batched-entity-rendering.mixins.json:MixinLevelRenderer from mod iris->@Inject::batchedentityrendering$endTranslucents(Lnet/minecraft/client/DeltaTracker;ZLnet/minecraft/client/Camera;Lnet/minecraft/client/renderer/GameRenderer;Lnet/minecraft/client/renderer/LightTexture;Lorg/joml/Matrix4f;Lorg/joml/Matrix4f;Lorg/spongepowered/asm/mixin/injection/callback/CallbackInfo;)V has 0 override(s) in child classes
[257月2026 13:11:45.375] [Render thread/DEBUG] [mixin/]: iris-batched-entity-rendering.mixins.json:MixinLevelRenderer from mod iris->@Inject::batchedentityrendering$endTranslucents(Lnet/minecraft/client/DeltaTracker;ZLnet/minecraft/client/Camera;Lnet/minecraft/client/renderer/GameRenderer;Lnet/minecraft/client/renderer/LightTexture;Lorg/joml/Matrix4f;Lorg/joml/Matrix4f;Lorg/spongepowered/asm/mixin/injection/callback/CallbackInfo;)V won't be passed a CallbackInfo as a result
[257月2026 13:11:45.375] [Render thread/DEBUG] [mixin/]: iris-batched-entity-rendering.mixins.json:MixinLevelRenderer from mod iris->@Inject::batchedentityrendering$endTranslucents(Lnet/minecraft/client/DeltaTracker;ZLnet/minecraft/client/Camera;Lnet/minecraft/client/renderer/GameRenderer;Lnet/minecraft/client/renderer/LightTexture;Lorg/joml/Matrix4f;Lorg/joml/Matrix4f;Lorg/spongepowered/asm/mixin/injection/callback/CallbackInfo;)V doesn't use it's CallbackInfo
[257月2026 13:11:45.375] [Render thread/DEBUG] [mixin/]: iris-batched-entity-rendering.mixins.json:MixinLevelRenderer from mod iris->@Inject::batchedentityrendering$endTranslucents(Lnet/minecraft/client/DeltaTracker;ZLnet/minecraft/client/Camera;Lnet/minecraft/client/renderer/GameRenderer;Lnet/minecraft/client/renderer/LightTexture;Lorg/joml/Matrix4f;Lorg/joml/Matrix4f;Lorg/spongepowered/asm/mixin/injection/callback/CallbackInfo;)V has 0 override(s) in child classes
[257月2026 13:11:45.375] [Render thread/DEBUG] [mixin/]: iris-batched-entity-rendering.mixins.json:MixinLevelRenderer from mod iris->@Inject::batchedentityrendering$endTranslucents(Lnet/minecraft/client/DeltaTracker;ZLnet/minecraft/client/Camera;Lnet/minecraft/client/renderer/GameRenderer;Lnet/minecraft/client/renderer/LightTexture;Lorg/joml/Matrix4f;Lorg/joml/Matrix4f;Lorg/spongepowered/asm/mixin/injection/callback/CallbackInfo;)V won't be passed a CallbackInfo as a result
[257月2026 13:11:45.375] [Render thread/DEBUG] [mixin/]: iris-batched-entity-rendering.mixins.json:MixinLevelRenderer from mod iris->@Inject::batchedentityrendering$endLevelRender(Lnet/minecraft/client/DeltaTracker;ZLnet/minecraft/client/Camera;Lnet/minecraft/client/renderer/GameRenderer;Lnet/minecraft/client/renderer/LightTexture;Lorg/joml/Matrix4f;Lorg/joml/Matrix4f;Lorg/spongepowered/asm/mixin/injection/callback/CallbackInfo;)V doesn't use it's CallbackInfo
[257月2026 13:11:45.375] [Render thread/DEBUG] [mixin/]: iris-batched-entity-rendering.mixins.json:MixinLevelRenderer from mod iris->@Inject::batchedentityrendering$endLevelRender(Lnet/minecraft/client/DeltaTracker;ZLnet/minecraft/client/Camera;Lnet/minecraft/client/renderer/GameRenderer;Lnet/minecraft/client/renderer/LightTexture;Lorg/joml/Matrix4f;Lorg/joml/Matrix4f;Lorg/spongepowered/asm/mixin/injection/callback/CallbackInfo;)V has 0 override(s) in child classes
[257月2026 13:11:45.375] [Render thread/DEBUG] [mixin/]: iris-batched-entity-rendering.mixins.json:MixinLevelRenderer from mod iris->@Inject::batchedentityrendering$endLevelRender(Lnet/minecraft/client/DeltaTracker;ZLnet/minecraft/client/Camera;Lnet/minecraft/client/renderer/GameRenderer;Lnet/minecraft/client/renderer/LightTexture;Lorg/joml/Matrix4f;Lorg/joml/Matrix4f;Lorg/spongepowered/asm/mixin/injection/callback/CallbackInfo;)V won't be passed a CallbackInfo as a result
[257月2026 13:11:45.375] [Render thread/DEBUG] [mixin/]: mixins.iris.json:MixinLevelRenderer from mod iris->@Inject::iris$setupPipeline(Lnet/minecraft/client/DeltaTracker;ZLnet/minecraft/client/Camera;Lnet/minecraft/client/renderer/GameRenderer;Lnet/minecraft/client/renderer/LightTexture;Lorg/joml/Matrix4f;Lorg/joml/Matrix4f;Lorg/spongepowered/asm/mixin/injection/callback/CallbackInfo;)V doesn't use it's CallbackInfo
[257月2026 13:11:45.375] [Render thread/DEBUG] [mixin/]: mixins.iris.json:MixinLevelRenderer from mod iris->@Inject::iris$setupPipeline(Lnet/minecraft/client/DeltaTracker;ZLnet/minecraft/client/Camera;Lnet/minecraft/client/renderer/GameRenderer;Lnet/minecraft/client/renderer/LightTexture;Lorg/joml/Matrix4f;Lorg/joml/Matrix4f;Lorg/spongepowered/asm/mixin/injection/callback/CallbackInfo;)V has 0 override(s) in child classes
[257月2026 13:11:45.375] [Render thread/DEBUG] [mixin/]: mixins.iris.json:MixinLevelRenderer from mod iris->@Inject::iris$setupPipeline(Lnet/minecraft/client/DeltaTracker;ZLnet/minecraft/client/Camera;Lnet/minecraft/client/renderer/GameRenderer;Lnet/minecraft/client/renderer/LightTexture;Lorg/joml/Matrix4f;Lorg/joml/Matrix4f;Lorg/spongepowered/asm/mixin/injection/callback/CallbackInfo;)V won't be passed a CallbackInfo as a result
[257月2026 13:11:45.375] [Render thread/DEBUG] [mixin/]: mixins.iris.json:MixinLevelRenderer from mod iris->@Inject::iris$beginLevelRender(Lnet/minecraft/client/DeltaTracker;ZLnet/minecraft/client/Camera;Lnet/minecraft/client/renderer/GameRenderer;Lnet/minecraft/client/renderer/LightTexture;Lorg/joml/Matrix4f;Lorg/joml/Matrix4f;Lorg/spongepowered/asm/mixin/injection/callback/CallbackInfo;)V doesn't use it's CallbackInfo
[257月2026 13:11:45.375] [Render thread/DEBUG] [mixin/]: mixins.iris.json:MixinLevelRenderer from mod iris->@Inject::iris$beginLevelRender(Lnet/minecraft/client/DeltaTracker;ZLnet/minecraft/client/Camera;Lnet/minecraft/client/renderer/GameRenderer;Lnet/minecraft/client/renderer/LightTexture;Lorg/joml/Matrix4f;Lorg/joml/Matrix4f;Lorg/spongepowered/asm/mixin/injection/callback/CallbackInfo;)V has 0 override(s) in child classes
[257月2026 13:11:45.375] [Render thread/DEBUG] [mixin/]: mixins.iris.json:MixinLevelRenderer from mod iris->@Inject::iris$beginLevelRender(Lnet/minecraft/client/DeltaTracker;ZLnet/minecraft/client/Camera;Lnet/minecraft/client/renderer/GameRenderer;Lnet/minecraft/client/renderer/LightTexture;Lorg/joml/Matrix4f;Lorg/joml/Matrix4f;Lorg/spongepowered/asm/mixin/injection/callback/CallbackInfo;)V won't be passed a CallbackInfo as a result
[257月2026 13:11:45.375] [Render thread/DEBUG] [mixin/]: mixins.iris.json:MixinLevelRenderer from mod iris->@Inject::iris$endLevelRender(Lnet/minecraft/client/DeltaTracker;ZLnet/minecraft/client/Camera;Lnet/minecraft/client/renderer/GameRenderer;Lnet/minecraft/client/renderer/LightTexture;Lorg/joml/Matrix4f;Lorg/joml/Matrix4f;Lorg/spongepowered/asm/mixin/injection/callback/CallbackInfo;)V doesn't use it's CallbackInfo
[257月2026 13:11:45.375] [Render thread/DEBUG] [mixin/]: mixins.iris.json:MixinLevelRenderer from mod iris->@Inject::iris$endLevelRender(Lnet/minecraft/client/DeltaTracker;ZLnet/minecraft/client/Camera;Lnet/minecraft/client/renderer/GameRenderer;Lnet/minecraft/client/renderer/LightTexture;Lorg/joml/Matrix4f;Lorg/joml/Matrix4f;Lorg/spongepowered/asm/mixin/injection/callback/CallbackInfo;)V has 0 override(s) in child classes
[257月2026 13:11:45.375] [Render thread/DEBUG] [mixin/]: mixins.iris.json:MixinLevelRenderer from mod iris->@Inject::iris$endLevelRender(Lnet/minecraft/client/DeltaTracker;ZLnet/minecraft/client/Camera;Lnet/minecraft/client/renderer/GameRenderer;Lnet/minecraft/client/renderer/LightTexture;Lorg/joml/Matrix4f;Lorg/joml/Matrix4f;Lorg/spongepowered/asm/mixin/injection/callback/CallbackInfo;)V won't be passed a CallbackInfo as a result
[257月2026 13:11:45.375] [Render thread/DEBUG] [mixin/]: mixins.iris.json:MixinLevelRenderer from mod iris->@Inject::iris$renderTerrainShadows(Lnet/minecraft/client/DeltaTracker;ZLnet/minecraft/client/Camera;Lnet/minecraft/client/renderer/GameRenderer;Lnet/minecraft/client/renderer/LightTexture;Lorg/joml/Matrix4f;Lorg/joml/Matrix4f;Lorg/spongepowered/asm/mixin/injection/callback/CallbackInfo;)V doesn't use it's CallbackInfo
[257月2026 13:11:45.375] [Render thread/DEBUG] [mixin/]: mixins.iris.json:MixinLevelRenderer from mod iris->@Inject::iris$renderTerrainShadows(Lnet/minecraft/client/DeltaTracker;ZLnet/minecraft/client/Camera;Lnet/minecraft/client/renderer/GameRenderer;Lnet/minecraft/client/renderer/LightTexture;Lorg/joml/Matrix4f;Lorg/joml/Matrix4f;Lorg/spongepowered/asm/mixin/injection/callback/CallbackInfo;)V has 0 override(s) in child classes
[257月2026 13:11:45.375] [Render thread/DEBUG] [mixin/]: mixins.iris.json:MixinLevelRenderer from mod iris->@Inject::iris$renderTerrainShadows(Lnet/minecraft/client/DeltaTracker;ZLnet/minecraft/client/Camera;Lnet/minecraft/client/renderer/GameRenderer;Lnet/minecraft/client/renderer/LightTexture;Lorg/joml/Matrix4f;Lorg/joml/Matrix4f;Lorg/spongepowered/asm/mixin/injection/callback/CallbackInfo;)V won't be passed a CallbackInfo as a result
[257月2026 13:11:45.375] [Render thread/DEBUG] [mixin/]: mixins.iris.json:MixinLevelRenderer from mod iris->@Inject::iris$beginSky(Lnet/minecraft/client/DeltaTracker;ZLnet/minecraft/client/Camera;Lnet/minecraft/client/renderer/GameRenderer;Lnet/minecraft/client/renderer/LightTexture;Lorg/joml/Matrix4f;Lorg/joml/Matrix4f;Lorg/spongepowered/asm/mixin/injection/callback/CallbackInfo;)V doesn't use it's CallbackInfo
[257月2026 13:11:45.375] [Render thread/DEBUG] [mixin/]: mixins.iris.json:MixinLevelRenderer from mod iris->@Inject::iris$beginSky(Lnet/minecraft/client/DeltaTracker;ZLnet/minecraft/client/Camera;Lnet/minecraft/client/renderer/GameRenderer;Lnet/minecraft/client/renderer/LightTexture;Lorg/joml/Matrix4f;Lorg/joml/Matrix4f;Lorg/spongepowered/asm/mixin/injection/callback/CallbackInfo;)V has 0 override(s) in child classes
[257月2026 13:11:45.375] [Render thread/DEBUG] [mixin/]: mixins.iris.json:MixinLevelRenderer from mod iris->@Inject::iris$beginSky(Lnet/minecraft/client/DeltaTracker;ZLnet/minecraft/client/Camera;Lnet/minecraft/client/renderer/GameRenderer;Lnet/minecraft/client/renderer/LightTexture;Lorg/joml/Matrix4f;Lorg/joml/Matrix4f;Lorg/spongepowered/asm/mixin/injection/callback/CallbackInfo;)V won't be passed a CallbackInfo as a result
[257月2026 13:11:45.375] [Render thread/DEBUG] [mixin/]: mixins.iris.json:MixinLevelRenderer from mod iris->@Inject::iris$renderSky$beginNormalSky(Lorg/joml/Matrix4f;Lorg/joml/Matrix4f;FLnet/minecraft/client/Camera;ZLjava/lang/Runnable;Lorg/spongepowered/asm/mixin/injection/callback/CallbackInfo;)V doesn't use it's CallbackInfo
[257月2026 13:11:45.375] [Render thread/DEBUG] [mixin/]: mixins.iris.json:MixinLevelRenderer from mod iris->@Inject::iris$renderSky$beginNormalSky(Lorg/joml/Matrix4f;Lorg/joml/Matrix4f;FLnet/minecraft/client/Camera;ZLjava/lang/Runnable;Lorg/spongepowered/asm/mixin/injection/callback/CallbackInfo;)V has 0 override(s) in child classes
[257月2026 13:11:45.375] [Render thread/DEBUG] [mixin/]: mixins.iris.json:MixinLevelRenderer from mod iris->@Inject::iris$renderSky$beginNormalSky(Lorg/joml/Matrix4f;Lorg/joml/Matrix4f;FLnet/minecraft/client/Camera;ZLjava/lang/Runnable;Lorg/spongepowered/asm/mixin/injection/callback/CallbackInfo;)V won't be passed a CallbackInfo as a result
[257月2026 13:11:45.375] [Render thread/DEBUG] [mixin/]: mixins.iris.json:MixinLevelRenderer from mod iris->@Inject::iris$setSunRenderStage(Lorg/joml/Matrix4f;Lorg/joml/Matrix4f;FLnet/minecraft/client/Camera;ZLjava/lang/Runnable;Lorg/spongepowered/asm/mixin/injection/callback/CallbackInfo;)V doesn't use it's CallbackInfo
[257月2026 13:11:45.376] [Render thread/DEBUG] [mixin/]: mixins.iris.json:MixinLevelRenderer from mod iris->@Inject::iris$setSunRenderStage(Lorg/joml/Matrix4f;Lorg/joml/Matrix4f;FLnet/minecraft/client/Camera;ZLjava/lang/Runnable;Lorg/spongepowered/asm/mixin/injection/callback/CallbackInfo;)V has 0 override(s) in child classes
[257月2026 13:11:45.376] [Render thread/DEBUG] [mixin/]: mixins.iris.json:MixinLevelRenderer from mod iris->@Inject::iris$setSunRenderStage(Lorg/joml/Matrix4f;Lorg/joml/Matrix4f;FLnet/minecraft/client/Camera;ZLjava/lang/Runnable;Lorg/spongepowered/asm/mixin/injection/callback/CallbackInfo;)V won't be passed a CallbackInfo as a result
[257月2026 13:11:45.376] [Render thread/DEBUG] [mixin/]: mixins.iris.json:MixinLevelRenderer from mod iris->@Inject::iris$setSunsetRenderStage(Lorg/joml/Matrix4f;Lorg/joml/Matrix4f;FLnet/minecraft/client/Camera;ZLjava/lang/Runnable;Lorg/spongepowered/asm/mixin/injection/callback/CallbackInfo;)V doesn't use it's CallbackInfo
[257月2026 13:11:45.376] [Render thread/DEBUG] [mixin/]: mixins.iris.json:MixinLevelRenderer from mod iris->@Inject::iris$setSunsetRenderStage(Lorg/joml/Matrix4f;Lorg/joml/Matrix4f;FLnet/minecraft/client/Camera;ZLjava/lang/Runnable;Lorg/spongepowered/asm/mixin/injection/callback/CallbackInfo;)V has 0 override(s) in child classes
[257月2026 13:11:45.376] [Render thread/DEBUG] [mixin/]: mixins.iris.json:MixinLevelRenderer from mod iris->@Inject::iris$setSunsetRenderStage(Lorg/joml/Matrix4f;Lorg/joml/Matrix4f;FLnet/minecraft/client/Camera;ZLjava/lang/Runnable;Lorg/spongepowered/asm/mixin/injection/callback/CallbackInfo;)V won't be passed a CallbackInfo as a result
[257月2026 13:11:45.376] [Render thread/DEBUG] [mixin/]: mixins.iris.json:MixinLevelRenderer from mod iris->@Inject::iris$setMoonRenderStage(Lorg/joml/Matrix4f;Lorg/joml/Matrix4f;FLnet/minecraft/client/Camera;ZLjava/lang/Runnable;Lorg/spongepowered/asm/mixin/injection/callback/CallbackInfo;)V doesn't use it's CallbackInfo
[257月2026 13:11:45.376] [Render thread/DEBUG] [mixin/]: mixins.iris.json:MixinLevelRenderer from mod iris->@Inject::iris$setMoonRenderStage(Lorg/joml/Matrix4f;Lorg/joml/Matrix4f;FLnet/minecraft/client/Camera;ZLjava/lang/Runnable;Lorg/spongepowered/asm/mixin/injection/callback/CallbackInfo;)V has 0 override(s) in child classes
[257月2026 13:11:45.376] [Render thread/DEBUG] [mixin/]: mixins.iris.json:MixinLevelRenderer from mod iris->@Inject::iris$setMoonRenderStage(Lorg/joml/Matrix4f;Lorg/joml/Matrix4f;FLnet/minecraft/client/Camera;ZLjava/lang/Runnable;Lorg/spongepowered/asm/mixin/injection/callback/CallbackInfo;)V won't be passed a CallbackInfo as a result
[257月2026 13:11:45.376] [Render thread/DEBUG] [mixin/]: mixins.iris.json:MixinLevelRenderer from mod iris->@Inject::iris$setStarRenderStage(Lorg/joml/Matrix4f;Lorg/joml/Matrix4f;FLnet/minecraft/client/Camera;ZLjava/lang/Runnable;Lorg/spongepowered/asm/mixin/injection/callback/CallbackInfo;)V doesn't use it's CallbackInfo
[257月2026 13:11:45.376] [Render thread/DEBUG] [mixin/]: mixins.iris.json:MixinLevelRenderer from mod iris->@Inject::iris$setStarRenderStage(Lorg/joml/Matrix4f;Lorg/joml/Matrix4f;FLnet/minecraft/client/Camera;ZLjava/lang/Runnable;Lorg/spongepowered/asm/mixin/injection/callback/CallbackInfo;)V has 0 override(s) in child classes
[257月2026 13:11:45.376] [Render thread/DEBUG] [mixin/]: mixins.iris.json:MixinLevelRenderer from mod iris->@Inject::iris$setStarRenderStage(Lorg/joml/Matrix4f;Lorg/joml/Matrix4f;FLnet/minecraft/client/Camera;ZLjava/lang/Runnable;Lorg/spongepowered/asm/mixin/injection/callback/CallbackInfo;)V won't be passed a CallbackInfo as a result
[257月2026 13:11:45.376] [Render thread/DEBUG] [mixin/]: mixins.iris.json:MixinLevelRenderer from mod iris->@Inject::iris$setVoidRenderStage(Lorg/joml/Matrix4f;Lorg/joml/Matrix4f;FLnet/minecraft/client/Camera;ZLjava/lang/Runnable;Lorg/spongepowered/asm/mixin/injection/callback/CallbackInfo;)V doesn't use it's CallbackInfo
[257月2026 13:11:45.376] [Render thread/DEBUG] [mixin/]: mixins.iris.json:MixinLevelRenderer from mod iris->@Inject::iris$setVoidRenderStage(Lorg/joml/Matrix4f;Lorg/joml/Matrix4f;FLnet/minecraft/client/Camera;ZLjava/lang/Runnable;Lorg/spongepowered/asm/mixin/injection/callback/CallbackInfo;)V has 0 override(s) in child classes
[257月2026 13:11:45.376] [Render thread/DEBUG] [mixin/]: mixins.iris.json:MixinLevelRenderer from mod iris->@Inject::iris$setVoidRenderStage(Lorg/joml/Matrix4f;Lorg/joml/Matrix4f;FLnet/minecraft/client/Camera;ZLjava/lang/Runnable;Lorg/spongepowered/asm/mixin/injection/callback/CallbackInfo;)V won't be passed a CallbackInfo as a result
[257月2026 13:11:45.376] [Render thread/DEBUG] [mixin/]: mixins.iris.json:MixinLevelRenderer from mod iris->@Inject::iris$renderSky$tiltSun(Lorg/joml/Matrix4f;Lorg/joml/Matrix4f;FLnet/minecraft/client/Camera;ZLjava/lang/Runnable;Lorg/spongepowered/asm/mixin/injection/callback/CallbackInfo;)V doesn't use it's CallbackInfo
[257月2026 13:11:45.376] [Render thread/DEBUG] [mixin/]: mixins.iris.json:MixinLevelRenderer from mod iris->@Inject::iris$renderSky$tiltSun(Lorg/joml/Matrix4f;Lorg/joml/Matrix4f;FLnet/minecraft/client/Camera;ZLjava/lang/Runnable;Lorg/spongepowered/asm/mixin/injection/callback/CallbackInfo;)V has 0 override(s) in child classes
[257月2026 13:11:45.376] [Render thread/DEBUG] [mixin/]: mixins.iris.json:MixinLevelRenderer from mod iris->@Inject::iris$renderSky$tiltSun(Lorg/joml/Matrix4f;Lorg/joml/Matrix4f;FLnet/minecraft/client/Camera;ZLjava/lang/Runnable;Lorg/spongepowered/asm/mixin/injection/callback/CallbackInfo;)V won't be passed a CallbackInfo as a result
[257月2026 13:11:45.376] [Render thread/DEBUG] [mixin/]: mixins.iris.json:MixinLevelRenderer from mod iris->@Inject::iris$endSky(Lnet/minecraft/client/DeltaTracker;ZLnet/minecraft/client/Camera;Lnet/minecraft/client/renderer/GameRenderer;Lnet/minecraft/client/renderer/LightTexture;Lorg/joml/Matrix4f;Lorg/joml/Matrix4f;Lorg/spongepowered/asm/mixin/injection/callback/CallbackInfo;)V doesn't use it's CallbackInfo
[257月2026 13:11:45.376] [Render thread/DEBUG] [mixin/]: mixins.iris.json:MixinLevelRenderer from mod iris->@Inject::iris$endSky(Lnet/minecraft/client/DeltaTracker;ZLnet/minecraft/client/Camera;Lnet/minecraft/client/renderer/GameRenderer;Lnet/minecraft/client/renderer/LightTexture;Lorg/joml/Matrix4f;Lorg/joml/Matrix4f;Lorg/spongepowered/asm/mixin/injection/callback/CallbackInfo;)V has 0 override(s) in child classes
[257月2026 13:11:45.376] [Render thread/DEBUG] [mixin/]: mixins.iris.json:MixinLevelRenderer from mod iris->@Inject::iris$endSky(Lnet/minecraft/client/DeltaTracker;ZLnet/minecraft/client/Camera;Lnet/minecraft/client/renderer/GameRenderer;Lnet/minecraft/client/renderer/LightTexture;Lorg/joml/Matrix4f;Lorg/joml/Matrix4f;Lorg/spongepowered/asm/mixin/injection/callback/CallbackInfo;)V won't be passed a CallbackInfo as a result
[257月2026 13:11:45.376] [Render thread/DEBUG] [mixin/]: mixins.iris.json:MixinLevelRenderer from mod iris->@Inject::iris$beginClouds(Lnet/minecraft/client/DeltaTracker;ZLnet/minecraft/client/Camera;Lnet/minecraft/client/renderer/GameRenderer;Lnet/minecraft/client/renderer/LightTexture;Lorg/joml/Matrix4f;Lorg/joml/Matrix4f;Lorg/spongepowered/asm/mixin/injection/callback/CallbackInfo;)V doesn't use it's CallbackInfo
[257月2026 13:11:45.376] [Render thread/DEBUG] [mixin/]: mixins.iris.json:MixinLevelRenderer from mod iris->@Inject::iris$beginClouds(Lnet/minecraft/client/DeltaTracker;ZLnet/minecraft/client/Camera;Lnet/minecraft/client/renderer/GameRenderer;Lnet/minecraft/client/renderer/LightTexture;Lorg/joml/Matrix4f;Lorg/joml/Matrix4f;Lorg/spongepowered/asm/mixin/injection/callback/CallbackInfo;)V has 0 override(s) in child classes
[257月2026 13:11:45.376] [Render thread/DEBUG] [mixin/]: mixins.iris.json:MixinLevelRenderer from mod iris->@Inject::iris$beginClouds(Lnet/minecraft/client/DeltaTracker;ZLnet/minecraft/client/Camera;Lnet/minecraft/client/renderer/GameRenderer;Lnet/minecraft/client/renderer/LightTexture;Lorg/joml/Matrix4f;Lorg/joml/Matrix4f;Lorg/spongepowered/asm/mixin/injection/callback/CallbackInfo;)V won't be passed a CallbackInfo as a result
[257月2026 13:11:45.376] [Render thread/DEBUG] [mixin/]: mixins.iris.json:MixinLevelRenderer from mod iris->@Inject::iris$endClouds(Lnet/minecraft/client/DeltaTracker;ZLnet/minecraft/client/Camera;Lnet/minecraft/client/renderer/GameRenderer;Lnet/minecraft/client/renderer/LightTexture;Lorg/joml/Matrix4f;Lorg/joml/Matrix4f;Lorg/spongepowered/asm/mixin/injection/callback/CallbackInfo;)V doesn't use it's CallbackInfo
[257月2026 13:11:45.376] [Render thread/DEBUG] [mixin/]: mixins.iris.json:MixinLevelRenderer from mod iris->@Inject::iris$endClouds(Lnet/minecraft/client/DeltaTracker;ZLnet/minecraft/client/Camera;Lnet/minecraft/client/renderer/GameRenderer;Lnet/minecraft/client/renderer/LightTexture;Lorg/joml/Matrix4f;Lorg/joml/Matrix4f;Lorg/spongepowered/asm/mixin/injection/callback/CallbackInfo;)V has 0 override(s) in child classes
[257月2026 13:11:45.376] [Render thread/DEBUG] [mixin/]: mixins.iris.json:MixinLevelRenderer from mod iris->@Inject::iris$endClouds(Lnet/minecraft/client/DeltaTracker;ZLnet/minecraft/client/Camera;Lnet/minecraft/client/renderer/GameRenderer;Lnet/minecraft/client/renderer/LightTexture;Lorg/joml/Matrix4f;Lorg/joml/Matrix4f;Lorg/spongepowered/asm/mixin/injection/callback/CallbackInfo;)V won't be passed a CallbackInfo as a result
[257月2026 13:11:45.376] [Render thread/DEBUG] [mixin/]: mixins.iris.json:MixinLevelRenderer from mod iris->@Inject::iris$beginTerrainLayer(Lnet/minecraft/client/renderer/RenderType;DDDLorg/joml/Matrix4f;Lorg/joml/Matrix4f;Lorg/spongepowered/asm/mixin/injection/callback/CallbackInfo;)V doesn't use it's CallbackInfo
[257月2026 13:11:45.376] [Render thread/DEBUG] [mixin/]: mixins.iris.json:MixinLevelRenderer from mod iris->@Inject::iris$beginTerrainLayer(Lnet/minecraft/client/renderer/RenderType;DDDLorg/joml/Matrix4f;Lorg/joml/Matrix4f;Lorg/spongepowered/asm/mixin/injection/callback/CallbackInfo;)V has 0 override(s) in child classes
[257月2026 13:11:45.376] [Render thread/DEBUG] [mixin/]: mixins.iris.json:MixinLevelRenderer from mod iris->@Inject::iris$beginTerrainLayer(Lnet/minecraft/client/renderer/RenderType;DDDLorg/joml/Matrix4f;Lorg/joml/Matrix4f;Lorg/spongepowered/asm/mixin/injection/callback/CallbackInfo;)V won't be passed a CallbackInfo as a result
[257月2026 13:11:45.376] [Render thread/DEBUG] [mixin/]: mixins.iris.json:MixinLevelRenderer from mod iris->@Inject::iris$endTerrainLayer(Lnet/minecraft/client/renderer/RenderType;DDDLorg/joml/Matrix4f;Lorg/joml/Matrix4f;Lorg/spongepowered/asm/mixin/injection/callback/CallbackInfo;)V doesn't use it's CallbackInfo
[257月2026 13:11:45.376] [Render thread/DEBUG] [mixin/]: mixins.iris.json:MixinLevelRenderer from mod iris->@Inject::iris$endTerrainLayer(Lnet/minecraft/client/renderer/RenderType;DDDLorg/joml/Matrix4f;Lorg/joml/Matrix4f;Lorg/spongepowered/asm/mixin/injection/callback/CallbackInfo;)V has 0 override(s) in child classes
[257月2026 13:11:45.376] [Render thread/DEBUG] [mixin/]: mixins.iris.json:MixinLevelRenderer from mod iris->@Inject::iris$endTerrainLayer(Lnet/minecraft/client/renderer/RenderType;DDDLorg/joml/Matrix4f;Lorg/joml/Matrix4f;Lorg/spongepowered/asm/mixin/injection/callback/CallbackInfo;)V won't be passed a CallbackInfo as a result
[257月2026 13:11:45.376] [Render thread/DEBUG] [mixin/]: mixins.iris.json:MixinLevelRenderer from mod iris->@Inject::iris$beginWeather(Lnet/minecraft/client/DeltaTracker;ZLnet/minecraft/client/Camera;Lnet/minecraft/client/renderer/GameRenderer;Lnet/minecraft/client/renderer/LightTexture;Lorg/joml/Matrix4f;Lorg/joml/Matrix4f;Lorg/spongepowered/asm/mixin/injection/callback/CallbackInfo;)V doesn't use it's CallbackInfo
[257月2026 13:11:45.376] [Render thread/DEBUG] [mixin/]: mixins.iris.json:MixinLevelRenderer from mod iris->@Inject::iris$beginWeather(Lnet/minecraft/client/DeltaTracker;ZLnet/minecraft/client/Camera;Lnet/minecraft/client/renderer/GameRenderer;Lnet/minecraft/client/renderer/LightTexture;Lorg/joml/Matrix4f;Lorg/joml/Matrix4f;Lorg/spongepowered/asm/mixin/injection/callback/CallbackInfo;)V has 0 override(s) in child classes
[257月2026 13:11:45.376] [Render thread/DEBUG] [mixin/]: mixins.iris.json:MixinLevelRenderer from mod iris->@Inject::iris$beginWeather(Lnet/minecraft/client/DeltaTracker;ZLnet/minecraft/client/Camera;Lnet/minecraft/client/renderer/GameRenderer;Lnet/minecraft/client/renderer/LightTexture;Lorg/joml/Matrix4f;Lorg/joml/Matrix4f;Lorg/spongepowered/asm/mixin/injection/callback/CallbackInfo;)V won't be passed a CallbackInfo as a result
[257月2026 13:11:45.376] [Render thread/DEBUG] [mixin/]: mixins.iris.json:MixinLevelRenderer from mod iris->@Inject::iris$beginWeather(Lnet/minecraft/client/DeltaTracker;ZLnet/minecraft/client/Camera;Lnet/minecraft/client/renderer/GameRenderer;Lnet/minecraft/client/renderer/LightTexture;Lorg/joml/Matrix4f;Lorg/joml/Matrix4f;Lorg/spongepowered/asm/mixin/injection/callback/CallbackInfo;)V doesn't use it's CallbackInfo
[257月2026 13:11:45.376] [Render thread/DEBUG] [mixin/]: mixins.iris.json:MixinLevelRenderer from mod iris->@Inject::iris$beginWeather(Lnet/minecraft/client/DeltaTracker;ZLnet/minecraft/client/Camera;Lnet/minecraft/client/renderer/GameRenderer;Lnet/minecraft/client/renderer/LightTexture;Lorg/joml/Matrix4f;Lorg/joml/Matrix4f;Lorg/spongepowered/asm/mixin/injection/callback/CallbackInfo;)V has 0 override(s) in child classes
[257月2026 13:11:45.376] [Render thread/DEBUG] [mixin/]: mixins.iris.json:MixinLevelRenderer from mod iris->@Inject::iris$beginWeather(Lnet/minecraft/client/DeltaTracker;ZLnet/minecraft/client/Camera;Lnet/minecraft/client/renderer/GameRenderer;Lnet/minecraft/client/renderer/LightTexture;Lorg/joml/Matrix4f;Lorg/joml/Matrix4f;Lorg/spongepowered/asm/mixin/injection/callback/CallbackInfo;)V won't be passed a CallbackInfo as a result
[257月2026 13:11:45.376] [Render thread/DEBUG] [mixin/]: mixins.iris.json:MixinLevelRenderer from mod iris->@Inject::iris$endWeather(Lnet/minecraft/client/DeltaTracker;ZLnet/minecraft/client/Camera;Lnet/minecraft/client/renderer/GameRenderer;Lnet/minecraft/client/renderer/LightTexture;Lorg/joml/Matrix4f;Lorg/joml/Matrix4f;Lorg/spongepowered/asm/mixin/injection/callback/CallbackInfo;)V doesn't use it's CallbackInfo
[257月2026 13:11:45.376] [Render thread/DEBUG] [mixin/]: mixins.iris.json:MixinLevelRenderer from mod iris->@Inject::iris$endWeather(Lnet/minecraft/client/DeltaTracker;ZLnet/minecraft/client/Camera;Lnet/minecraft/client/renderer/GameRenderer;Lnet/minecraft/client/renderer/LightTexture;Lorg/joml/Matrix4f;Lorg/joml/Matrix4f;Lorg/spongepowered/asm/mixin/injection/callback/CallbackInfo;)V has 0 override(s) in child classes
[257月2026 13:11:45.376] [Render thread/DEBUG] [mixin/]: mixins.iris.json:MixinLevelRenderer from mod iris->@Inject::iris$endWeather(Lnet/minecraft/client/DeltaTracker;ZLnet/minecraft/client/Camera;Lnet/minecraft/client/renderer/GameRenderer;Lnet/minecraft/client/renderer/LightTexture;Lorg/joml/Matrix4f;Lorg/joml/Matrix4f;Lorg/spongepowered/asm/mixin/injection/callback/CallbackInfo;)V won't be passed a CallbackInfo as a result
[257月2026 13:11:45.376] [Render thread/DEBUG] [mixin/]: mixins.iris.json:MixinLevelRenderer from mod iris->@Inject::iris$endWeather(Lnet/minecraft/client/DeltaTracker;ZLnet/minecraft/client/Camera;Lnet/minecraft/client/renderer/GameRenderer;Lnet/minecraft/client/renderer/LightTexture;Lorg/joml/Matrix4f;Lorg/joml/Matrix4f;Lorg/spongepowered/asm/mixin/injection/callback/CallbackInfo;)V doesn't use it's CallbackInfo
[257月2026 13:11:45.376] [Render thread/DEBUG] [mixin/]: mixins.iris.json:MixinLevelRenderer from mod iris->@Inject::iris$endWeather(Lnet/minecraft/client/DeltaTracker;ZLnet/minecraft/client/Camera;Lnet/minecraft/client/renderer/GameRenderer;Lnet/minecraft/client/renderer/LightTexture;Lorg/joml/Matrix4f;Lorg/joml/Matrix4f;Lorg/spongepowered/asm/mixin/injection/callback/CallbackInfo;)V has 0 override(s) in child classes
[257月2026 13:11:45.376] [Render thread/DEBUG] [mixin/]: mixins.iris.json:MixinLevelRenderer from mod iris->@Inject::iris$endWeather(Lnet/minecraft/client/DeltaTracker;ZLnet/minecraft/client/Camera;Lnet/minecraft/client/renderer/GameRenderer;Lnet/minecraft/client/renderer/LightTexture;Lorg/joml/Matrix4f;Lorg/joml/Matrix4f;Lorg/spongepowered/asm/mixin/injection/callback/CallbackInfo;)V won't be passed a CallbackInfo as a result
[257月2026 13:11:45.376] [Render thread/DEBUG] [mixin/]: mixins.iris.json:MixinLevelRenderer from mod iris->@Inject::iris$beginWorldBorder(Lnet/minecraft/client/DeltaTracker;ZLnet/minecraft/client/Camera;Lnet/minecraft/client/renderer/GameRenderer;Lnet/minecraft/client/renderer/LightTexture;Lorg/joml/Matrix4f;Lorg/joml/Matrix4f;Lorg/spongepowered/asm/mixin/injection/callback/CallbackInfo;)V doesn't use it's CallbackInfo
[257月2026 13:11:45.376] [Render thread/DEBUG] [mixin/]: mixins.iris.json:MixinLevelRenderer from mod iris->@Inject::iris$beginWorldBorder(Lnet/minecraft/client/DeltaTracker;ZLnet/minecraft/client/Camera;Lnet/minecraft/client/renderer/GameRenderer;Lnet/minecraft/client/renderer/LightTexture;Lorg/joml/Matrix4f;Lorg/joml/Matrix4f;Lorg/spongepowered/asm/mixin/injection/callback/CallbackInfo;)V has 0 override(s) in child classes
[257月2026 13:11:45.376] [Render thread/DEBUG] [mixin/]: mixins.iris.json:MixinLevelRenderer from mod iris->@Inject::iris$beginWorldBorder(Lnet/minecraft/client/DeltaTracker;ZLnet/minecraft/client/Camera;Lnet/minecraft/client/renderer/GameRenderer;Lnet/minecraft/client/renderer/LightTexture;Lorg/joml/Matrix4f;Lorg/joml/Matrix4f;Lorg/spongepowered/asm/mixin/injection/callback/CallbackInfo;)V won't be passed a CallbackInfo as a result
[257月2026 13:11:45.376] [Render thread/DEBUG] [mixin/]: mixins.iris.json:MixinLevelRenderer from mod iris->@Inject::iris$beginWorldBorder(Lnet/minecraft/client/DeltaTracker;ZLnet/minecraft/client/Camera;Lnet/minecraft/client/renderer/GameRenderer;Lnet/minecraft/client/renderer/LightTexture;Lorg/joml/Matrix4f;Lorg/joml/Matrix4f;Lorg/spongepowered/asm/mixin/injection/callback/CallbackInfo;)V doesn't use it's CallbackInfo
[257月2026 13:11:45.376] [Render thread/DEBUG] [mixin/]: mixins.iris.json:MixinLevelRenderer from mod iris->@Inject::iris$beginWorldBorder(Lnet/minecraft/client/DeltaTracker;ZLnet/minecraft/client/Camera;Lnet/minecraft/client/renderer/GameRenderer;Lnet/minecraft/client/renderer/LightTexture;Lorg/joml/Matrix4f;Lorg/joml/Matrix4f;Lorg/spongepowered/asm/mixin/injection/callback/CallbackInfo;)V has 0 override(s) in child classes
[257月2026 13:11:45.376] [Render thread/DEBUG] [mixin/]: mixins.iris.json:MixinLevelRenderer from mod iris->@Inject::iris$beginWorldBorder(Lnet/minecraft/client/DeltaTracker;ZLnet/minecraft/client/Camera;Lnet/minecraft/client/renderer/GameRenderer;Lnet/minecraft/client/renderer/LightTexture;Lorg/joml/Matrix4f;Lorg/joml/Matrix4f;Lorg/spongepowered/asm/mixin/injection/callback/CallbackInfo;)V won't be passed a CallbackInfo as a result
[257月2026 13:11:45.376] [Render thread/DEBUG] [mixin/]: mixins.iris.json:MixinLevelRenderer from mod iris->@Inject::iris$endWorldBorder(Lnet/minecraft/client/DeltaTracker;ZLnet/minecraft/client/Camera;Lnet/minecraft/client/renderer/GameRenderer;Lnet/minecraft/client/renderer/LightTexture;Lorg/joml/Matrix4f;Lorg/joml/Matrix4f;Lorg/spongepowered/asm/mixin/injection/callback/CallbackInfo;)V doesn't use it's CallbackInfo
[257月2026 13:11:45.376] [Render thread/DEBUG] [mixin/]: mixins.iris.json:MixinLevelRenderer from mod iris->@Inject::iris$endWorldBorder(Lnet/minecraft/client/DeltaTracker;ZLnet/minecraft/client/Camera;Lnet/minecraft/client/renderer/GameRenderer;Lnet/minecraft/client/renderer/LightTexture;Lorg/joml/Matrix4f;Lorg/joml/Matrix4f;Lorg/spongepowered/asm/mixin/injection/callback/CallbackInfo;)V has 0 override(s) in child classes
[257月2026 13:11:45.376] [Render thread/DEBUG] [mixin/]: mixins.iris.json:MixinLevelRenderer from mod iris->@Inject::iris$endWorldBorder(Lnet/minecraft/client/DeltaTracker;ZLnet/minecraft/client/Camera;Lnet/minecraft/client/renderer/GameRenderer;Lnet/minecraft/client/renderer/LightTexture;Lorg/joml/Matrix4f;Lorg/joml/Matrix4f;Lorg/spongepowered/asm/mixin/injection/callback/CallbackInfo;)V won't be passed a CallbackInfo as a result
[257月2026 13:11:45.376] [Render thread/DEBUG] [mixin/]: mixins.iris.json:MixinLevelRenderer from mod iris->@Inject::iris$endWorldBorder(Lnet/minecraft/client/DeltaTracker;ZLnet/minecraft/client/Camera;Lnet/minecraft/client/renderer/GameRenderer;Lnet/minecraft/client/renderer/LightTexture;Lorg/joml/Matrix4f;Lorg/joml/Matrix4f;Lorg/spongepowered/asm/mixin/injection/callback/CallbackInfo;)V doesn't use it's CallbackInfo
[257月2026 13:11:45.376] [Render thread/DEBUG] [mixin/]: mixins.iris.json:MixinLevelRenderer from mod iris->@Inject::iris$endWorldBorder(Lnet/minecraft/client/DeltaTracker;ZLnet/minecraft/client/Camera;Lnet/minecraft/client/renderer/GameRenderer;Lnet/minecraft/client/renderer/LightTexture;Lorg/joml/Matrix4f;Lorg/joml/Matrix4f;Lorg/spongepowered/asm/mixin/injection/callback/CallbackInfo;)V has 0 override(s) in child classes
[257月2026 13:11:45.376] [Render thread/DEBUG] [mixin/]: mixins.iris.json:MixinLevelRenderer from mod iris->@Inject::iris$endWorldBorder(Lnet/minecraft/client/DeltaTracker;ZLnet/minecraft/client/Camera;Lnet/minecraft/client/renderer/GameRenderer;Lnet/minecraft/client/renderer/LightTexture;Lorg/joml/Matrix4f;Lorg/joml/Matrix4f;Lorg/spongepowered/asm/mixin/injection/callback/CallbackInfo;)V won't be passed a CallbackInfo as a result
[257月2026 13:11:45.376] [Render thread/DEBUG] [mixin/]: mixins.iris.json:MixinLevelRenderer from mod iris->@Inject::iris$setDebugRenderStage(Lnet/minecraft/client/DeltaTracker;ZLnet/minecraft/client/Camera;Lnet/minecraft/client/renderer/GameRenderer;Lnet/minecraft/client/renderer/LightTexture;Lorg/joml/Matrix4f;Lorg/joml/Matrix4f;Lorg/spongepowered/asm/mixin/injection/callback/CallbackInfo;)V doesn't use it's CallbackInfo
[257月2026 13:11:45.376] [Render thread/DEBUG] [mixin/]: mixins.iris.json:MixinLevelRenderer from mod iris->@Inject::iris$setDebugRenderStage(Lnet/minecraft/client/DeltaTracker;ZLnet/minecraft/client/Camera;Lnet/minecraft/client/renderer/GameRenderer;Lnet/minecraft/client/renderer/LightTexture;Lorg/joml/Matrix4f;Lorg/joml/Matrix4f;Lorg/spongepowered/asm/mixin/injection/callback/CallbackInfo;)V has 0 override(s) in child classes
[257月2026 13:11:45.376] [Render thread/DEBUG] [mixin/]: mixins.iris.json:MixinLevelRenderer from mod iris->@Inject::iris$setDebugRenderStage(Lnet/minecraft/client/DeltaTracker;ZLnet/minecraft/client/Camera;Lnet/minecraft/client/renderer/GameRenderer;Lnet/minecraft/client/renderer/LightTexture;Lorg/joml/Matrix4f;Lorg/joml/Matrix4f;Lorg/spongepowered/asm/mixin/injection/callback/CallbackInfo;)V won't be passed a CallbackInfo as a result
[257月2026 13:11:45.376] [Render thread/DEBUG] [mixin/]: mixins.iris.json:MixinLevelRenderer from mod iris->@Inject::iris$resetDebugRenderStage(Lnet/minecraft/client/DeltaTracker;ZLnet/minecraft/client/Camera;Lnet/minecraft/client/renderer/GameRenderer;Lnet/minecraft/client/renderer/LightTexture;Lorg/joml/Matrix4f;Lorg/joml/Matrix4f;Lorg/spongepowered/asm/mixin/injection/callback/CallbackInfo;)V doesn't use it's CallbackInfo
[257月2026 13:11:45.376] [Render thread/DEBUG] [mixin/]: mixins.iris.json:MixinLevelRenderer from mod iris->@Inject::iris$resetDebugRenderStage(Lnet/minecraft/client/DeltaTracker;ZLnet/minecraft/client/Camera;Lnet/minecraft/client/renderer/GameRenderer;Lnet/minecraft/client/renderer/LightTexture;Lorg/joml/Matrix4f;Lorg/joml/Matrix4f;Lorg/spongepowered/asm/mixin/injection/callback/CallbackInfo;)V has 0 override(s) in child classes
[257月2026 13:11:45.376] [Render thread/DEBUG] [mixin/]: mixins.iris.json:MixinLevelRenderer from mod iris->@Inject::iris$resetDebugRenderStage(Lnet/minecraft/client/DeltaTracker;ZLnet/minecraft/client/Camera;Lnet/minecraft/client/renderer/GameRenderer;Lnet/minecraft/client/renderer/LightTexture;Lorg/joml/Matrix4f;Lorg/joml/Matrix4f;Lorg/spongepowered/asm/mixin/injection/callback/CallbackInfo;)V won't be passed a CallbackInfo as a result
[257月2026 13:11:45.376] [Render thread/DEBUG] [mixin/]: mixins.iris.json:MixinLevelRenderer from mod iris->@Inject::iris$beginTranslucents(Lnet/minecraft/client/DeltaTracker;ZLnet/minecraft/client/Camera;Lnet/minecraft/client/renderer/GameRenderer;Lnet/minecraft/client/renderer/LightTexture;Lorg/joml/Matrix4f;Lorg/joml/Matrix4f;Lorg/spongepowered/asm/mixin/injection/callback/CallbackInfo;)V doesn't use it's CallbackInfo
[257月2026 13:11:45.376] [Render thread/DEBUG] [mixin/]: mixins.iris.json:MixinLevelRenderer from mod iris->@Inject::iris$beginTranslucents(Lnet/minecraft/client/DeltaTracker;ZLnet/minecraft/client/Camera;Lnet/minecraft/client/renderer/GameRenderer;Lnet/minecraft/client/renderer/LightTexture;Lorg/joml/Matrix4f;Lorg/joml/Matrix4f;Lorg/spongepowered/asm/mixin/injection/callback/CallbackInfo;)V has 0 override(s) in child classes
[257月2026 13:11:45.377] [Render thread/DEBUG] [mixin/]: mixins.iris.json:MixinLevelRenderer from mod iris->@Inject::iris$beginTranslucents(Lnet/minecraft/client/DeltaTracker;ZLnet/minecraft/client/Camera;Lnet/minecraft/client/renderer/GameRenderer;Lnet/minecraft/client/renderer/LightTexture;Lorg/joml/Matrix4f;Lorg/joml/Matrix4f;Lorg/spongepowered/asm/mixin/injection/callback/CallbackInfo;)V won't be passed a CallbackInfo as a result
[257月2026 13:11:45.377] [Render thread/DEBUG] [mixin/]: mixins.iris.json:MixinLevelRenderer from mod iris->@Inject::iris$beginTranslucents(Lnet/minecraft/client/DeltaTracker;ZLnet/minecraft/client/Camera;Lnet/minecraft/client/renderer/GameRenderer;Lnet/minecraft/client/renderer/LightTexture;Lorg/joml/Matrix4f;Lorg/joml/Matrix4f;Lorg/spongepowered/asm/mixin/injection/callback/CallbackInfo;)V doesn't use it's CallbackInfo
[257月2026 13:11:45.377] [Render thread/DEBUG] [mixin/]: mixins.iris.json:MixinLevelRenderer from mod iris->@Inject::iris$beginTranslucents(Lnet/minecraft/client/DeltaTracker;ZLnet/minecraft/client/Camera;Lnet/minecraft/client/renderer/GameRenderer;Lnet/minecraft/client/renderer/LightTexture;Lorg/joml/Matrix4f;Lorg/joml/Matrix4f;Lorg/spongepowered/asm/mixin/injection/callback/CallbackInfo;)V has 0 override(s) in child classes
[257月2026 13:11:45.377] [Render thread/DEBUG] [mixin/]: mixins.iris.json:MixinLevelRenderer from mod iris->@Inject::iris$beginTranslucents(Lnet/minecraft/client/DeltaTracker;ZLnet/minecraft/client/Camera;Lnet/minecraft/client/renderer/GameRenderer;Lnet/minecraft/client/renderer/LightTexture;Lorg/joml/Matrix4f;Lorg/joml/Matrix4f;Lorg/spongepowered/asm/mixin/injection/callback/CallbackInfo;)V won't be passed a CallbackInfo as a result
[257月2026 13:11:45.377] [Render thread/DEBUG] [mixin/]: mixins.iris.json:MixinLevelRenderer_Sky from mod iris->@Inject::preRenderSky(Lorg/joml/Matrix4f;Lorg/joml/Matrix4f;FLnet/minecraft/client/Camera;ZLjava/lang/Runnable;Lorg/spongepowered/asm/mixin/injection/callback/CallbackInfo;)V does use it's CallbackInfo
[257月2026 13:11:45.377] [Render thread/DEBUG] [mixin/]: mixins.iris.json:fabulous.MixinDisableFabulousGraphics from mod iris->@Inject::iris$disableFabulousGraphicsOnResourceReload(Lorg/spongepowered/asm/mixin/injection/callback/CallbackInfo;)V doesn't use it's CallbackInfo
[257月2026 13:11:45.377] [Render thread/DEBUG] [mixin/]: mixins.iris.json:fabulous.MixinDisableFabulousGraphics from mod iris->@Inject::iris$disableFabulousGraphicsOnResourceReload(Lorg/spongepowered/asm/mixin/injection/callback/CallbackInfo;)V has 0 override(s) in child classes
[257月2026 13:11:45.377] [Render thread/DEBUG] [mixin/]: mixins.iris.json:fabulous.MixinDisableFabulousGraphics from mod iris->@Inject::iris$disableFabulousGraphicsOnResourceReload(Lorg/spongepowered/asm/mixin/injection/callback/CallbackInfo;)V won't be passed a CallbackInfo as a result
[257月2026 13:11:45.377] [Render thread/DEBUG] [mixin/]: mixins.iris.json:fabulous.MixinDisableFabulousGraphics from mod iris->@Inject::iris$disableFabulousGraphicsOnLevelRendererReload(Lorg/spongepowered/asm/mixin/injection/callback/CallbackInfo;)V doesn't use it's CallbackInfo
[257月2026 13:11:45.377] [Render thread/DEBUG] [mixin/]: mixins.iris.json:fabulous.MixinDisableFabulousGraphics from mod iris->@Inject::iris$disableFabulousGraphicsOnLevelRendererReload(Lorg/spongepowered/asm/mixin/injection/callback/CallbackInfo;)V has 0 override(s) in child classes
[257月2026 13:11:45.377] [Render thread/DEBUG] [mixin/]: mixins.iris.json:fabulous.MixinDisableFabulousGraphics from mod iris->@Inject::iris$disableFabulousGraphicsOnLevelRendererReload(Lorg/spongepowered/asm/mixin/injection/callback/CallbackInfo;)V won't be passed a CallbackInfo as a result
[257月2026 13:11:45.377] [Render thread/DEBUG] [mixin/]: sodium-common.mixins.json:core.render.world.LevelRendererMixin from mod sodium->@Inject::init(Lnet/minecraft/client/Minecraft;Lnet/minecraft/client/renderer/entity/EntityRenderDispatcher;Lnet/minecraft/client/renderer/blockentity/BlockEntityRenderDispatcher;Lnet/minecraft/client/renderer/RenderBuffers;Lorg/spongepowered/asm/mixin/injection/callback/CallbackInfo;)V doesn't use it's CallbackInfo
[257月2026 13:11:45.377] [Render thread/DEBUG] [mixin/]: sodium-common.mixins.json:core.render.world.LevelRendererMixin from mod sodium->@Inject::init(Lnet/minecraft/client/Minecraft;Lnet/minecraft/client/renderer/entity/EntityRenderDispatcher;Lnet/minecraft/client/renderer/blockentity/BlockEntityRenderDispatcher;Lnet/minecraft/client/renderer/RenderBuffers;Lorg/spongepowered/asm/mixin/injection/callback/CallbackInfo;)V has 0 override(s) in child classes
[257月2026 13:11:45.377] [Render thread/DEBUG] [mixin/]: sodium-common.mixins.json:core.render.world.LevelRendererMixin from mod sodium->@Inject::init(Lnet/minecraft/client/Minecraft;Lnet/minecraft/client/renderer/entity/EntityRenderDispatcher;Lnet/minecraft/client/renderer/blockentity/BlockEntityRenderDispatcher;Lnet/minecraft/client/renderer/RenderBuffers;Lorg/spongepowered/asm/mixin/injection/callback/CallbackInfo;)V won't be passed a CallbackInfo as a result
[257月2026 13:11:45.377] [Render thread/DEBUG] [mixin/]: sodium-common.mixins.json:core.render.world.LevelRendererMixin from mod sodium->@Inject::onWorldChanged(Lnet/minecraft/client/multiplayer/ClientLevel;Lorg/spongepowered/asm/mixin/injection/callback/CallbackInfo;)V doesn't use it's CallbackInfo
[257月2026 13:11:45.377] [Render thread/DEBUG] [mixin/]: sodium-common.mixins.json:core.render.world.LevelRendererMixin from mod sodium->@Inject::onWorldChanged(Lnet/minecraft/client/multiplayer/ClientLevel;Lorg/spongepowered/asm/mixin/injection/callback/CallbackInfo;)V has 0 override(s) in child classes
[257月2026 13:11:45.377] [Render thread/DEBUG] [mixin/]: sodium-common.mixins.json:core.render.world.LevelRendererMixin from mod sodium->@Inject::onWorldChanged(Lnet/minecraft/client/multiplayer/ClientLevel;Lorg/spongepowered/asm/mixin/injection/callback/CallbackInfo;)V won't be passed a CallbackInfo as a result
[257月2026 13:11:45.377] [Render thread/DEBUG] [mixin/]: sodium-common.mixins.json:core.render.world.LevelRendererMixin from mod sodium->@Inject::onTerrainUpdateScheduled(Lorg/spongepowered/asm/mixin/injection/callback/CallbackInfo;)V doesn't use it's CallbackInfo
[257月2026 13:11:45.377] [Render thread/DEBUG] [mixin/]: sodium-common.mixins.json:core.render.world.LevelRendererMixin from mod sodium->@Inject::onTerrainUpdateScheduled(Lorg/spongepowered/asm/mixin/injection/callback/CallbackInfo;)V has 0 override(s) in child classes
[257月2026 13:11:45.377] [Render thread/DEBUG] [mixin/]: sodium-common.mixins.json:core.render.world.LevelRendererMixin from mod sodium->@Inject::onTerrainUpdateScheduled(Lorg/spongepowered/asm/mixin/injection/callback/CallbackInfo;)V won't be passed a CallbackInfo as a result
[257月2026 13:11:45.377] [Render thread/DEBUG] [mixin/]: sodium-common.mixins.json:core.render.world.LevelRendererMixin from mod sodium->@Inject::onReload(Lorg/spongepowered/asm/mixin/injection/callback/CallbackInfo;)V doesn't use it's CallbackInfo
[257月2026 13:11:45.377] [Render thread/DEBUG] [mixin/]: sodium-common.mixins.json:core.render.world.LevelRendererMixin from mod sodium->@Inject::onReload(Lorg/spongepowered/asm/mixin/injection/callback/CallbackInfo;)V has 0 override(s) in child classes
[257月2026 13:11:45.377] [Render thread/DEBUG] [mixin/]: sodium-common.mixins.json:core.render.world.LevelRendererMixin from mod sodium->@Inject::onReload(Lorg/spongepowered/asm/mixin/injection/callback/CallbackInfo;)V won't be passed a CallbackInfo as a result
[257月2026 13:11:45.377] [Render thread/DEBUG] [mixin/]: sodium-common.mixins.json:core.render.world.LevelRendererMixin from mod sodium->@Inject::onRenderBlockEntities(Lnet/minecraft/client/DeltaTracker;ZLnet/minecraft/client/Camera;Lnet/minecraft/client/renderer/GameRenderer;Lnet/minecraft/client/renderer/LightTexture;Lorg/joml/Matrix4f;Lorg/joml/Matrix4f;Lorg/spongepowered/asm/mixin/injection/callback/CallbackInfo;)V doesn't use it's CallbackInfo
[257月2026 13:11:45.377] [Render thread/DEBUG] [mixin/]: sodium-common.mixins.json:core.render.world.LevelRendererMixin from mod sodium->@Inject::onRenderBlockEntities(Lnet/minecraft/client/DeltaTracker;ZLnet/minecraft/client/Camera;Lnet/minecraft/client/renderer/GameRenderer;Lnet/minecraft/client/renderer/LightTexture;Lorg/joml/Matrix4f;Lorg/joml/Matrix4f;Lorg/spongepowered/asm/mixin/injection/callback/CallbackInfo;)V has 0 override(s) in child classes
[257月2026 13:11:45.377] [Render thread/DEBUG] [mixin/]: sodium-common.mixins.json:core.render.world.LevelRendererMixin from mod sodium->@Inject::onRenderBlockEntities(Lnet/minecraft/client/DeltaTracker;ZLnet/minecraft/client/Camera;Lnet/minecraft/client/renderer/GameRenderer;Lnet/minecraft/client/renderer/LightTexture;Lorg/joml/Matrix4f;Lorg/joml/Matrix4f;Lorg/spongepowered/asm/mixin/injection/callback/CallbackInfo;)V won't be passed a CallbackInfo as a result
[257月2026 13:11:45.384] [Render thread/DEBUG] [mixin/]: sodium-common.mixins.json:core.render.world.LevelRendererMixin from mod sodium->@Inject::replaceBlockEntityIteration(Ljava/util/function/Consumer;Lorg/spongepowered/asm/mixin/injection/callback/CallbackInfo;)V does use it's CallbackInfo
[257月2026 13:11:45.384] [Render thread/DEBUG] [mixin/]: sodium-common.mixins.json:features.render.gui.outlines.LevelRendererMixin from mod sodium->@Inject::drawBoxFast(Lcom/mojang/blaze3d/vertex/PoseStack;Lcom/mojang/blaze3d/vertex/VertexConsumer;DDDDDDFFFFFFFLorg/spongepowered/asm/mixin/injection/callback/CallbackInfo;)V does use it's CallbackInfo
[257月2026 13:11:45.384] [Render thread/DEBUG] [mixin/]: sodium-common.mixins.json:features.render.world.clouds.LevelRendererMixin from mod sodium->@Inject::renderClouds(Lcom/mojang/blaze3d/vertex/PoseStack;Lorg/joml/Matrix4f;Lorg/joml/Matrix4f;FDDDLorg/spongepowered/asm/mixin/injection/callback/CallbackInfo;)V does use it's CallbackInfo
[257月2026 13:11:45.384] [Render thread/DEBUG] [mixin/]: sodium-common.mixins.json:features.render.world.clouds.LevelRendererMixin from mod sodium->@Inject::onReload(Lnet/minecraft/server/packs/resources/ResourceManager;Lorg/spongepowered/asm/mixin/injection/callback/CallbackInfo;)V doesn't use it's CallbackInfo
[257月2026 13:11:45.384] [Render thread/DEBUG] [mixin/]: sodium-common.mixins.json:features.render.world.clouds.LevelRendererMixin from mod sodium->@Inject::onReload(Lnet/minecraft/server/packs/resources/ResourceManager;Lorg/spongepowered/asm/mixin/injection/callback/CallbackInfo;)V has 0 override(s) in child classes
[257月2026 13:11:45.384] [Render thread/DEBUG] [mixin/]: sodium-common.mixins.json:features.render.world.clouds.LevelRendererMixin from mod sodium->@Inject::onReload(Lnet/minecraft/server/packs/resources/ResourceManager;Lorg/spongepowered/asm/mixin/injection/callback/CallbackInfo;)V won't be passed a CallbackInfo as a result
[257月2026 13:11:45.384] [Render thread/DEBUG] [mixin/]: sodium-common.mixins.json:features.render.world.clouds.LevelRendererMixin from mod sodium->@Inject::onReload(Lorg/spongepowered/asm/mixin/injection/callback/CallbackInfo;)V doesn't use it's CallbackInfo
[257月2026 13:11:45.384] [Render thread/DEBUG] [mixin/]: sodium-common.mixins.json:features.render.world.clouds.LevelRendererMixin from mod sodium->@Inject::onReload(Lorg/spongepowered/asm/mixin/injection/callback/CallbackInfo;)V has 0 override(s) in child classes
[257月2026 13:11:45.384] [Render thread/DEBUG] [mixin/]: sodium-common.mixins.json:features.render.world.clouds.LevelRendererMixin from mod sodium->@Inject::onReload(Lorg/spongepowered/asm/mixin/injection/callback/CallbackInfo;)V won't be passed a CallbackInfo as a result
[257月2026 13:11:45.384] [Render thread/DEBUG] [mixin/]: sodium-common.mixins.json:features.render.world.clouds.LevelRendererMixin from mod sodium->@Inject::onClose(Lorg/spongepowered/asm/mixin/injection/callback/CallbackInfo;)V doesn't use it's CallbackInfo
[257月2026 13:11:45.384] [Render thread/DEBUG] [mixin/]: sodium-common.mixins.json:features.render.world.clouds.LevelRendererMixin from mod sodium->@Inject::onClose(Lorg/spongepowered/asm/mixin/injection/callback/CallbackInfo;)V has 0 override(s) in child classes
[257月2026 13:11:45.384] [Render thread/DEBUG] [mixin/]: sodium-common.mixins.json:features.render.world.clouds.LevelRendererMixin from mod sodium->@Inject::onClose(Lorg/spongepowered/asm/mixin/injection/callback/CallbackInfo;)V won't be passed a CallbackInfo as a result
[257月2026 13:11:45.384] [Render thread/DEBUG] [mixin/]: mixins.iris.json:shadows.MixinPreventRebuildNearInShadowPass from mod iris->@Inject::iris$preventRebuildNearInShadowPass(Lnet/minecraft/client/Camera;Lnet/minecraft/client/renderer/culling/Frustum;ZZLorg/spongepowered/asm/mixin/injection/callback/CallbackInfo;)V doesn't use it's CallbackInfo
[257月2026 13:11:45.384] [Render thread/DEBUG] [mixin/]: mixins.iris.json:shadows.MixinPreventRebuildNearInShadowPass from mod iris->@Inject::iris$preventRebuildNearInShadowPass(Lnet/minecraft/client/Camera;Lnet/minecraft/client/renderer/culling/Frustum;ZZLorg/spongepowered/asm/mixin/injection/callback/CallbackInfo;)V has 0 override(s) in child classes
[257月2026 13:11:45.384] [Render thread/DEBUG] [mixin/]: mixins.iris.json:shadows.MixinPreventRebuildNearInShadowPass from mod iris->@Inject::iris$preventRebuildNearInShadowPass(Lnet/minecraft/client/Camera;Lnet/minecraft/client/renderer/culling/Frustum;ZZLorg/spongepowered/asm/mixin/injection/callback/CallbackInfo;)V won't be passed a CallbackInfo as a result
[257月2026 13:11:45.394] [Render thread/DEBUG] [mixin/]: Mixing core.render.frustum.FrustumMixin from sodium-common.mixins.json into net.minecraft.client.renderer.culling.Frustum
[257月2026 13:11:45.402] [Render thread/DEBUG] [mixin/]: Mixing FontMixin from jade.mixins.json into net.minecraft.client.gui.Font
[257月2026 13:11:45.402] [Render thread/DEBUG] [mixin/]: jade.mixins.json:FontMixin from mod jade: Class version 65 required is higher than the class version supported by the current version of Mixin (JAVA_16 supports class version 60)
[257月2026 13:11:45.404] [Render thread/DEBUG] [mixin/]: jade.mixins.json:FontMixin from mod jade->@Inject::jade$renderChar(Lnet/minecraft/client/gui/font/glyphs/BakedGlyph;ZZFFFLorg/joml/Matrix4f;Lcom/mojang/blaze3d/vertex/VertexConsumer;FFFFILorg/spongepowered/asm/mixin/injection/callback/CallbackInfo;)V does use it's CallbackInfo
[257月2026 13:11:45.407] [Render thread/DEBUG] [mixin/]: Mixing core.model.colors.BlockColorsMixin from sodium-common.mixins.json into net.minecraft.client.color.block.BlockColors
[257月2026 13:11:45.410] [Render thread/DEBUG] [mixin/]: sodium-common.mixins.json:core.model.colors.BlockColorsMixin from mod sodium->@Inject::preRegisterColorProvider(Lnet/minecraft/client/color/block/BlockColor;[Lnet/minecraft/world/level/block/Block;Lorg/spongepowered/asm/mixin/injection/callback/CallbackInfo;)V doesn't use it's CallbackInfo
[257月2026 13:11:45.410] [Render thread/DEBUG] [mixin/]: sodium-common.mixins.json:core.model.colors.BlockColorsMixin from mod sodium->@Inject::preRegisterColorProvider(Lnet/minecraft/client/color/block/BlockColor;[Lnet/minecraft/world/level/block/Block;Lorg/spongepowered/asm/mixin/injection/callback/CallbackInfo;)V has 0 override(s) in child classes
[257月2026 13:11:45.410] [Render thread/DEBUG] [mixin/]: sodium-common.mixins.json:core.model.colors.BlockColorsMixin from mod sodium->@Inject::preRegisterColorProvider(Lnet/minecraft/client/color/block/BlockColor;[Lnet/minecraft/world/level/block/Block;Lorg/spongepowered/asm/mixin/injection/callback/CallbackInfo;)V won't be passed a CallbackInfo as a result
[257月2026 13:11:45.414] [Render thread/DEBUG] [mixin/]: Mixing platform.neoforge.ClientHooksMixin from sodium-neoforge.mixins.json into net.neoforged.neoforge.client.ClientHooks
[257月2026 13:11:45.424] [Render thread/ERROR] [net.neoforged.fml.ModLoader/]: Cowardly refusing to send event net.neoforged.neoforge.client.event.RegisterColorHandlersEvent$Block to a broken mod state
[257月2026 13:11:45.425] [Render thread/DEBUG] [mixin/]: Mixing core.model.colors.ItemColorsMixin from sodium-common.mixins.json into net.minecraft.client.color.item.ItemColors
[257月2026 13:11:45.426] [Render thread/DEBUG] [mixin/]: sodium-common.mixins.json:core.model.colors.ItemColorsMixin from mod sodium->@Inject::preRegisterColor(Lnet/minecraft/client/color/item/ItemColor;[Lnet/minecraft/world/level/ItemLike;Lorg/spongepowered/asm/mixin/injection/callback/CallbackInfo;)V doesn't use it's CallbackInfo
[257月2026 13:11:45.426] [Render thread/DEBUG] [mixin/]: sodium-common.mixins.json:core.model.colors.ItemColorsMixin from mod sodium->@Inject::preRegisterColor(Lnet/minecraft/client/color/item/ItemColor;[Lnet/minecraft/world/level/ItemLike;Lorg/spongepowered/asm/mixin/injection/callback/CallbackInfo;)V has 0 override(s) in child classes
[257月2026 13:11:45.426] [Render thread/DEBUG] [mixin/]: sodium-common.mixins.json:core.model.colors.ItemColorsMixin from mod sodium->@Inject::preRegisterColor(Lnet/minecraft/client/color/item/ItemColor;[Lnet/minecraft/world/level/ItemLike;Lorg/spongepowered/asm/mixin/injection/callback/CallbackInfo;)V won't be passed a CallbackInfo as a result
[257月2026 13:11:45.427] [Render thread/ERROR] [net.neoforged.fml.ModLoader/]: Cowardly refusing to send event net.neoforged.neoforge.client.event.RegisterColorHandlersEvent$Item to a broken mod state
[257月2026 13:11:45.428] [Render thread/DEBUG] [mixin/]: Mixing MixinSheets from iris-batched-entity-rendering.mixins.json into net.minecraft.client.renderer.Sheets
[257月2026 13:11:45.428] [Render thread/DEBUG] [mixin/]: iris-batched-entity-rendering.mixins.json:MixinSheets from mod iris: Class version 65 required is higher than the class version supported by the current version of Mixin (JAVA_8 supports class version 52)
[257月2026 13:11:45.429] [Render thread/DEBUG] [mixin/]: iris-batched-entity-rendering.mixins.json:MixinSheets from mod iris->@Inject::setSheet(Lorg/spongepowered/asm/mixin/injection/callback/CallbackInfo;)V doesn't use it's CallbackInfo
[257月2026 13:11:45.433] [Render thread/ERROR] [net.neoforged.fml.ModLoader/]: Cowardly refusing to send event net.neoforged.neoforge.client.event.RegisterMaterialAtlasesEvent to a broken mod state
[257月2026 13:11:45.434] [Render thread/DEBUG] [mixin/]: Mixing entity_render_context.MixinBlockEntityRenderDispatcher from mixins.iris.json into net.minecraft.client.renderer.blockentity.BlockEntityRenderDispatcher
[257月2026 13:11:45.434] [Render thread/DEBUG] [mixin/]: mixins.iris.json:entity_render_context.MixinBlockEntityRenderDispatcher from mod iris: Class version 65 required is higher than the class version supported by the current version of Mixin (JAVA_8 supports class version 52)
[257月2026 13:11:45.434] [Render thread/DEBUG] [mixin/]: Renaming synthetic method lambda$iris$wrapBufferSource$0(Lnet/minecraft/client/renderer/RenderType;)Lnet/minecraft/client/renderer/RenderType; to md334d03$iris$lambda$iris$wrapBufferSource$0$0 in mixins.iris.json:entity_render_context.MixinBlockEntityRenderDispatcher from mod iris
[257月2026 13:11:45.435] [Render thread/DEBUG] [mixin/]: mixins.iris.json:entity_render_context.MixinBlockEntityRenderDispatcher from mod iris->@Inject::iris$afterRender(Lnet/minecraft/world/level/block/entity/BlockEntity;FLcom/mojang/blaze3d/vertex/PoseStack;Lnet/minecraft/client/renderer/MultiBufferSource;Lorg/spongepowered/asm/mixin/injection/callback/CallbackInfo;)V doesn't use it's CallbackInfo
[257月2026 13:11:45.435] [Render thread/DEBUG] [mixin/]: mixins.iris.json:entity_render_context.MixinBlockEntityRenderDispatcher from mod iris->@Inject::iris$afterRender(Lnet/minecraft/world/level/block/entity/BlockEntity;FLcom/mojang/blaze3d/vertex/PoseStack;Lnet/minecraft/client/renderer/MultiBufferSource;Lorg/spongepowered/asm/mixin/injection/callback/CallbackInfo;)V has 0 override(s) in child classes
[257月2026 13:11:45.435] [Render thread/DEBUG] [mixin/]: mixins.iris.json:entity_render_context.MixinBlockEntityRenderDispatcher from mod iris->@Inject::iris$afterRender(Lnet/minecraft/world/level/block/entity/BlockEntity;FLcom/mojang/blaze3d/vertex/PoseStack;Lnet/minecraft/client/renderer/MultiBufferSource;Lorg/spongepowered/asm/mixin/injection/callback/CallbackInfo;)V won't be passed a CallbackInfo as a result
[257月2026 13:11:45.437] [Render thread/DEBUG] [mixin/]: Mixing MixinEntityRenderDispatcher from mixins.iris.json into net.minecraft.client.renderer.entity.EntityRenderDispatcher
[257月2026 13:11:45.437] [Render thread/DEBUG] [mixin/]: mixins.iris.json:MixinEntityRenderDispatcher from mod iris: Class version 65 required is higher than the class version supported by the current version of Mixin (JAVA_8 supports class version 52)
[257月2026 13:11:45.438] [Render thread/DEBUG] [mixin/]: Mixing entity_render_context.MixinEntityRenderDispatcher from mixins.iris.json into net.minecraft.client.renderer.entity.EntityRenderDispatcher
[257月2026 13:11:45.438] [Render thread/DEBUG] [mixin/]: mixins.iris.json:entity_render_context.MixinEntityRenderDispatcher from mod iris: Class version 65 required is higher than the class version supported by the current version of Mixin (JAVA_8 supports class version 52)
[257月2026 13:11:45.438] [Render thread/DEBUG] [mixin/]: Renaming synthetic method lambda$iris$beginEntityRender$2(Lnet/minecraft/client/renderer/RenderType;)Lnet/minecraft/client/renderer/RenderType; to md334d03$iris$lambda$iris$beginEntityRender$2$0 in mixins.iris.json:entity_render_context.MixinEntityRenderDispatcher from mod iris
[257月2026 13:11:45.438] [Render thread/DEBUG] [mixin/]: Renaming synthetic method lambda$iris$beginEntityRender$1(Lnet/minecraft/world/entity/Entity;Ljava/lang/Object;)Lnet/irisshaders/iris/shaderpack/materialmap/NamespacedId; to md334d03$iris$lambda$iris$beginEntityRender$1$1 in mixins.iris.json:entity_render_context.MixinEntityRenderDispatcher from mod iris
[257月2026 13:11:45.438] [Render thread/DEBUG] [mixin/]: Renaming synthetic method lambda$iris$beginEntityRender$0(Lnet/minecraft/world/entity/Entity;Ljava/lang/Object;)Lnet/irisshaders/iris/shaderpack/materialmap/NamespacedId; to md334d03$iris$lambda$iris$beginEntityRender$0$2 in mixins.iris.json:entity_render_context.MixinEntityRenderDispatcher from mod iris
[257月2026 13:11:45.440] [Render thread/DEBUG] [mixin/]: Mixing features.render.entity.shadows.EntityRenderDispatcherMixin from sodium-common.mixins.json into net.minecraft.client.renderer.entity.EntityRenderDispatcher
[257月2026 13:11:45.451] [Render thread/DEBUG] [mixin/]: mixins.iris.json:MixinEntityRenderDispatcher from mod iris->@Inject::iris$maybeSuppressEntityShadow(Lcom/mojang/blaze3d/vertex/PoseStack;Lnet/minecraft/client/renderer/MultiBufferSource;Lnet/minecraft/world/entity/Entity;FFLnet/minecraft/world/level/LevelReader;FLorg/spongepowered/asm/mixin/injection/callback/CallbackInfo;)V does use it's CallbackInfo
[257月2026 13:11:45.451] [Render thread/DEBUG] [mixin/]: mixins.iris.json:MixinEntityRenderDispatcher from mod iris->@Inject::restoreShadow(Lcom/mojang/blaze3d/vertex/PoseStack;Lnet/minecraft/client/renderer/MultiBufferSource;Lnet/minecraft/world/entity/Entity;FFLnet/minecraft/world/level/LevelReader;FLorg/spongepowered/asm/mixin/injection/callback/CallbackInfo;)V doesn't use it's CallbackInfo
[257月2026 13:11:45.451] [Render thread/DEBUG] [mixin/]: mixins.iris.json:MixinEntityRenderDispatcher from mod iris->@Inject::renderBlockShadow(Lcom/mojang/blaze3d/vertex/PoseStack$Pose;Lcom/mojang/blaze3d/vertex/VertexConsumer;Lnet/minecraft/world/level/chunk/ChunkAccess;Lnet/minecraft/world/level/LevelReader;Lnet/minecraft/core/BlockPos;DDDFFLorg/spongepowered/asm/mixin/injection/callback/CallbackInfo;)V does use it's CallbackInfo
[257月2026 13:11:45.451] [Render thread/DEBUG] [mixin/]: mixins.iris.json:MixinEntityRenderDispatcher from mod iris->@Inject::iris$setFlameId(Lcom/mojang/blaze3d/vertex/PoseStack;Lnet/minecraft/client/renderer/MultiBufferSource;Lnet/minecraft/world/entity/Entity;Lorg/joml/Quaternionf;Lorg/spongepowered/asm/mixin/injection/callback/CallbackInfo;)V doesn't use it's CallbackInfo
[257月2026 13:11:45.451] [Render thread/DEBUG] [mixin/]: mixins.iris.json:MixinEntityRenderDispatcher from mod iris->@Inject::iris$setFlameId(Lcom/mojang/blaze3d/vertex/PoseStack;Lnet/minecraft/client/renderer/MultiBufferSource;Lnet/minecraft/world/entity/Entity;Lorg/joml/Quaternionf;Lorg/spongepowered/asm/mixin/injection/callback/CallbackInfo;)V has 0 override(s) in child classes
[257月2026 13:11:45.451] [Render thread/DEBUG] [mixin/]: mixins.iris.json:MixinEntityRenderDispatcher from mod iris->@Inject::iris$setFlameId(Lcom/mojang/blaze3d/vertex/PoseStack;Lnet/minecraft/client/renderer/MultiBufferSource;Lnet/minecraft/world/entity/Entity;Lorg/joml/Quaternionf;Lorg/spongepowered/asm/mixin/injection/callback/CallbackInfo;)V won't be passed a CallbackInfo as a result
[257月2026 13:11:45.451] [Render thread/DEBUG] [mixin/]: mixins.iris.json:MixinEntityRenderDispatcher from mod iris->@Inject::restoreFlameId(Lcom/mojang/blaze3d/vertex/PoseStack;Lnet/minecraft/client/renderer/MultiBufferSource;Lnet/minecraft/world/entity/Entity;Lorg/joml/Quaternionf;Lorg/spongepowered/asm/mixin/injection/callback/CallbackInfo;)V doesn't use it's CallbackInfo
[257月2026 13:11:45.452] [Render thread/DEBUG] [mixin/]: mixins.iris.json:MixinEntityRenderDispatcher from mod iris->@Inject::restoreFlameId(Lcom/mojang/blaze3d/vertex/PoseStack;Lnet/minecraft/client/renderer/MultiBufferSource;Lnet/minecraft/world/entity/Entity;Lorg/joml/Quaternionf;Lorg/spongepowered/asm/mixin/injection/callback/CallbackInfo;)V has 0 override(s) in child classes
[257月2026 13:11:45.452] [Render thread/DEBUG] [mixin/]: mixins.iris.json:MixinEntityRenderDispatcher from mod iris->@Inject::restoreFlameId(Lcom/mojang/blaze3d/vertex/PoseStack;Lnet/minecraft/client/renderer/MultiBufferSource;Lnet/minecraft/world/entity/Entity;Lorg/joml/Quaternionf;Lorg/spongepowered/asm/mixin/injection/callback/CallbackInfo;)V won't be passed a CallbackInfo as a result
[257月2026 13:11:45.452] [Render thread/DEBUG] [mixin/]: mixins.iris.json:entity_render_context.MixinEntityRenderDispatcher from mod iris->@Inject::iris$endEntityRender(Lnet/minecraft/world/entity/Entity;DDDFFLcom/mojang/blaze3d/vertex/PoseStack;Lnet/minecraft/client/renderer/MultiBufferSource;ILorg/spongepowered/asm/mixin/injection/callback/CallbackInfo;)V doesn't use it's CallbackInfo
[257月2026 13:11:45.452] [Render thread/DEBUG] [mixin/]: mixins.iris.json:entity_render_context.MixinEntityRenderDispatcher from mod iris->@Inject::iris$endEntityRender(Lnet/minecraft/world/entity/Entity;DDDFFLcom/mojang/blaze3d/vertex/PoseStack;Lnet/minecraft/client/renderer/MultiBufferSource;ILorg/spongepowered/asm/mixin/injection/callback/CallbackInfo;)V has 0 override(s) in child classes
[257月2026 13:11:45.452] [Render thread/DEBUG] [mixin/]: mixins.iris.json:entity_render_context.MixinEntityRenderDispatcher from mod iris->@Inject::iris$endEntityRender(Lnet/minecraft/world/entity/Entity;DDDFFLcom/mojang/blaze3d/vertex/PoseStack;Lnet/minecraft/client/renderer/MultiBufferSource;ILorg/spongepowered/asm/mixin/injection/callback/CallbackInfo;)V won't be passed a CallbackInfo as a result
[257月2026 13:11:45.452] [Render thread/DEBUG] [mixin/]: sodium-common.mixins.json:features.render.entity.shadows.EntityRenderDispatcherMixin from mod sodium->@Inject::renderShadowPartFast(Lcom/mojang/blaze3d/vertex/PoseStack$Pose;Lcom/mojang/blaze3d/vertex/VertexConsumer;Lnet/minecraft/world/level/chunk/ChunkAccess;Lnet/minecraft/world/level/LevelReader;Lnet/minecraft/core/BlockPos;DDDFFLorg/spongepowered/asm/mixin/injection/callback/CallbackInfo;)V does use it's CallbackInfo
[257月2026 13:11:45.457] [Render thread/DEBUG] [mixin/]: Mixing MixinRenderBuffers from iris-batched-entity-rendering.mixins.json into net.minecraft.client.renderer.RenderBuffers
[257月2026 13:11:45.457] [Render thread/DEBUG] [mixin/]: iris-batched-entity-rendering.mixins.json:MixinRenderBuffers from mod iris: Class version 65 required is higher than the class version supported by the current version of Mixin (JAVA_8 supports class version 52)
[257月2026 13:11:45.458] [Render thread/DEBUG] [mixin/]: Renaming synthetic method lambda$freeAndDeleteBuffers$1(Lnet/minecraft/client/renderer/RenderType;Lcom/mojang/blaze3d/vertex/ByteBufferBuilder;)V to md334d03$iris$lambda$freeAndDeleteBuffers$1$0 in iris-batched-entity-rendering.mixins.json:MixinRenderBuffers from mod iris
[257月2026 13:11:45.458] [Render thread/DEBUG] [mixin/]: Renaming synthetic method lambda$freeAndDeleteBuffers$0(Lcom/mojang/blaze3d/vertex/ByteBufferBuilder;)V to md334d03$iris$lambda$freeAndDeleteBuffers$0$1 in iris-batched-entity-rendering.mixins.json:MixinRenderBuffers from mod iris
[257月2026 13:11:45.458] [Render thread/DEBUG] [mixin/]: Renaming @Unique field outlineBufferSourceLnet/minecraft/client/renderer/OutlineBufferSource; to fd334d03$iris$outlineBufferSource$0 in iris-batched-entity-rendering.mixins.json:MixinRenderBuffers from mod iris
[257月2026 13:11:45.458] [Render thread/DEBUG] [mixin/]: Mixing core.render.world.RenderBuffersMixin from sodium-common.mixins.json into net.minecraft.client.renderer.RenderBuffers
[257月2026 13:11:45.460] [Render thread/DEBUG] [mixin/]: iris-batched-entity-rendering.mixins.json:MixinRenderBuffers from mod iris->@Inject::batchedentityrendering$replaceBufferSource(Lorg/spongepowered/asm/mixin/injection/callback/CallbackInfoReturnable;)V does use it's CallbackInfoReturnable
[257月2026 13:11:45.460] [Render thread/DEBUG] [mixin/]: iris-batched-entity-rendering.mixins.json:MixinRenderBuffers from mod iris->@Inject::batchedentityrendering$replaceCrumblingBufferSource(Lorg/spongepowered/asm/mixin/injection/callback/CallbackInfoReturnable;)V does use it's CallbackInfoReturnable
[257月2026 13:11:45.460] [Render thread/DEBUG] [mixin/]: iris-batched-entity-rendering.mixins.json:MixinRenderBuffers from mod iris->@Inject::batchedentityrendering$replaceOutlineBufferSource(Lorg/spongepowered/asm/mixin/injection/callback/CallbackInfoReturnable;)V does use it's CallbackInfoReturnable
[257月2026 13:11:45.461] [Render thread/DEBUG] [mixin/]: Mixing immediate.MixinBufferSource from mixins.iris.vertexformat.json into net.minecraft.client.renderer.MultiBufferSource$BufferSource
[257月2026 13:11:45.461] [Render thread/DEBUG] [mixin/]: mixins.iris.vertexformat.json:immediate.MixinBufferSource from mod iris: Class version 65 required is higher than the class version supported by the current version of Mixin (JAVA_8 supports class version 52)
[257月2026 13:11:45.461] [Render thread/DEBUG] [mixin/]: Mixing BufferSourceAccessor from iris-batched-entity-rendering.mixins.json into net.minecraft.client.renderer.MultiBufferSource$BufferSource
[257月2026 13:11:45.461] [Render thread/DEBUG] [mixin/]: iris-batched-entity-rendering.mixins.json:BufferSourceAccessor from mod iris: Class version 65 required is higher than the class version supported by the current version of Mixin (JAVA_8 supports class version 52)
[257月2026 13:11:45.461] [Render thread/DEBUG] [mixin/]: Mixing MixinBufferSource from iris-batched-entity-rendering.mixins.json into net.minecraft.client.renderer.MultiBufferSource$BufferSource
[257月2026 13:11:45.461] [Render thread/DEBUG] [mixin/]: iris-batched-entity-rendering.mixins.json:MixinBufferSource from mod iris: Class version 65 required is higher than the class version supported by the current version of Mixin (JAVA_8 supports class version 52)
[257月2026 13:11:45.461] [Render thread/DEBUG] [mixin/]: Mixing features.render.immediate.buffer_builder.sorting.MultiBufferSourceMixin from sodium-common.mixins.json into net.minecraft.client.renderer.MultiBufferSource$BufferSource
[257月2026 13:11:45.465] [Render thread/DEBUG] [mixin/]: mixins.iris.vertexformat.json:immediate.MixinBufferSource from mod iris->@Inject::iris$beforeFlushBuffer(Lnet/minecraft/client/renderer/RenderType;Lcom/mojang/blaze3d/vertex/BufferBuilder;Lorg/spongepowered/asm/mixin/injection/callback/CallbackInfo;)V doesn't use it's CallbackInfo
[257月2026 13:11:45.465] [Render thread/DEBUG] [mixin/]: mixins.iris.vertexformat.json:immediate.MixinBufferSource from mod iris->@Inject::iris$beforeFlushBuffer(Lnet/minecraft/client/renderer/RenderType;Lcom/mojang/blaze3d/vertex/BufferBuilder;Lorg/spongepowered/asm/mixin/injection/callback/CallbackInfo;)V has 0 override(s) in child classes
[257月2026 13:11:45.465] [Render thread/DEBUG] [mixin/]: mixins.iris.vertexformat.json:immediate.MixinBufferSource from mod iris->@Inject::iris$beforeFlushBuffer(Lnet/minecraft/client/renderer/RenderType;Lcom/mojang/blaze3d/vertex/BufferBuilder;Lorg/spongepowered/asm/mixin/injection/callback/CallbackInfo;)V won't be passed a CallbackInfo as a result
[257月2026 13:11:45.465] [Render thread/DEBUG] [mixin/]: mixins.iris.vertexformat.json:immediate.MixinBufferSource from mod iris->@Inject::iris$afterFlushBuffer(Lnet/minecraft/client/renderer/RenderType;Lcom/mojang/blaze3d/vertex/BufferBuilder;Lorg/spongepowered/asm/mixin/injection/callback/CallbackInfo;)V doesn't use it's CallbackInfo
[257月2026 13:11:45.465] [Render thread/DEBUG] [mixin/]: mixins.iris.vertexformat.json:immediate.MixinBufferSource from mod iris->@Inject::iris$afterFlushBuffer(Lnet/minecraft/client/renderer/RenderType;Lcom/mojang/blaze3d/vertex/BufferBuilder;Lorg/spongepowered/asm/mixin/injection/callback/CallbackInfo;)V has 0 override(s) in child classes
[257月2026 13:11:45.465] [Render thread/DEBUG] [mixin/]: mixins.iris.vertexformat.json:immediate.MixinBufferSource from mod iris->@Inject::iris$afterFlushBuffer(Lnet/minecraft/client/renderer/RenderType;Lcom/mojang/blaze3d/vertex/BufferBuilder;Lorg/spongepowered/asm/mixin/injection/callback/CallbackInfo;)V won't be passed a CallbackInfo as a result
[257月2026 13:11:45.467] [Render thread/DEBUG] [mixin/]: Mixing SectionBufferBuilderPackAccessor from iris-batched-entity-rendering.mixins.json into net.minecraft.client.renderer.SectionBufferBuilderPack
[257月2026 13:11:45.467] [Render thread/DEBUG] [mixin/]: iris-batched-entity-rendering.mixins.json:SectionBufferBuilderPackAccessor from mod iris: Class version 65 required is higher than the class version supported by the current version of Mixin (JAVA_8 supports class version 52)
[257月2026 13:11:45.472] [Render thread/DEBUG] [mixin/]: Mixing texture.AnimationMetadataSectionAccessor from mixins.iris.json into net.minecraft.client.resources.metadata.animation.AnimationMetadataSection
[257月2026 13:11:45.472] [Render thread/DEBUG] [mixin/]: mixins.iris.json:texture.AnimationMetadataSectionAccessor from mod iris: Class version 65 required is higher than the class version supported by the current version of Mixin (JAVA_8 supports class version 52)
[257月2026 13:11:45.474] [Render thread/DEBUG] [mixin/]: Mixing client.BakedModelMixin from fabric-renderer-api-v1.mixins.json into net.minecraft.client.resources.model.BakedModel
[257月2026 13:11:45.474] [Render thread/DEBUG] [mixin/]: Mixing features.render.frapi.BakedModelMixin from sodium-common.mixins.json into net.minecraft.client.resources.model.BakedModel
[257月2026 13:11:45.480] [Render thread/ERROR] [net.neoforged.fml.ModLoader/]: Cowardly refusing to send event net.neoforged.neoforge.client.event.RegisterRenderBuffersEvent to a broken mod state
[257月2026 13:11:45.481] [Render thread/DEBUG] [mixin/]: Mixing OutlineBufferSourceAccessor from iris-batched-entity-rendering.mixins.json into net.minecraft.client.renderer.OutlineBufferSource
[257月2026 13:11:45.481] [Render thread/DEBUG] [mixin/]: iris-batched-entity-rendering.mixins.json:OutlineBufferSourceAccessor from mod iris: Class version 65 required is higher than the class version supported by the current version of Mixin (JAVA_8 supports class version 52)
[257月2026 13:11:45.483] [Render thread/DEBUG] [mixin/]: Mixing features.render.frapi.ModelBlockRendererMixin from sodium-common.mixins.json into net.minecraft.client.renderer.block.ModelBlockRenderer
[257月2026 13:11:45.483] [Render thread/DEBUG] [mixin/]: Renaming synthetic method lambda$new$0()Lnet/caffeinemc/mods/sodium/client/render/frapi/render/NonTerrainBlockRenderContext; to md334d03$sodium$lambda$new$0$0 in sodium-common.mixins.json:features.render.frapi.ModelBlockRendererMixin from mod sodium
[257月2026 13:11:45.484] [Render thread/DEBUG] [mixin/]: Mixing features.textures.animations.tracking.ModelBlockRendererMixin from sodium-common.mixins.json into net.minecraft.client.renderer.block.ModelBlockRenderer
[257月2026 13:11:45.484] [Render thread/DEBUG] [mixin/]: Mixing features.render.model.block.ModelBlockRendererMixin from sodium-neoforge.mixins.json into net.minecraft.client.renderer.block.ModelBlockRenderer
[257月2026 13:11:45.486] [Render thread/DEBUG] [mixin/]: sodium-common.mixins.json:features.render.frapi.ModelBlockRendererMixin from mod sodium->@Inject::onRender(Lnet/minecraft/world/level/BlockAndTintGetter;Lnet/minecraft/client/resources/model/BakedModel;Lnet/minecraft/world/level/block/state/BlockState;Lnet/minecraft/core/BlockPos;Lcom/mojang/blaze3d/vertex/PoseStack;Lcom/mojang/blaze3d/vertex/VertexConsumer;ZLnet/minecraft/util/RandomSource;JILorg/spongepowered/asm/mixin/injection/callback/CallbackInfo;)V does use it's CallbackInfo
[257月2026 13:11:45.486] [Render thread/DEBUG] [mixin/]: sodium-common.mixins.json:features.textures.animations.tracking.ModelBlockRendererMixin from mod sodium->@Inject::preRenderQuad(Lnet/minecraft/world/level/BlockAndTintGetter;Lnet/minecraft/world/level/block/state/BlockState;Lnet/minecraft/core/BlockPos;Lcom/mojang/blaze3d/vertex/VertexConsumer;Lcom/mojang/blaze3d/vertex/PoseStack$Pose;Lnet/minecraft/client/renderer/block/model/BakedQuad;FFFFIIIIILorg/spongepowered/asm/mixin/injection/callback/CallbackInfo;)V doesn't use it's CallbackInfo
[257月2026 13:11:45.486] [Render thread/DEBUG] [mixin/]: sodium-common.mixins.json:features.textures.animations.tracking.ModelBlockRendererMixin from mod sodium->@Inject::preRenderQuad(Lnet/minecraft/world/level/BlockAndTintGetter;Lnet/minecraft/world/level/block/state/BlockState;Lnet/minecraft/core/BlockPos;Lcom/mojang/blaze3d/vertex/VertexConsumer;Lcom/mojang/blaze3d/vertex/PoseStack$Pose;Lnet/minecraft/client/renderer/block/model/BakedQuad;FFFFIIIIILorg/spongepowered/asm/mixin/injection/callback/CallbackInfo;)V has 0 override(s) in child classes
[257月2026 13:11:45.486] [Render thread/DEBUG] [mixin/]: sodium-common.mixins.json:features.textures.animations.tracking.ModelBlockRendererMixin from mod sodium->@Inject::preRenderQuad(Lnet/minecraft/world/level/BlockAndTintGetter;Lnet/minecraft/world/level/block/state/BlockState;Lnet/minecraft/core/BlockPos;Lcom/mojang/blaze3d/vertex/VertexConsumer;Lcom/mojang/blaze3d/vertex/PoseStack$Pose;Lnet/minecraft/client/renderer/block/model/BakedQuad;FFFFIIIIILorg/spongepowered/asm/mixin/injection/callback/CallbackInfo;)V won't be passed a CallbackInfo as a result
[257月2026 13:11:45.486] [Render thread/DEBUG] [mixin/]: sodium-neoforge.mixins.json:features.render.model.block.ModelBlockRendererMixin from mod sodium->@Inject::renderFast(Lcom/mojang/blaze3d/vertex/PoseStack$Pose;Lcom/mojang/blaze3d/vertex/VertexConsumer;Lnet/minecraft/world/level/block/state/BlockState;Lnet/minecraft/client/resources/model/BakedModel;FFFIILnet/neoforged/neoforge/client/model/data/ModelData;Lnet/minecraft/client/renderer/RenderType;Lorg/spongepowered/asm/mixin/injection/callback/CallbackInfo;)V does use it's CallbackInfo
[257月2026 13:11:45.492] [Render thread/DEBUG] [mixin/]: Mixing MixinAbstractBlockRenderContext from mixins.iris.compat.sodium.json into net.caffeinemc.mods.sodium.client.render.frapi.render.AbstractBlockRenderContext
[257月2026 13:11:45.492] [Render thread/DEBUG] [mixin/]: mixins.iris.compat.sodium.json:MixinAbstractBlockRenderContext from mod iris: Class version 65 required is higher than the class version supported by the current version of Mixin (JAVA_8 supports class version 52)
[257月2026 13:11:45.492] [Render thread/DEBUG] [mixin/]: Mixing platform.neoforge.AbstractBlockRenderContextMixin from sodium-neoforge.mixins.json into net.caffeinemc.mods.sodium.client.render.frapi.render.AbstractBlockRenderContext
[257月2026 13:11:45.494] [Render thread/DEBUG] [mixin/]: mixins.iris.compat.sodium.json:MixinAbstractBlockRenderContext from mod iris->@Inject::checkDirectionNeo(Lnet/minecraft/client/resources/model/BakedModel;Lnet/minecraft/world/level/block/state/BlockState;Lorg/spongepowered/asm/mixin/injection/callback/CallbackInfo;)V doesn't use it's CallbackInfo
[257月2026 13:11:45.494] [Render thread/DEBUG] [mixin/]: mixins.iris.compat.sodium.json:MixinAbstractBlockRenderContext from mod iris->@Inject::checkDirectionNeo(Lnet/minecraft/client/resources/model/BakedModel;Lnet/minecraft/world/level/block/state/BlockState;Lorg/spongepowered/asm/mixin/injection/callback/CallbackInfo;)V has 0 override(s) in child classes
[257月2026 13:11:45.494] [Render thread/DEBUG] [mixin/]: mixins.iris.compat.sodium.json:MixinAbstractBlockRenderContext from mod iris->@Inject::checkDirectionNeo(Lnet/minecraft/client/resources/model/BakedModel;Lnet/minecraft/world/level/block/state/BlockState;Lorg/spongepowered/asm/mixin/injection/callback/CallbackInfo;)V won't be passed a CallbackInfo as a result
[257月2026 13:11:45.494] [Render thread/DEBUG] [mixin/]: mixins.iris.compat.sodium.json:MixinAbstractBlockRenderContext from mod iris->@Inject::checkDirectionNeo(Lnet/minecraft/client/resources/model/BakedModel;Lnet/minecraft/world/level/block/state/BlockState;Lorg/spongepowered/asm/mixin/injection/callback/CallbackInfo;)V doesn't use it's CallbackInfo
[257月2026 13:11:45.494] [Render thread/DEBUG] [mixin/]: mixins.iris.compat.sodium.json:MixinAbstractBlockRenderContext from mod iris->@Inject::checkDirectionNeo(Lnet/minecraft/client/resources/model/BakedModel;Lnet/minecraft/world/level/block/state/BlockState;Lorg/spongepowered/asm/mixin/injection/callback/CallbackInfo;)V has 0 override(s) in child classes
[257月2026 13:11:45.494] [Render thread/DEBUG] [mixin/]: mixins.iris.compat.sodium.json:MixinAbstractBlockRenderContext from mod iris->@Inject::checkDirectionNeo(Lnet/minecraft/client/resources/model/BakedModel;Lnet/minecraft/world/level/block/state/BlockState;Lorg/spongepowered/asm/mixin/injection/callback/CallbackInfo;)V won't be passed a CallbackInfo as a result
[257月2026 13:11:45.494] [Render thread/DEBUG] [mixin/]: mixins.iris.compat.sodium.json:MixinAbstractBlockRenderContext from mod iris->@Inject::checkDirectionNeo(Lnet/minecraft/client/resources/model/BakedModel;Lnet/minecraft/world/level/block/state/BlockState;Lorg/spongepowered/asm/mixin/injection/callback/CallbackInfo;)V doesn't use it's CallbackInfo
[257月2026 13:11:45.494] [Render thread/DEBUG] [mixin/]: mixins.iris.compat.sodium.json:MixinAbstractBlockRenderContext from mod iris->@Inject::checkDirectionNeo(Lnet/minecraft/client/resources/model/BakedModel;Lnet/minecraft/world/level/block/state/BlockState;Lorg/spongepowered/asm/mixin/injection/callback/CallbackInfo;)V has 0 override(s) in child classes
[257月2026 13:11:45.494] [Render thread/DEBUG] [mixin/]: mixins.iris.compat.sodium.json:MixinAbstractBlockRenderContext from mod iris->@Inject::checkDirectionNeo(Lnet/minecraft/client/resources/model/BakedModel;Lnet/minecraft/world/level/block/state/BlockState;Lorg/spongepowered/asm/mixin/injection/callback/CallbackInfo;)V won't be passed a CallbackInfo as a result
[257月2026 13:11:45.496] [Render thread/DEBUG] [mixin/]: Mixing core.model.TextureAtlasSpriteMixin from sodium-common.mixins.json into net.minecraft.client.renderer.texture.TextureAtlasSprite
[257月2026 13:11:45.496] [Render thread/DEBUG] [mixin/]: Mixing features.textures.animations.tracking.TextureAtlasSpriteMixin from sodium-common.mixins.json into net.minecraft.client.renderer.texture.TextureAtlasSprite
[257月2026 13:11:45.496] [Render thread/DEBUG] [mixin/]: Mixing features.textures.scan.TextureAtlasSpriteMixin from sodium-common.mixins.json into net.minecraft.client.renderer.texture.TextureAtlasSprite
[257月2026 13:11:45.496] [Render thread/DEBUG] [mixin/]: sodium-common.mixins.json:features.textures.animations.tracking.TextureAtlasSpriteMixin from mod sodium->@Inject::markSpriteAsActive(Lorg/spongepowered/asm/mixin/injection/callback/CallbackInfoReturnable;)V doesn't use it's CallbackInfoReturnable
[257月2026 13:11:45.496] [Render thread/DEBUG] [mixin/]: sodium-common.mixins.json:features.textures.animations.tracking.TextureAtlasSpriteMixin from mod sodium->@Inject::markSpriteAsActive(Lorg/spongepowered/asm/mixin/injection/callback/CallbackInfoReturnable;)V has 0 override(s) in child classes
[257月2026 13:11:45.496] [Render thread/DEBUG] [mixin/]: sodium-common.mixins.json:features.textures.animations.tracking.TextureAtlasSpriteMixin from mod sodium->@Inject::markSpriteAsActive(Lorg/spongepowered/asm/mixin/injection/callback/CallbackInfoReturnable;)V won't be passed a CallbackInfoReturnable as a result
[257月2026 13:11:45.498] [Render thread/DEBUG] [mixin/]: Mixing MixinItemInHandRenderer from mixins.iris.json into net.minecraft.client.renderer.ItemInHandRenderer
[257月2026 13:11:45.498] [Render thread/DEBUG] [mixin/]: mixins.iris.json:MixinItemInHandRenderer from mod iris: Class version 65 required is higher than the class version supported by the current version of Mixin (JAVA_8 supports class version 52)
[257月2026 13:11:45.498] [Render thread/DEBUG] [mixin/]: Mixing client.ItemInHandRendererMixin from tacz.mixins.json into net.minecraft.client.renderer.ItemInHandRenderer
[257月2026 13:11:45.498] [Render thread/DEBUG] [mixin/]: tacz.mixins.json:client.ItemInHandRendererMixin from mod tacz: Class version 65 required is higher than the class version supported by the current version of Mixin (JAVA_17 supports class version 61)
[257月2026 13:11:45.500] [Render thread/DEBUG] [mixin/]: mixins.iris.json:MixinItemInHandRenderer from mod iris->@Inject::iris$skipTranslucentHands(Lnet/minecraft/client/player/AbstractClientPlayer;FFLnet/minecraft/world/InteractionHand;FLnet/minecraft/world/item/ItemStack;FLcom/mojang/blaze3d/vertex/PoseStack;Lnet/minecraft/client/renderer/MultiBufferSource;ILorg/spongepowered/asm/mixin/injection/callback/CallbackInfo;)V does use it's CallbackInfo
[257月2026 13:11:45.500] [Render thread/DEBUG] [mixin/]: tacz.mixins.json:client.ItemInHandRendererMixin from mod tacz->@Inject::beforeHandRender(FLcom/mojang/blaze3d/vertex/PoseStack;Lnet/minecraft/client/renderer/MultiBufferSource$BufferSource;Lnet/minecraft/client/player/LocalPlayer;ILorg/spongepowered/asm/mixin/injection/callback/CallbackInfo;)V doesn't use it's CallbackInfo
[257月2026 13:11:45.500] [Render thread/DEBUG] [mixin/]: tacz.mixins.json:client.ItemInHandRendererMixin from mod tacz->@Inject::beforeHandRender(FLcom/mojang/blaze3d/vertex/PoseStack;Lnet/minecraft/client/renderer/MultiBufferSource$BufferSource;Lnet/minecraft/client/player/LocalPlayer;ILorg/spongepowered/asm/mixin/injection/callback/CallbackInfo;)V has 0 override(s) in child classes
[257月2026 13:11:45.500] [Render thread/DEBUG] [mixin/]: tacz.mixins.json:client.ItemInHandRendererMixin from mod tacz->@Inject::beforeHandRender(FLcom/mojang/blaze3d/vertex/PoseStack;Lnet/minecraft/client/renderer/MultiBufferSource$BufferSource;Lnet/minecraft/client/player/LocalPlayer;ILorg/spongepowered/asm/mixin/injection/callback/CallbackInfo;)V won't be passed a CallbackInfo as a result
[257月2026 13:11:45.500] [Render thread/DEBUG] [mixin/]: tacz.mixins.json:client.ItemInHandRendererMixin from mod tacz->@Inject::cancelEquippedProgress(Lorg/spongepowered/asm/mixin/injection/callback/CallbackInfo;)V doesn't use it's CallbackInfo
[257月2026 13:11:45.500] [Render thread/DEBUG] [mixin/]: tacz.mixins.json:client.ItemInHandRendererMixin from mod tacz->@Inject::cancelEquippedProgress(Lorg/spongepowered/asm/mixin/injection/callback/CallbackInfo;)V has 0 override(s) in child classes
[257月2026 13:11:45.500] [Render thread/DEBUG] [mixin/]: tacz.mixins.json:client.ItemInHandRendererMixin from mod tacz->@Inject::cancelEquippedProgress(Lorg/spongepowered/asm/mixin/injection/callback/CallbackInfo;)V won't be passed a CallbackInfo as a result
[257月2026 13:11:45.502] [Render thread/DEBUG] [mixin/]: Mixing MixinParticleEngine from mixins.iris.json into net.minecraft.client.particle.ParticleEngine
[257月2026 13:11:45.502] [Render thread/DEBUG] [mixin/]: mixins.iris.json:MixinParticleEngine from mod iris: Class version 65 required is higher than the class version supported by the current version of Mixin (JAVA_8 supports class version 52)
[257月2026 13:11:45.502] [Render thread/DEBUG] [mixin/]: Renaming synthetic method lambda$iris$finishDrawingParticles$1(Lnet/irisshaders/iris/pipeline/WorldRenderingPipeline;)V to md334d03$iris$lambda$iris$finishDrawingParticles$1$0 in mixins.iris.json:MixinParticleEngine from mod iris
[257月2026 13:11:45.502] [Render thread/DEBUG] [mixin/]: Renaming synthetic method lambda$iris$beginDrawingParticles$0(Lnet/irisshaders/iris/pipeline/WorldRenderingPipeline;)V to md334d03$iris$lambda$iris$beginDrawingParticles$0$1 in mixins.iris.json:MixinParticleEngine from mod iris
[257月2026 13:11:45.503] [Render thread/DEBUG] [mixin/]: mixins.iris.json:MixinParticleEngine from mod iris->@Inject::iris$beginDrawingParticles(Lnet/minecraft/client/renderer/LightTexture;Lnet/minecraft/client/Camera;FLorg/spongepowered/asm/mixin/injection/callback/CallbackInfo;)V doesn't use it's CallbackInfo
[257月2026 13:11:45.503] [Render thread/DEBUG] [mixin/]: mixins.iris.json:MixinParticleEngine from mod iris->@Inject::iris$beginDrawingParticles(Lnet/minecraft/client/renderer/LightTexture;Lnet/minecraft/client/Camera;FLorg/spongepowered/asm/mixin/injection/callback/CallbackInfo;)V has 0 override(s) in child classes
[257月2026 13:11:45.503] [Render thread/DEBUG] [mixin/]: mixins.iris.json:MixinParticleEngine from mod iris->@Inject::iris$beginDrawingParticles(Lnet/minecraft/client/renderer/LightTexture;Lnet/minecraft/client/Camera;FLorg/spongepowered/asm/mixin/injection/callback/CallbackInfo;)V won't be passed a CallbackInfo as a result
[257月2026 13:11:45.503] [Render thread/DEBUG] [mixin/]: mixins.iris.json:MixinParticleEngine from mod iris->@Inject::iris$finishDrawingParticles(Lnet/minecraft/client/renderer/LightTexture;Lnet/minecraft/client/Camera;FLorg/spongepowered/asm/mixin/injection/callback/CallbackInfo;)V doesn't use it's CallbackInfo
[257月2026 13:11:45.503] [Render thread/DEBUG] [mixin/]: mixins.iris.json:MixinParticleEngine from mod iris->@Inject::iris$finishDrawingParticles(Lnet/minecraft/client/renderer/LightTexture;Lnet/minecraft/client/Camera;FLorg/spongepowered/asm/mixin/injection/callback/CallbackInfo;)V has 0 override(s) in child classes
[257月2026 13:11:45.503] [Render thread/DEBUG] [mixin/]: mixins.iris.json:MixinParticleEngine from mod iris->@Inject::iris$finishDrawingParticles(Lnet/minecraft/client/renderer/LightTexture;Lnet/minecraft/client/Camera;FLorg/spongepowered/asm/mixin/injection/callback/CallbackInfo;)V won't be passed a CallbackInfo as a result
[257月2026 13:11:45.505] [Render thread/DEBUG] [mixin/]: Mixing features.textures.animations.tracking.TextureSheetParticleMixin from sodium-common.mixins.json into net.minecraft.client.particle.TextureSheetParticle
[257月2026 13:11:45.506] [Render thread/DEBUG] [mixin/]: sodium-common.mixins.json:features.textures.animations.tracking.TextureSheetParticleMixin from mod sodium->@Inject::afterSetSprite(Lnet/minecraft/client/renderer/texture/TextureAtlasSprite;Lorg/spongepowered/asm/mixin/injection/callback/CallbackInfo;)V doesn't use it's CallbackInfo
[257月2026 13:11:45.506] [Render thread/DEBUG] [mixin/]: sodium-common.mixins.json:features.textures.animations.tracking.TextureSheetParticleMixin from mod sodium->@Inject::afterSetSprite(Lnet/minecraft/client/renderer/texture/TextureAtlasSprite;Lorg/spongepowered/asm/mixin/injection/callback/CallbackInfo;)V has 0 override(s) in child classes
[257月2026 13:11:45.506] [Render thread/DEBUG] [mixin/]: sodium-common.mixins.json:features.textures.animations.tracking.TextureSheetParticleMixin from mod sodium->@Inject::afterSetSprite(Lnet/minecraft/client/renderer/texture/TextureAtlasSprite;Lorg/spongepowered/asm/mixin/injection/callback/CallbackInfo;)V won't be passed a CallbackInfo as a result
[257月2026 13:11:45.506] [Render thread/DEBUG] [mixin/]: Mixing features.render.particle.SingleQuadParticleMixin from sodium-common.mixins.json into net.minecraft.client.particle.SingleQuadParticle
[257月2026 13:11:45.509] [Render thread/DEBUG] [mixin/]: sodium-common.mixins.json:features.render.particle.SingleQuadParticleMixin from mod sodium->@Inject::render(Lcom/mojang/blaze3d/vertex/VertexConsumer;Lnet/minecraft/client/Camera;FLorg/spongepowered/asm/mixin/injection/callback/CallbackInfo;)V does use it's CallbackInfo
[257月2026 13:11:45.509] [Render thread/DEBUG] [mixin/]: sodium-common.mixins.json:features.render.particle.SingleQuadParticleMixin from mod sodium->@Inject::renderRotatedQuad(Lcom/mojang/blaze3d/vertex/VertexConsumer;Lnet/minecraft/client/Camera;Lorg/joml/Quaternionf;FLorg/spongepowered/asm/mixin/injection/callback/CallbackInfo;)V does use it's CallbackInfo
[257月2026 13:11:45.510] [Render thread/DEBUG] [mixin/]: Mixing MixinTerrainParticle from mixins.iris.fantastic.json into net.minecraft.client.particle.TerrainParticle
[257月2026 13:11:45.510] [Render thread/DEBUG] [mixin/]: mixins.iris.fantastic.json:MixinTerrainParticle from mod iris: Class version 65 required is higher than the class version supported by the current version of Mixin (JAVA_8 supports class version 52)
[257月2026 13:11:45.510] [Render thread/DEBUG] [mixin/]: mixins.iris.fantastic.json:MixinTerrainParticle from mod iris->@Inject::iris$resolveTranslucency(Lnet/minecraft/client/multiplayer/ClientLevel;DDDDDDLnet/minecraft/world/level/block/state/BlockState;Lnet/minecraft/core/BlockPos;Lorg/spongepowered/asm/mixin/injection/callback/CallbackInfo;)V doesn't use it's CallbackInfo
[257月2026 13:11:45.510] [Render thread/DEBUG] [mixin/]: mixins.iris.fantastic.json:MixinTerrainParticle from mod iris->@Inject::iris$resolveTranslucency(Lnet/minecraft/client/multiplayer/ClientLevel;DDDDDDLnet/minecraft/world/level/block/state/BlockState;Lnet/minecraft/core/BlockPos;Lorg/spongepowered/asm/mixin/injection/callback/CallbackInfo;)V has 0 override(s) in child classes
[257月2026 13:11:45.511] [Render thread/DEBUG] [mixin/]: mixins.iris.fantastic.json:MixinTerrainParticle from mod iris->@Inject::iris$resolveTranslucency(Lnet/minecraft/client/multiplayer/ClientLevel;DDDDDDLnet/minecraft/world/level/block/state/BlockState;Lnet/minecraft/core/BlockPos;Lorg/spongepowered/asm/mixin/injection/callback/CallbackInfo;)V won't be passed a CallbackInfo as a result
[257月2026 13:11:45.511] [Render thread/DEBUG] [mixin/]: mixins.iris.fantastic.json:MixinTerrainParticle from mod iris->@Inject::iris$overrideParticleSheet(Lorg/spongepowered/asm/mixin/injection/callback/CallbackInfoReturnable;)V does use it's CallbackInfoReturnable
[257月2026 13:11:45.512] [Render thread/DEBUG] [mixin/]: Mixing MixinStationaryItemParticle from mixins.iris.fantastic.json into net.minecraft.client.particle.BlockMarker
[257月2026 13:11:45.513] [Render thread/DEBUG] [mixin/]: mixins.iris.fantastic.json:MixinStationaryItemParticle from mod iris: Class version 65 required is higher than the class version supported by the current version of Mixin (JAVA_8 supports class version 52)
[257月2026 13:11:45.513] [Render thread/DEBUG] [mixin/]: mixins.iris.fantastic.json:MixinStationaryItemParticle from mod iris->@Inject::iris$resolveTranslucency(Lnet/minecraft/client/multiplayer/ClientLevel;DDDLnet/minecraft/world/level/block/state/BlockState;Lorg/spongepowered/asm/mixin/injection/callback/CallbackInfo;)V doesn't use it's CallbackInfo
[257月2026 13:11:45.513] [Render thread/DEBUG] [mixin/]: mixins.iris.fantastic.json:MixinStationaryItemParticle from mod iris->@Inject::iris$resolveTranslucency(Lnet/minecraft/client/multiplayer/ClientLevel;DDDLnet/minecraft/world/level/block/state/BlockState;Lorg/spongepowered/asm/mixin/injection/callback/CallbackInfo;)V has 0 override(s) in child classes
[257月2026 13:11:45.513] [Render thread/DEBUG] [mixin/]: mixins.iris.fantastic.json:MixinStationaryItemParticle from mod iris->@Inject::iris$resolveTranslucency(Lnet/minecraft/client/multiplayer/ClientLevel;DDDLnet/minecraft/world/level/block/state/BlockState;Lorg/spongepowered/asm/mixin/injection/callback/CallbackInfo;)V won't be passed a CallbackInfo as a result
[257月2026 13:11:45.513] [Render thread/DEBUG] [mixin/]: mixins.iris.fantastic.json:MixinStationaryItemParticle from mod iris->@Inject::iris$overrideParticleRenderType(Lorg/spongepowered/asm/mixin/injection/callback/CallbackInfoReturnable;)V does use it's CallbackInfoReturnable
[257月2026 13:11:45.521] [Render thread/DEBUG] [mixin/]: Mixing MixinFireworkSparkParticle from mixins.iris.fantastic.json into net.minecraft.client.particle.FireworkParticles$SparkParticle
[257月2026 13:11:45.521] [Render thread/DEBUG] [mixin/]: mixins.iris.fantastic.json:MixinFireworkSparkParticle from mod iris: Class version 65 required is higher than the class version supported by the current version of Mixin (JAVA_8 supports class version 52)
[257月2026 13:11:45.530] [Render thread/ERROR] [net.neoforged.fml.ModLoader/]: Cowardly refusing to send event net.neoforged.neoforge.client.event.RegisterParticleProvidersEvent to a broken mod state
[257月2026 13:11:45.536] [Render thread/DEBUG] [mixin/]: Mixing LightTextureAccessor from mixins.iris.json into net.minecraft.client.renderer.LightTexture
[257月2026 13:11:45.536] [Render thread/DEBUG] [mixin/]: mixins.iris.json:LightTextureAccessor from mod iris: Class version 65 required is higher than the class version supported by the current version of Mixin (JAVA_8 supports class version 52)
[257月2026 13:11:45.536] [Render thread/DEBUG] [mixin/]: Mixing MixinLightTexture from mixins.iris.json into net.minecraft.client.renderer.LightTexture
[257月2026 13:11:45.536] [Render thread/DEBUG] [mixin/]: mixins.iris.json:MixinLightTexture from mod iris: Class version 65 required is higher than the class version supported by the current version of Mixin (JAVA_8 supports class version 52)
[257月2026 13:11:45.537] [Render thread/DEBUG] [mixin/]: mixins.iris.json:MixinLightTexture from mod iris->@Inject::resetDarknessValue(FLorg/spongepowered/asm/mixin/injection/callback/CallbackInfo;)V doesn't use it's CallbackInfo
[257月2026 13:11:45.537] [Render thread/DEBUG] [mixin/]: mixins.iris.json:MixinLightTexture from mod iris->@Inject::resetDarknessValue(FLorg/spongepowered/asm/mixin/injection/callback/CallbackInfo;)V has 0 override(s) in child classes
[257月2026 13:11:45.537] [Render thread/DEBUG] [mixin/]: mixins.iris.json:MixinLightTexture from mod iris->@Inject::resetDarknessValue(FLorg/spongepowered/asm/mixin/injection/callback/CallbackInfo;)V won't be passed a CallbackInfo as a result
[257月2026 13:11:45.537] [Render thread/DEBUG] [mixin/]: mixins.iris.json:MixinLightTexture from mod iris->@Inject::storeDarknessValue(Lnet/minecraft/world/entity/LivingEntity;FFLorg/spongepowered/asm/mixin/injection/callback/CallbackInfoReturnable;)V does use it's CallbackInfoReturnable
[257月2026 13:11:45.538] [Render thread/INFO] [Iris/]: Hardware information:
[257月2026 13:11:45.538] [Render thread/INFO] [Iris/]: CPU: 10x Apple M4
[257月2026 13:11:45.538] [Render thread/INFO] [Iris/]: GPU: Apple M4 (Supports OpenGL 4.1 Metal - 90.5)
[257月2026 13:11:45.538] [Render thread/INFO] [Iris/]: OS: Mac OS X (26.3.1)
[257月2026 13:11:45.541] [Render thread/DEBUG] [mixin/]: Mixing MixinVertexBuffer from mixins.iris.json into com.mojang.blaze3d.vertex.VertexBuffer
[257月2026 13:11:45.541] [Render thread/DEBUG] [mixin/]: mixins.iris.json:MixinVertexBuffer from mod iris: Class version 65 required is higher than the class version supported by the current version of Mixin (JAVA_8 supports class version 52)
[257月2026 13:11:45.542] [Render thread/DEBUG] [mixin/]: mixins.iris.json:MixinVertexBuffer from mod iris->@Inject::unbindHelper(Lorg/spongepowered/asm/mixin/injection/callback/CallbackInfo;)V doesn't use it's CallbackInfo
[257月2026 13:11:45.542] [Render thread/DEBUG] [mixin/]: mixins.iris.json:MixinVertexBuffer from mod iris->@Inject::bindHelper(Lorg/spongepowered/asm/mixin/injection/callback/CallbackInfo;)V doesn't use it's CallbackInfo
[257月2026 13:11:45.542] [Render thread/DEBUG] [mixin/]: mixins.iris.json:MixinVertexBuffer from mod iris->@Inject::bindHelper(Lorg/spongepowered/asm/mixin/injection/callback/CallbackInfo;)V has 0 override(s) in child classes
[257月2026 13:11:45.542] [Render thread/DEBUG] [mixin/]: mixins.iris.json:MixinVertexBuffer from mod iris->@Inject::bindHelper(Lorg/spongepowered/asm/mixin/injection/callback/CallbackInfo;)V won't be passed a CallbackInfo as a result
[257月2026 13:11:45.543] [Render thread/DEBUG] [mixin/]: Mixing block_rendering.MixinBufferBuilder_SeparateAo from mixins.iris.vertexformat.json into com.mojang.blaze3d.vertex.BufferBuilder
[257月2026 13:11:45.543] [Render thread/DEBUG] [mixin/]: mixins.iris.vertexformat.json:block_rendering.MixinBufferBuilder_SeparateAo from mod iris: Class version 65 required is higher than the class version supported by the current version of Mixin (JAVA_8 supports class version 52)
[257月2026 13:11:45.545] [Render thread/DEBUG] [mixin/]: Mixing MixinBufferBuilder from mixins.iris.vertexformat.json into com.mojang.blaze3d.vertex.BufferBuilder
[257月2026 13:11:45.545] [Render thread/DEBUG] [mixin/]: mixins.iris.vertexformat.json:MixinBufferBuilder from mod iris: Class version 65 required is higher than the class version supported by the current version of Mixin (JAVA_8 supports class version 52)
[257月2026 13:11:45.547] [Render thread/DEBUG] [mixin/]: Mixing core.render.immediate.consumer.BufferBuilderMixin from sodium-common.mixins.json into com.mojang.blaze3d.vertex.BufferBuilder
[257月2026 13:11:45.548] [Render thread/DEBUG] [mixin/]: Mixing features.render.immediate.buffer_builder.intrinsics.BufferBuilderAccessor from sodium-common.mixins.json into com.mojang.blaze3d.vertex.BufferBuilder
[257月2026 13:11:45.548] [Render thread/DEBUG] [mixin/]: Mixing MixinBufferBuilder_SegmentRendering from iris-batched-entity-rendering.mixins.json into com.mojang.blaze3d.vertex.BufferBuilder
[257月2026 13:11:45.548] [Render thread/DEBUG] [mixin/]: iris-batched-entity-rendering.mixins.json:MixinBufferBuilder_SegmentRendering from mod iris: Class version 65 required is higher than the class version supported by the current version of Mixin (JAVA_8 supports class version 52)
[257月2026 13:11:45.551] [Render thread/DEBUG] [mixin/]: mixins.iris.vertexformat.json:MixinBufferBuilder from mod iris->@Inject::injectMidBlock(FFFLorg/spongepowered/asm/mixin/injection/callback/CallbackInfoReturnable;)V doesn't use it's CallbackInfoReturnable
[257月2026 13:11:45.551] [Render thread/DEBUG] [mixin/]: mixins.iris.vertexformat.json:MixinBufferBuilder from mod iris->@Inject::injectMidBlock(FFFLorg/spongepowered/asm/mixin/injection/callback/CallbackInfoReturnable;)V has 0 override(s) in child classes
[257月2026 13:11:45.551] [Render thread/DEBUG] [mixin/]: mixins.iris.vertexformat.json:MixinBufferBuilder from mod iris->@Inject::injectMidBlock(FFFLorg/spongepowered/asm/mixin/injection/callback/CallbackInfoReturnable;)V won't be passed a CallbackInfoReturnable as a result
[257月2026 13:11:45.551] [Render thread/DEBUG] [mixin/]: mixins.iris.vertexformat.json:MixinBufferBuilder from mod iris->@Inject::iris$skipSodiumChange(Lorg/spongepowered/asm/mixin/injection/callback/CallbackInfo;)V doesn't use it's CallbackInfo
[257月2026 13:11:45.551] [Render thread/DEBUG] [mixin/]: mixins.iris.vertexformat.json:MixinBufferBuilder from mod iris->@Inject::iris$skipSodiumChange(Lorg/spongepowered/asm/mixin/injection/callback/CallbackInfo;)V has 0 override(s) in child classes
[257月2026 13:11:45.551] [Render thread/DEBUG] [mixin/]: mixins.iris.vertexformat.json:MixinBufferBuilder from mod iris->@Inject::iris$skipSodiumChange(Lorg/spongepowered/asm/mixin/injection/callback/CallbackInfo;)V won't be passed a CallbackInfo as a result
[257月2026 13:11:45.551] [Render thread/DEBUG] [mixin/]: mixins.iris.vertexformat.json:MixinBufferBuilder from mod iris->@Inject::iris$beforeNext(Lorg/spongepowered/asm/mixin/injection/callback/CallbackInfo;)V doesn't use it's CallbackInfo
[257月2026 13:11:45.551] [Render thread/DEBUG] [mixin/]: mixins.iris.vertexformat.json:MixinBufferBuilder from mod iris->@Inject::iris$beforeNext(Lorg/spongepowered/asm/mixin/injection/callback/CallbackInfo;)V has 0 override(s) in child classes
[257月2026 13:11:45.551] [Render thread/DEBUG] [mixin/]: mixins.iris.vertexformat.json:MixinBufferBuilder from mod iris->@Inject::iris$beforeNext(Lorg/spongepowered/asm/mixin/injection/callback/CallbackInfo;)V won't be passed a CallbackInfo as a result
[257月2026 13:11:45.551] [Render thread/DEBUG] [mixin/]: iris-batched-entity-rendering.mixins.json:MixinBufferBuilder_SegmentRendering from mod iris->@Inject::batchedentityrendering$onNext(Lorg/spongepowered/asm/mixin/injection/callback/CallbackInfo;)V doesn't use it's CallbackInfo
[257月2026 13:11:45.551] [Render thread/DEBUG] [mixin/]: iris-batched-entity-rendering.mixins.json:MixinBufferBuilder_SegmentRendering from mod iris->@Inject::batchedentityrendering$onNext(Lorg/spongepowered/asm/mixin/injection/callback/CallbackInfo;)V has 0 override(s) in child classes
[257月2026 13:11:45.551] [Render thread/DEBUG] [mixin/]: iris-batched-entity-rendering.mixins.json:MixinBufferBuilder_SegmentRendering from mod iris->@Inject::batchedentityrendering$onNext(Lorg/spongepowered/asm/mixin/injection/callback/CallbackInfo;)V won't be passed a CallbackInfo as a result
[257月2026 13:11:45.557] [Render thread/DEBUG] [mixin/]: Mixing features.render.immediate.buffer_builder.sorting.MeshDataAccessor from sodium-common.mixins.json into com.mojang.blaze3d.vertex.MeshData
[257月2026 13:11:45.561] [Render thread/DEBUG] [mixin/]: Mixing MixinSodiumWorldRenderer from mixins.iris.compat.sodium.json into net.caffeinemc.mods.sodium.client.render.SodiumWorldRenderer
[257月2026 13:11:45.561] [Render thread/DEBUG] [mixin/]: mixins.iris.compat.sodium.json:MixinSodiumWorldRenderer from mod iris: Class version 65 required is higher than the class version supported by the current version of Mixin (JAVA_8 supports class version 52)
[257月2026 13:11:45.562] [Render thread/DEBUG] [mixin/]: mixins.iris.compat.sodium.json:MixinSodiumWorldRenderer from mod iris->@Inject::iris$skipEntityCheck(Lnet/minecraft/world/entity/Entity;Lorg/spongepowered/asm/mixin/injection/callback/CallbackInfoReturnable;)V does use it's CallbackInfoReturnable
[257月2026 13:11:45.564] [Render thread/ERROR] [net.neoforged.fml.ModLoader/]: Cowardly refusing to send event net.neoforged.neoforge.client.event.RenderLevelStageEvent$RegisterStageEvent to a broken mod state
[257月2026 13:11:45.567] [Render thread/DEBUG] [mixin/]: Mixing gui.MixinGui from mixins.iris.json into net.minecraft.client.gui.Gui
[257月2026 13:11:45.567] [Render thread/DEBUG] [mixin/]: mixins.iris.json:gui.MixinGui from mod iris: Class version 65 required is higher than the class version supported by the current version of Mixin (JAVA_8 supports class version 52)
[257月2026 13:11:45.568] [Render thread/DEBUG] [mixin/]: Mixing features.options.overlays.GuiMixin from sodium-common.mixins.json into net.minecraft.client.gui.Gui
[257月2026 13:11:45.568] [Render thread/DEBUG] [mixin/]: mixins.iris.json:gui.MixinGui from mod iris->@Inject::iris$disableVignetteRendering(Lnet/minecraft/client/gui/GuiGraphics;Lnet/minecraft/world/entity/Entity;Lorg/spongepowered/asm/mixin/injection/callback/CallbackInfo;)V does use it's CallbackInfo
[257月2026 13:11:45.574] [Render thread/DEBUG] [mixin/]: Mixing MixinDebugScreenOverlay from mixins.iris.json into net.minecraft.client.gui.components.DebugScreenOverlay
[257月2026 13:11:45.574] [Render thread/DEBUG] [mixin/]: mixins.iris.json:MixinDebugScreenOverlay from mod iris: Class version 65 required is higher than the class version supported by the current version of Mixin (JAVA_8 supports class version 52)
[257月2026 13:11:45.574] [Render thread/DEBUG] [mixin/]: Renaming synthetic method lambda$iris$appendShadowDebugText$1(Ljava/util/List;Lnet/irisshaders/iris/pipeline/WorldRenderingPipeline;)V to md334d03$iris$lambda$iris$appendShadowDebugText$1$0 in mixins.iris.json:MixinDebugScreenOverlay from mod iris
[257月2026 13:11:45.574] [Render thread/DEBUG] [mixin/]: Renaming synthetic method lambda$iris$appendShaderPackText$0(Ljava/util/List;Lnet/irisshaders/iris/shaderpack/ShaderPack;)V to md334d03$iris$lambda$iris$appendShaderPackText$0$1 in mixins.iris.json:MixinDebugScreenOverlay from mod iris
[257月2026 13:11:45.576] [Render thread/DEBUG] [mixin/]: Mixing DebugHudMixin from fabric-renderer-api-v1.debughud.mixins.json into net.minecraft.client.gui.components.DebugScreenOverlay
[257月2026 13:11:45.576] [Render thread/DEBUG] [mixin/]: fabric-renderer-api-v1.debughud.mixins.json:DebugHudMixin from mod fabric_renderer_api_v1: Class version 65 required is higher than the class version supported by the current version of Mixin (JAVA_17 supports class version 61)
[257月2026 13:11:45.576] [Render thread/DEBUG] [mixin/]: Mixing features.gui.hooks.debug.DebugScreenOverlayMixin from sodium-common.mixins.json into net.minecraft.client.gui.components.DebugScreenOverlay
[257月2026 13:11:45.578] [Render thread/DEBUG] [mixin/]: Mixing MixinDebugScreenOverlay from iris-batched-entity-rendering.mixins.json into net.minecraft.client.gui.components.DebugScreenOverlay
[257月2026 13:11:45.578] [Render thread/DEBUG] [mixin/]: iris-batched-entity-rendering.mixins.json:MixinDebugScreenOverlay from mod iris: Class version 65 required is higher than the class version supported by the current version of Mixin (JAVA_8 supports class version 52)
[257月2026 13:11:45.580] [Render thread/DEBUG] [mixin/]: mixins.iris.json:MixinDebugScreenOverlay from mod iris->@Inject::iris$appendShaderPackText(Lorg/spongepowered/asm/mixin/injection/callback/CallbackInfoReturnable;)V does use it's CallbackInfoReturnable
[257月2026 13:11:45.580] [Render thread/DEBUG] [mixin/]: mixins.iris.json:MixinDebugScreenOverlay from mod iris->@Inject::iris$appendShaderPackText(Lorg/spongepowered/asm/mixin/injection/callback/CallbackInfoReturnable;)V does use it's CallbackInfoReturnable
[257月2026 13:11:45.580] [Render thread/DEBUG] [mixin/]: mixins.iris.json:MixinDebugScreenOverlay from mod iris->@Inject::iris$appendShadowDebugText(Lorg/spongepowered/asm/mixin/injection/callback/CallbackInfoReturnable;)V does use it's CallbackInfoReturnable
[257月2026 13:11:45.580] [Render thread/DEBUG] [mixin/]: mixins.iris.json:MixinDebugScreenOverlay from mod iris->@Inject::iris$appendShadowDebugText(Lorg/spongepowered/asm/mixin/injection/callback/CallbackInfoReturnable;)V does use it's CallbackInfoReturnable
[257月2026 13:11:45.580] [Render thread/DEBUG] [mixin/]: fabric-renderer-api-v1.debughud.mixins.json:DebugHudMixin from mod fabric_renderer_api_v1->@Inject::getLeftText(Lorg/spongepowered/asm/mixin/injection/callback/CallbackInfoReturnable;)V does use it's CallbackInfoReturnable
[257月2026 13:11:45.581] [Render thread/DEBUG] [mixin/]: fabric-renderer-api-v1.debughud.mixins.json:DebugHudMixin from mod fabric_renderer_api_v1->@Inject::getLeftText(Lorg/spongepowered/asm/mixin/injection/callback/CallbackInfoReturnable;)V does use it's CallbackInfoReturnable
[257月2026 13:11:45.581] [Render thread/DEBUG] [mixin/]: sodium-common.mixins.json:features.gui.hooks.debug.DebugScreenOverlayMixin from mod sodium->@Inject::sodium$captureFrameDuration(JLorg/spongepowered/asm/mixin/injection/callback/CallbackInfo;)V doesn't use it's CallbackInfo
[257月2026 13:11:45.581] [Render thread/DEBUG] [mixin/]: sodium-common.mixins.json:features.gui.hooks.debug.DebugScreenOverlayMixin from mod sodium->@Inject::sodium$captureFrameDuration(JLorg/spongepowered/asm/mixin/injection/callback/CallbackInfo;)V has 0 override(s) in child classes
[257月2026 13:11:45.581] [Render thread/DEBUG] [mixin/]: sodium-common.mixins.json:features.gui.hooks.debug.DebugScreenOverlayMixin from mod sodium->@Inject::sodium$captureFrameDuration(JLorg/spongepowered/asm/mixin/injection/callback/CallbackInfo;)V won't be passed a CallbackInfo as a result
[257月2026 13:11:45.581] [Render thread/DEBUG] [mixin/]: iris-batched-entity-rendering.mixins.json:MixinDebugScreenOverlay from mod iris->@Inject::batchedentityrendering$appendStats(Lorg/spongepowered/asm/mixin/injection/callback/CallbackInfoReturnable;)V does use it's CallbackInfoReturnable
[257月2026 13:11:45.581] [Render thread/DEBUG] [mixin/]: iris-batched-entity-rendering.mixins.json:MixinDebugScreenOverlay from mod iris->@Inject::batchedentityrendering$appendStats(Lorg/spongepowered/asm/mixin/injection/callback/CallbackInfoReturnable;)V does use it's CallbackInfoReturnable
[257月2026 13:11:45.596] [Render thread/DEBUG] [mixin/]: Mixing MixinChunkBorderRenderer from mixins.iris.json into net.minecraft.client.renderer.debug.ChunkBorderRenderer
[257月2026 13:11:45.596] [Render thread/DEBUG] [mixin/]: mixins.iris.json:MixinChunkBorderRenderer from mod iris: Class version 65 required is higher than the class version supported by the current version of Mixin (JAVA_8 supports class version 52)
[257月2026 13:11:45.603] [Render thread/DEBUG] [mixin/]: Generating mapped inner class net/minecraft/client/renderer/debug/ChunkBorderRenderer$Anonymous$97c3c1ae198d4ae4a98fe02568b87d22 (originally net/irisshaders/iris/mixin/MixinChunkBorderRenderer$1)
[257月2026 13:11:45.619] [Render thread/ERROR] [net.neoforged.fml.ModLoader/]: Cowardly refusing to send event net.neoforged.neoforge.client.extensions.common.RegisterClientExtensionsEvent to a broken mod state
[257月2026 13:11:45.619] [Render thread/ERROR] [net.neoforged.fml.ModLoader/]: Cowardly refusing to send event net.neoforged.neoforge.client.event.RegisterSpriteSourceTypesEvent to a broken mod state
[257月2026 13:11:45.631] [Render thread/ERROR] [net.neoforged.fml.ModLoader/]: Cowardly refusing to send event net.neoforged.neoforge.client.event.RegisterMenuScreensEvent to a broken mod state
[257月2026 13:11:45.632] [Render thread/ERROR] [net.neoforged.fml.ModLoader/]: Cowardly refusing to send event net.neoforged.neoforge.client.event.RegisterClientReloadListenersEvent to a broken mod state
[257月2026 13:11:45.632] [Render thread/ERROR] [net.neoforged.fml.ModLoader/]: Cowardly refusing to send event net.neoforged.neoforge.client.event.EntityRenderersEvent$RegisterLayerDefinitions to a broken mod state
[257月2026 13:11:45.632] [Render thread/ERROR] [net.neoforged.fml.ModLoader/]: Cowardly refusing to send event net.neoforged.neoforge.client.event.EntityRenderersEvent$RegisterRenderers to a broken mod state
[257月2026 13:11:45.632] [Render thread/ERROR] [net.neoforged.fml.ModLoader/]: Cowardly refusing to send event net.neoforged.neoforge.client.event.RegisterClientTooltipComponentFactoriesEvent to a broken mod state
[257月2026 13:11:45.632] [Render thread/ERROR] [net.neoforged.fml.ModLoader/]: Cowardly refusing to send event net.neoforged.neoforge.client.event.RegisterEntitySpectatorShadersEvent to a broken mod state
[257月2026 13:11:45.632] [Render thread/ERROR] [net.neoforged.fml.ModLoader/]: Cowardly refusing to send event net.neoforged.neoforge.client.event.RegisterKeyMappingsEvent to a broken mod state
[257月2026 13:11:45.633] [Render thread/ERROR] [net.neoforged.fml.ModLoader/]: Cowardly refusing to send event net.neoforged.neoforge.client.event.RegisterRecipeBookCategoriesEvent to a broken mod state
[257月2026 13:11:45.633] [Render thread/ERROR] [net.neoforged.fml.ModLoader/]: Cowardly refusing to send event net.neoforged.neoforge.client.event.RegisterGuiLayersEvent to a broken mod state
[257月2026 13:11:45.634] [Render thread/DEBUG] [mixin/]: Mixing sky.MixinDimensionSpecialEffects from mixins.iris.json into net.minecraft.client.renderer.DimensionSpecialEffects
[257月2026 13:11:45.634] [Render thread/DEBUG] [mixin/]: mixins.iris.json:sky.MixinDimensionSpecialEffects from mod iris: Class version 65 required is higher than the class version supported by the current version of Mixin (JAVA_8 supports class version 52)
[257月2026 13:11:45.635] [Render thread/DEBUG] [mixin/]: mixins.iris.json:sky.MixinDimensionSpecialEffects from mod iris->@Inject::iris$getSunriseColor(FFLorg/spongepowered/asm/mixin/injection/callback/CallbackInfoReturnable;)V does use it's CallbackInfoReturnable
[257月2026 13:11:45.636] [Render thread/ERROR] [net.neoforged.fml.ModLoader/]: Cowardly refusing to send event net.neoforged.neoforge.client.event.RegisterDimensionSpecialEffectsEvent to a broken mod state
[257月2026 13:11:45.637] [Render thread/ERROR] [net.neoforged.fml.ModLoader/]: Cowardly refusing to send event net.neoforged.neoforge.client.event.RegisterNamedRenderTypesEvent to a broken mod state
[257月2026 13:11:45.637] [Render thread/ERROR] [net.neoforged.fml.ModLoader/]: Cowardly refusing to send event net.neoforged.neoforge.client.event.RegisterColorHandlersEvent$ColorResolvers to a broken mod state
[257月2026 13:11:45.637] [Render thread/ERROR] [net.neoforged.fml.ModLoader/]: Cowardly refusing to send event net.neoforged.neoforge.client.event.RegisterItemDecorationsEvent to a broken mod state
[257月2026 13:11:45.641] [Render thread/ERROR] [net.neoforged.fml.ModLoader/]: Cowardly refusing to send event net.neoforged.neoforge.client.event.RegisterPresetEditorsEvent to a broken mod state
[257月2026 13:11:45.641] [Render thread/ERROR] [net.neoforged.fml.ModLoader/]: Cowardly refusing to send event net.neoforged.neoforge.client.gui.map.RegisterMapDecorationRenderersEvent to a broken mod state
[257月2026 13:11:45.641] [Render thread/ERROR] [net.neoforged.fml.ModLoader/]: Cowardly refusing to send event net.neoforged.neoforge.client.event.RegisterDimensionTransitionScreenEvent to a broken mod state
[257月2026 13:11:45.642] [Render thread/DEBUG] [mixin/]: Mixing features.render.entity.ModelPartMixin from sodium-common.mixins.json into net.minecraft.client.model.geom.ModelPart
[257月2026 13:11:45.648] [Render thread/ERROR] [net.neoforged.fml.ModLoader/]: Cowardly refusing to send event net.neoforged.neoforge.client.event.RegisterJsonAnimationTypesEvent to a broken mod state
[257月2026 13:11:45.651] [Render thread/DEBUG] [mixin/]: Mixing MixinUniform from mixins.iris.json into com.mojang.blaze3d.shaders.Uniform
[257月2026 13:11:45.651] [Render thread/DEBUG] [mixin/]: mixins.iris.json:MixinUniform from mod iris: Class version 65 required is higher than the class version supported by the current version of Mixin (JAVA_8 supports class version 52)
[257月2026 13:11:45.652] [Render thread/DEBUG] [mixin/]: mixins.iris.json:MixinUniform from mod iris->@Inject::iris$glGetUniformLocation(ILjava/lang/CharSequence;Lorg/spongepowered/asm/mixin/injection/callback/CallbackInfoReturnable;)V does use it's CallbackInfoReturnable
[257月2026 13:11:45.653] [Render thread/DEBUG] [mixin/]: Mixing MixinChainedJsonException from mixins.iris.json into net.minecraft.server.ChainedJsonException
[257月2026 13:11:45.654] [Render thread/DEBUG] [mixin/]: mixins.iris.json:MixinChainedJsonException from mod iris: Class version 65 required is higher than the class version supported by the current version of Mixin (JAVA_8 supports class version 52)
[257月2026 13:11:45.654] [Render thread/DEBUG] [mixin/]: mixins.iris.json:MixinChainedJsonException from mod iris->@Inject::iris$changeShaderParseException(Ljava/lang/Exception;Lorg/spongepowered/asm/mixin/injection/callback/CallbackInfoReturnable;)V does use it's CallbackInfoReturnable
[257月2026 13:11:45.657] [Render thread/DEBUG] [mixin/]: Mixing MixinProgramType from mixins.iris.json into com.mojang.blaze3d.shaders.Program$Type
[257月2026 13:11:45.657] [Render thread/DEBUG] [mixin/]: mixins.iris.json:MixinProgramType from mod iris: Class version 65 required is higher than the class version supported by the current version of Mixin (JAVA_8 supports class version 52)
[257月2026 13:11:45.658] [Render thread/DEBUG] [mixin/]: Mixing ProgramTypeAccessor from mixins.iris.json into com.mojang.blaze3d.shaders.Program$Type
[257月2026 13:11:45.658] [Render thread/DEBUG] [mixin/]: mixins.iris.json:ProgramTypeAccessor from mod iris: Class version 65 required is higher than the class version supported by the current version of Mixin (JAVA_8 supports class version 52)
[257月2026 13:11:45.658] [Render thread/DEBUG] [mixin/]: Renaming @Invoker method createProgramType(Ljava/lang/String;ILjava/lang/String;Ljava/lang/String;I)Lcom/mojang/blaze3d/shaders/Program$Type; to createProgramType$iris_$md$334d03$0 in mixins.iris.json:ProgramTypeAccessor from mod iris
[257月2026 13:11:45.660] [Render thread/DEBUG] [mixin/]: Mixing MixinProgram from mixins.iris.json into com.mojang.blaze3d.shaders.Program
[257月2026 13:11:45.660] [Render thread/DEBUG] [mixin/]: mixins.iris.json:MixinProgram from mod iris: Class version 65 required is higher than the class version supported by the current version of Mixin (JAVA_8 supports class version 52)
[257月2026 13:11:45.663] [Render thread/DEBUG] [mixin/]: mixins.iris.json:MixinProgram from mod iris->@Inject::iris$causeException(Lcom/mojang/blaze3d/shaders/Program$Type;Ljava/lang/String;Ljava/io/InputStream;Ljava/lang/String;Lcom/mojang/blaze3d/preprocessor/GlslPreprocessor;Lorg/spongepowered/asm/mixin/injection/callback/CallbackInfoReturnable;)V does use it's CallbackInfoReturnable
[257月2026 13:11:45.664] [Render thread/DEBUG] [mixin/]: Mixing MixinProgramManager from mixins.iris.json into com.mojang.blaze3d.shaders.ProgramManager
[257月2026 13:11:45.664] [Render thread/DEBUG] [mixin/]: mixins.iris.json:MixinProgramManager from mod iris: Class version 65 required is higher than the class version supported by the current version of Mixin (JAVA_8 supports class version 52)
[257月2026 13:11:45.665] [Render thread/DEBUG] [mixin/]: mixins.iris.json:MixinProgramManager from mod iris->@Inject::iris$releaseGeometry(Lcom/mojang/blaze3d/shaders/Shader;Lorg/spongepowered/asm/mixin/injection/callback/CallbackInfo;)V doesn't use it's CallbackInfo
[257月2026 13:11:46.228] [Render thread/INFO] [net.minecraft.server.packs.resources.ReloadableResourceManager/]: Reloading ResourceManager: vanilla
[257月2026 13:11:46.234] [Render thread/DEBUG] [mixin/]: Mixing features.gui.hooks.settings.OptionsScreenMixin from sodium-common.mixins.json into net.minecraft.client.gui.screens.options.OptionsScreen
[257月2026 13:11:46.235] [Render thread/DEBUG] [mixin/]: sodium-common.mixins.json:features.gui.hooks.settings.OptionsScreenMixin from mod sodium->@Inject::open(Lorg/spongepowered/asm/mixin/injection/callback/CallbackInfoReturnable;)V does use it's CallbackInfoReturnable
[257月2026 13:11:46.242] [Render thread/ERROR] [net.neoforged.fml.ModLoader/]: Cowardly refusing to send event net.neoforged.neoforge.client.event.ModelEvent$RegisterGeometryLoaders to a broken mod state
[257月2026 13:11:46.244] [Render thread/DEBUG] [mixin/]: Mixing texture.MixinSpriteContents from mixins.iris.json into net.minecraft.client.renderer.texture.SpriteContents
[257月2026 13:11:46.244] [Render thread/DEBUG] [mixin/]: mixins.iris.json:texture.MixinSpriteContents from mod iris: Class version 65 required is higher than the class version supported by the current version of Mixin (JAVA_8 supports class version 52)
[257月2026 13:11:46.245] [Render thread/DEBUG] [mixin/]: Mixing texture.SpriteContentsAccessor from mixins.iris.json into net.minecraft.client.renderer.texture.SpriteContents
[257月2026 13:11:46.245] [Render thread/DEBUG] [mixin/]: mixins.iris.json:texture.SpriteContentsAccessor from mod iris: Class version 65 required is higher than the class version supported by the current version of Mixin (JAVA_8 supports class version 52)
[257月2026 13:11:46.245] [Render thread/DEBUG] [mixin/]: Mixing texture.pbr.MixinSpriteContents from mixins.iris.json into net.minecraft.client.renderer.texture.SpriteContents
[257月2026 13:11:46.245] [Render thread/DEBUG] [mixin/]: mixins.iris.json:texture.pbr.MixinSpriteContents from mod iris: Class version 65 required is higher than the class version supported by the current version of Mixin (JAVA_8 supports class version 52)
[257月2026 13:11:46.245] [Render thread/DEBUG] [mixin/]: Mixing features.textures.SpriteContentsInvoker from sodium-common.mixins.json into net.minecraft.client.renderer.texture.SpriteContents
[257月2026 13:11:46.245] [Render thread/DEBUG] [mixin/]: Mixing features.textures.animations.tracking.SpriteContentsMixin from sodium-common.mixins.json into net.minecraft.client.renderer.texture.SpriteContents
[257月2026 13:11:46.245] [Render thread/DEBUG] [mixin/]: Mixing features.textures.animations.upload.SpriteContentsAccessor from sodium-common.mixins.json into net.minecraft.client.renderer.texture.SpriteContents
[257月2026 13:11:46.245] [Render thread/DEBUG] [mixin/]: Mixing features.textures.mipmaps.SpriteContentsMixin from sodium-common.mixins.json into net.minecraft.client.renderer.texture.SpriteContents
[257月2026 13:11:46.246] [Render thread/DEBUG] [mixin/]: Mixing features.textures.scan.SpriteContentsMixin from sodium-common.mixins.json into net.minecraft.client.renderer.texture.SpriteContents
[257月2026 13:11:46.249] [Render thread/DEBUG] [mixin/]: mixins.iris.json:texture.MixinSpriteContents from mod iris->@Inject::onReturnCreateTicker(Lorg/spongepowered/asm/mixin/injection/callback/CallbackInfoReturnable;)V does use it's CallbackInfoReturnable
[257月2026 13:11:46.249] [Render thread/DEBUG] [mixin/]: mixins.iris.json:texture.pbr.MixinSpriteContents from mod iris->@Inject::iris$onTailClose(Lorg/spongepowered/asm/mixin/injection/callback/CallbackInfo;)V doesn't use it's CallbackInfo
[257月2026 13:11:46.249] [Render thread/DEBUG] [mixin/]: mixins.iris.json:texture.pbr.MixinSpriteContents from mod iris->@Inject::iris$onTailClose(Lorg/spongepowered/asm/mixin/injection/callback/CallbackInfo;)V has 0 override(s) in child classes
[257月2026 13:11:46.249] [Render thread/DEBUG] [mixin/]: mixins.iris.json:texture.pbr.MixinSpriteContents from mod iris->@Inject::iris$onTailClose(Lorg/spongepowered/asm/mixin/injection/callback/CallbackInfo;)V won't be passed a CallbackInfo as a result
[257月2026 13:11:46.249] [Render thread/DEBUG] [mixin/]: mixins.iris.json:texture.pbr.MixinSpriteContents from mod iris->@Inject::iris$onTailMarkActive(Lorg/spongepowered/asm/mixin/injection/callback/CallbackInfo;)V doesn't use it's CallbackInfo
[257月2026 13:11:46.249] [Render thread/DEBUG] [mixin/]: mixins.iris.json:texture.pbr.MixinSpriteContents from mod iris->@Inject::iris$onTailMarkActive(Lorg/spongepowered/asm/mixin/injection/callback/CallbackInfo;)V has 0 override(s) in child classes
[257月2026 13:11:46.249] [Render thread/DEBUG] [mixin/]: mixins.iris.json:texture.pbr.MixinSpriteContents from mod iris->@Inject::iris$onTailMarkActive(Lorg/spongepowered/asm/mixin/injection/callback/CallbackInfo;)V won't be passed a CallbackInfo as a result
[257月2026 13:11:46.260] [Render thread/DEBUG] [mixin/]: Mixing MixinFogRenderer from mixins.iris.json into net.minecraft.client.renderer.FogRenderer
[257月2026 13:11:46.260] [Render thread/DEBUG] [mixin/]: mixins.iris.json:MixinFogRenderer from mod iris: Class version 65 required is higher than the class version supported by the current version of Mixin (JAVA_8 supports class version 52)
[257月2026 13:11:46.261] [Render thread/DEBUG] [mixin/]: mixins.iris.json:MixinFogRenderer from mod iris->@Inject::iris$setupLegacyWaterFog(Lnet/minecraft/client/Camera;Lnet/minecraft/client/renderer/FogRenderer$FogMode;FZFLorg/spongepowered/asm/mixin/injection/callback/CallbackInfo;)V doesn't use it's CallbackInfo
[257月2026 13:11:46.261] [Render thread/DEBUG] [mixin/]: mixins.iris.json:MixinFogRenderer from mod iris->@Inject::render(Lnet/minecraft/client/Camera;FLnet/minecraft/client/multiplayer/ClientLevel;IFLorg/spongepowered/asm/mixin/injection/callback/CallbackInfo;)V doesn't use it's CallbackInfo
[257月2026 13:11:46.264] [Render thread/DEBUG] [mixin/]: Mixing features.render.immediate.matrix_stack.PoseStackMixin from sodium-common.mixins.json into com.mojang.blaze3d.vertex.PoseStack
[257月2026 13:11:46.275] [Worker-Main-7/INFO] [net.minecraft.client.gui.font.providers.UnihexProvider/]: Found unifont_all_no_pua-15.1.05.hex, loading
[257月2026 13:11:46.279] [Worker-Main-1/DEBUG] [mixin/]: Mixing texture.pbr.MixinDirectoryLister from mixins.iris.json into net.minecraft.client.renderer.texture.atlas.sources.DirectoryLister
[257月2026 13:11:46.280] [Worker-Main-1/DEBUG] [mixin/]: mixins.iris.json:texture.pbr.MixinDirectoryLister from mod iris: Class version 65 required is higher than the class version supported by the current version of Mixin (JAVA_8 supports class version 52)
[257月2026 13:11:46.280] [Worker-Main-1/DEBUG] [mixin/]: Renaming synthetic method lambda$iris$modifyForEachAction$0(Lnet/minecraft/server/packs/resources/ResourceManager;Ljava/util/function/BiConsumer;Lnet/minecraft/resources/ResourceLocation;Lnet/minecraft/server/packs/resources/Resource;)V to md334d03$iris$lambda$iris$modifyForEachAction$0$0 in mixins.iris.json:texture.pbr.MixinDirectoryLister from mod iris
[257月2026 13:11:46.284] [Worker-Main-1/DEBUG] [mixin/]: ArgsClassGenerator assigning org.spongepowered.asm.synthetic.args.Args$1 for descriptor (Ljava/util/function/BiConsumer;)V
[257月2026 13:11:46.287] [Render thread/DEBUG] [mixin/]: Mixing MixinShadowRenderer from mixins.iris.forge.json into net.irisshaders.iris.shadows.ShadowRenderer
[257月2026 13:11:46.287] [Render thread/DEBUG] [mixin/]: mixins.iris.forge.json:MixinShadowRenderer from mod iris: Class version 65 required is higher than the class version supported by the current version of Mixin (JAVA_8 supports class version 52)
[257月2026 13:11:46.290] [Render thread/DEBUG] [mixin/]: mixins.iris.forge.json:MixinShadowRenderer from mod iris->@Inject::init(Lorg/spongepowered/asm/mixin/injection/callback/CallbackInfo;)V doesn't use it's CallbackInfo
[257月2026 13:11:46.290] [Render thread/DEBUG] [mixin/]: mixins.iris.forge.json:MixinShadowRenderer from mod iris->@Inject::render(Lnet/irisshaders/iris/mixin/LevelRendererAccessor;Lnet/minecraft/client/Camera;Lorg/spongepowered/asm/mixin/injection/callback/CallbackInfo;)V doesn't use it's CallbackInfo
[257月2026 13:11:46.290] [Render thread/DEBUG] [mixin/]: mixins.iris.forge.json:MixinShadowRenderer from mod iris->@Inject::render(Lnet/irisshaders/iris/mixin/LevelRendererAccessor;Lnet/minecraft/client/Camera;Lorg/spongepowered/asm/mixin/injection/callback/CallbackInfo;)V has 0 override(s) in child classes
[257月2026 13:11:46.290] [Render thread/DEBUG] [mixin/]: mixins.iris.forge.json:MixinShadowRenderer from mod iris->@Inject::render(Lnet/irisshaders/iris/mixin/LevelRendererAccessor;Lnet/minecraft/client/Camera;Lorg/spongepowered/asm/mixin/injection/callback/CallbackInfo;)V won't be passed a CallbackInfo as a result
[257月2026 13:11:46.304] [Worker-Main-4/DEBUG] [mixin/]: Mixing texture.SpriteContentsFrameInfoAccessor from mixins.iris.json into net.minecraft.client.renderer.texture.SpriteContents$FrameInfo
[257月2026 13:11:46.304] [Worker-Main-4/DEBUG] [mixin/]: mixins.iris.json:texture.SpriteContentsFrameInfoAccessor from mod iris: Class version 65 required is higher than the class version supported by the current version of Mixin (JAVA_8 supports class version 52)
[257月2026 13:11:46.304] [Worker-Main-4/DEBUG] [mixin/]: Mixing features.textures.animations.tracking.SpriteContentsFrameInfoAccessor from sodium-common.mixins.json into net.minecraft.client.renderer.texture.SpriteContents$FrameInfo
[257月2026 13:11:46.304] [Worker-Main-4/DEBUG] [mixin/]: Mixing features.textures.animations.upload.SpriteContentsFrameInfoAccessor from sodium-common.mixins.json into net.minecraft.client.renderer.texture.SpriteContents$FrameInfo
[257月2026 13:11:46.305] [Worker-Main-4/DEBUG] [mixin/]: Unexpected: Registered method getTime()I in net.minecraft.client.renderer.texture.SpriteContents$FrameInfo was not merged
[257月2026 13:11:46.305] [Worker-Main-4/DEBUG] [mixin/]: Unexpected: Registered method getTime()I in net.minecraft.client.renderer.texture.SpriteContents$FrameInfo was not merged
[257月2026 13:11:46.305] [Worker-Main-4/DEBUG] [mixin/]: Unexpected: Registered method getIndex()I in net.minecraft.client.renderer.texture.SpriteContents$FrameInfo was not merged
[257月2026 13:11:46.317] [Render thread/INFO] [net.minecraft.client.Minecraft/]: Stopping!
[257月2026 13:11:46.332] [Render thread/DEBUG] [mixin/]: Mixing MixinGlRenderDevice from mixins.iris.compat.sodium.json into net.caffeinemc.mods.sodium.client.gl.device.GLRenderDevice$ImmediateDrawCommandList
[257月2026 13:11:46.332] [Render thread/DEBUG] [mixin/]: mixins.iris.compat.sodium.json:MixinGlRenderDevice from mod iris: Class version 65 required is higher than the class version supported by the current version of Mixin (JAVA_8 supports class version 52)
[257月2026 13:11:46.335] [Worker-Main-4/DEBUG] [mixin/]: Mixing features.textures.mipmaps.MipmapGeneratorMixin from sodium-common.mixins.json into net.minecraft.client.renderer.texture.MipmapGenerator
[257月2026 13:11:46.337] [Render thread/ERROR] [net.minecraft.client.Minecraft/]: Shutdown failure!
java.util.ConcurrentModificationException: null
	at java.base/java.util.HashMap.forEach(HashMap.java:1432) ~[?:?]
	at TRANSFORMER/minecraft@1.21.1/net.minecraft.client.renderer.texture.TextureManager.close(TextureManager.java:167) ~[neoforge-21.1.236.jar%23190!/:?]
	at TRANSFORMER/minecraft@1.21.1/net.minecraft.client.Minecraft.close(Minecraft.java:1128) ~[neoforge-21.1.236.jar%23190!/:?]
	at TRANSFORMER/minecraft@1.21.1/net.minecraft.client.Minecraft.destroy(Minecraft.java:1100) ~[neoforge-21.1.236.jar%23190!/:?]
	at TRANSFORMER/minecraft@1.21.1/net.minecraft.client.main.Main.main(Main.java:236) ~[neoforge-21.1.236.jar%23190!/:?]
	at java.base/jdk.internal.reflect.DirectMethodHandleAccessor.invoke(DirectMethodHandleAccessor.java:103) ~[?:?]
	at java.base/java.lang.reflect.Method.invoke(Method.java:580) ~[?:?]
	at MC-BOOTSTRAP/fml_loader@4.0.43/net.neoforged.fml.loading.targets.CommonLaunchHandler.runTarget(CommonLaunchHandler.java:136) ~[loader-4.0.43.jar%23140!/:4.0]
	at MC-BOOTSTRAP/fml_loader@4.0.43/net.neoforged.fml.loading.targets.CommonLaunchHandler.clientService(CommonLaunchHandler.java:124) ~[loader-4.0.43.jar%23140!/:4.0]
	at MC-BOOTSTRAP/fml_loader@4.0.43/net.neoforged.fml.loading.targets.NeoForgeClientDevLaunchHandler.runService(NeoForgeClientDevLaunchHandler.java:23) ~[loader-4.0.43.jar%23140!/:4.0]
	at MC-BOOTSTRAP/fml_loader@4.0.43/net.neoforged.fml.loading.targets.CommonLaunchHandler.lambda$launchService$4(CommonLaunchHandler.java:118) ~[loader-4.0.43.jar%23140!/:4.0]
	at MC-BOOTSTRAP/cpw.mods.modlauncher@11.0.5/cpw.mods.modlauncher.LaunchServiceHandlerDecorator.launch(LaunchServiceHandlerDecorator.java:30) [modlauncher-11.0.5.jar%23122!/:?]
	at MC-BOOTSTRAP/cpw.mods.modlauncher@11.0.5/cpw.mods.modlauncher.LaunchServiceHandler.launch(LaunchServiceHandler.java:53) [modlauncher-11.0.5.jar%23122!/:?]
	at MC-BOOTSTRAP/cpw.mods.modlauncher@11.0.5/cpw.mods.modlauncher.LaunchServiceHandler.launch(LaunchServiceHandler.java:71) [modlauncher-11.0.5.jar%23122!/:?]
	at MC-BOOTSTRAP/cpw.mods.modlauncher@11.0.5/cpw.mods.modlauncher.Launcher.run(Launcher.java:103) [modlauncher-11.0.5.jar%23122!/:?]
	at MC-BOOTSTRAP/cpw.mods.modlauncher@11.0.5/cpw.mods.modlauncher.Launcher.main(Launcher.java:74) [modlauncher-11.0.5.jar%23122!/:?]
	at MC-BOOTSTRAP/cpw.mods.modlauncher@11.0.5/cpw.mods.modlauncher.BootstrapLaunchConsumer.accept(BootstrapLaunchConsumer.java:26) [modlauncher-11.0.5.jar%23122!/:?]
	at MC-BOOTSTRAP/cpw.mods.modlauncher@11.0.5/cpw.mods.modlauncher.BootstrapLaunchConsumer.accept(BootstrapLaunchConsumer.java:23) [modlauncher-11.0.5.jar%23122!/:?]
	at cpw.mods.bootstraplauncher@2.0.2/cpw.mods.bootstraplauncher.BootstrapLauncher.run(BootstrapLauncher.java:210) [bootstraplauncher-2.0.2.jar:?]
	at cpw.mods.bootstraplauncher@2.0.2/cpw.mods.bootstraplauncher.BootstrapLauncher.main(BootstrapLauncher.java:69) [bootstraplauncher-2.0.2.jar:?]
	at java.base/jdk.internal.reflect.DirectMethodHandleAccessor.invoke(DirectMethodHandleAccessor.java:103) ~[?:?]
	at java.base/java.lang.reflect.Method.invoke(Method.java:580) ~[?:?]
	at net.neoforged.devlaunch.Main.main(Main.java:57) [DevLaunch-1.0.2.jar:?]
[257月2026 13:11:46.351] [Worker-Main-9/DEBUG] [mixin/]: Mixing texture.SpriteContentsAnimatedTextureAccessor from mixins.iris.json into net.minecraft.client.renderer.texture.SpriteContents$AnimatedTexture
[257月2026 13:11:46.351] [Worker-Main-9/DEBUG] [mixin/]: mixins.iris.json:texture.SpriteContentsAnimatedTextureAccessor from mod iris: Class version 65 required is higher than the class version supported by the current version of Mixin (JAVA_8 supports class version 52)
[257月2026 13:11:46.351] [Worker-Main-9/DEBUG] [mixin/]: Mixing features.textures.animations.tracking.AnimatedTextureAccessor from sodium-common.mixins.json into net.minecraft.client.renderer.texture.SpriteContents$AnimatedTexture
[257月2026 13:11:46.352] [Worker-Main-9/DEBUG] [mixin/]: Mixing features.textures.animations.upload.SpriteContentsAnimatedTextureAccessor from sodium-common.mixins.json into net.minecraft.client.renderer.texture.SpriteContents$AnimatedTexture
[257月2026 13:11:46.352] [Worker-Main-9/DEBUG] [mixin/]: Unexpected: Registered method getFrames()Ljava/util/List; in net.minecraft.client.renderer.texture.SpriteContents$AnimatedTexture was not merged
[257月2026 13:11:46.352] [Worker-Main-9/DEBUG] [mixin/]: Unexpected: Registered method getFrames()Ljava/util/List; in net.minecraft.client.renderer.texture.SpriteContents$AnimatedTexture was not merged
